# vsim -c -voptargs="+acc" work.eth_tb -coverage -classdebug -sv_seed random -uvmcontrol=all "+uvm_set_verbosity=uvm_test_top.m_env.*,_ALL_,UVM_MEDIUM,time,0" "+UVM_TESTNAME=eth_test_tx_ipgt" -onfinish stop -do "
#     run -all; 
#     coverage save $CODE_UCDB -codeAll -instance eth_tb.dut
#     coverage save $FUNC_UCDB -cvg -directive -assert
#     transcript file ""
#     " 
# Start time: 19:31:13 on Jul 16,2026
# ** Note: (vsim-3813) Design is being optimized due to module recompilation...
# ** Warning: (vopt-13408) Code coverage will be disabled for some DUs/packages/classes and source files.
# ** Warning: repo/tb/sequences/wb_s_seq/wb_s_basic_tx_seq.sv(209): (vopt-2240) Treating stand-alone use of function 'write' as an implicit VOID cast.
# ** Warning: repo/tb/scoreboards/eth_tx_scoreboard/eth_tx_scoreboard.sv(585): (vopt-2240) Treating stand-alone use of function 'pop_front' as an implicit VOID cast.
# ** Warning: repo/tb/scoreboards/eth_tx_scoreboard/eth_tx_scoreboard.sv(749): (vopt-2240) Treating stand-alone use of function 'pop_back' as an implicit VOID cast.
# ** Warning: repo/tb/scoreboards/eth_tx_scoreboard/eth_tx_scoreboard.sv(1568): (vopt-2240) Treating stand-alone use of function 'predict' as an implicit VOID cast.
# ** Warning: repo/tb/scoreboards/eth_tx_scoreboard/eth_tx_scoreboard.sv(1577): (vopt-2240) Treating stand-alone use of function 'predict' as an implicit VOID cast.
# ** Warning: repo/tb/scoreboards/eth_tx_scoreboard/eth_tx_scoreboard.sv(1586): (vopt-2240) Treating stand-alone use of function 'predict' as an implicit VOID cast.
# ** Warning: repo/tb/scoreboards/eth_tx_scoreboard/eth_tx_scoreboard.sv(1657): (vopt-2240) Treating stand-alone use of function 'predict' as an implicit VOID cast.
# ** Warning: repo/tb/top/eth_tb.sv(74): (vopt-2685) [TFMPC] - Too few port connections for 'dut'.  Expected 35, found 27.
# ** Warning: repo/tb/top/eth_tb.sv(74): (vopt-2718) [TFMPC] - Missing connection for port 'md_padoe_o'.
# ** Warning: repo/tb/top/eth_tb.sv(74): (vopt-2718) [TFMPC] - Missing connection for port 'md_pad_o'.
# ** Warning: repo/tb/top/eth_tb.sv(74): (vopt-2718) [TFMPC] - Missing connection for port 'md_pad_i'.
# ** Warning: repo/tb/top/eth_tb.sv(74): (vopt-2718) [TFMPC] - Missing connection for port 'mdc_pad_o'.
# ** Warning: repo/tb/top/eth_tb.sv(74): (vopt-2718) [TFMPC] - Missing connection for port 'mrxerr_pad_i'.
# ** Warning: repo/tb/top/eth_tb.sv(74): (vopt-2718) [TFMPC] - Missing connection for port 'mrxdv_pad_i'.
# ** Warning: repo/tb/top/eth_tb.sv(74): (vopt-2718) [TFMPC] - Missing connection for port 'mrxd_pad_i'.
# ** Warning: repo/tb/top/eth_tb.sv(74): (vopt-2718) [TFMPC] - Missing connection for port 'mrx_clk_pad_i'.
# ** Note: (vsim-12126) Error and warning message counts have been restored: Errors=0, Warnings=17.
# //  Questa Sim-64
# //  Version 2021.1 win64 Jan 19 2021
# //
# //  Copyright 1991-2021 Mentor Graphics Corporation
# //  All Rights Reserved.
# //
# //  QuestaSim and its associated documentation contain trade
# //  secrets and commercial or financial information that are the property of
# //  Mentor Graphics Corporation and are privileged, confidential,
# //  and exempt from disclosure under the Freedom of Information Act,
# //  5 U.S.C. Section 552. Furthermore, this information
# //  is prohibited from disclosure under the Trade Secrets Act,
# //  18 U.S.C. Section 1905.
# //
# Loading sv_std.std
# Loading work.wb_m_if(fast)
# Loading work.wb_s_if(fast)
# Loading work.mii_tx_if(fast)
# Loading mtiUvm.uvm_pkg(fast)
# Loading work.eth_glob_pkg(fast)
# Loading work.mii_rx_seq_item_pkg(fast)
# Loading work.mii_tx_seq_item_pkg(fast)
# Loading work.wb_m_seq_item_pkg(fast)
# Loading work.wb_s_seq_item_pkg(fast)
# Loading work.eth_ral_pkg(fast)
# Loading work.eth_cov_pkg(fast)
# Loading work.mdio_if(fast)
# Loading work.mii_rx_if(fast)
# Loading work.eth_config_pkg(fast)
# Loading work.eth_rx_scoreboard_pkg(fast)
# Loading work.eth_tx_scoreboard_pkg(fast)
# Loading work.mii_tx_seq_pkg(fast)
# Loading work.wb_s_seq_pkg(fast)
# Loading work.wb_m_agent_pkg(fast)
# Loading work.wb_m_seq_pkg(fast)
# Loading work.mii_rx_agent_pkg(fast)
# Loading work.mii_tx_agent_pkg(fast)
# Loading work.wb_s_agent_pkg(fast)
# Loading work.eth_v_seq_sqr_pkg(fast)
# Loading work.eth_env_pkg(fast)
# Loading work.eth_test_tx_pkg(fast)
# Loading mtiUvm.questa_uvm_pkg(fast)
# Loading work.eth_tb(fast)
# Loading work.wb_s_if(fast__2)
# Loading work.wb_m_if(fast__2)
# Loading work.mii_tx_if(fast__2)
# Loading work.mii_rx_if(fast__2)
# Loading work.eth_top(fast)
# Loading work.eth_miim(fast)
# Loading work.eth_clockgen(fast)
# Loading work.eth_shiftreg(fast)
# Loading work.eth_outputcontrol(fast)
# Loading work.eth_registers(fast)
# Loading work.eth_register(fast)
# Loading work.eth_register(fast__1)
# Loading work.eth_register(fast__2)
# Loading work.eth_register(fast__3)
# Loading work.eth_register(fast__4)
# Loading work.eth_register(fast__5)
# Loading work.eth_register(fast__6)
# Loading work.eth_register(fast__7)
# Loading work.eth_register(fast__8)
# Loading work.eth_register(fast__9)
# Loading work.eth_register(fast__10)
# Loading work.eth_register(fast__11)
# Loading work.eth_register(fast__12)
# Loading work.eth_register(fast__13)
# Loading work.eth_register(fast__14)
# Loading work.eth_maccontrol(fast)
# Loading work.eth_receivecontrol(fast)
# Loading work.eth_transmitcontrol(fast)
# Loading work.eth_txethmac(fast)
# Loading work.eth_txcounters(fast)
# Loading work.eth_txstatem(fast)
# Loading work.eth_crc(fast)
# Loading work.eth_random(fast)
# Loading work.eth_rxethmac(fast)
# Loading work.eth_rxstatem(fast)
# Loading work.eth_rxcounters(fast)
# Loading work.eth_rxaddrcheck(fast)
# Loading work.eth_crc(fast__1)
# Loading work.eth_wishbone(fast)
# Loading work.eth_spram_256x32(fast)
# Loading work.eth_fifo(fast)
# Loading work.eth_macstatus(fast)
# Loading D:/B/qsim_2021_1/uvm-1.1d\win64\uvm_dpi.dll
# Sv_Seed = 258001921
# 
#     run -all
# ----------------------------------------------------------------
# UVM-1.1d
# (C) 2007-2013 Mentor Graphics Corporation
# (C) 2007-2013 Cadence Design Systems, Inc.
# (C) 2006-2013 Synopsys, Inc.
# (C) 2011-2013 Cypress Semiconductor Corp.
# ----------------------------------------------------------------
# 
#   ***********       IMPORTANT RELEASE NOTES         ************
# 
#   You are using a version of the UVM library that has been compiled
#   with `UVM_NO_DEPRECATED undefined.
#   See http://www.eda.org/svdb/view.php?id=3313 for more details.
# 
#   You are using a version of the UVM library that has been compiled
#   with `UVM_OBJECT_MUST_HAVE_CONSTRUCTOR undefined.
#   See http://www.eda.org/svdb/view.php?id=3770 for more details.
# 
#       (Specify +UVM_NO_RELNOTES to turn off this notice)
# 
# UVM_INFO verilog_src/questa_uvm_pkg-1.2/src/questa_uvm_pkg.sv(277) @ 0: reporter [Questa UVM] QUESTA_UVM-1.2.3
# UVM_INFO verilog_src/questa_uvm_pkg-1.2/src/questa_uvm_pkg.sv(278) @ 0: reporter [Questa UVM]  questa_uvm::init(all)
# UVM_INFO @ 0: reporter [RNTST] Running test eth_test_tx_ipgt...
# UVM_INFO repo/tb/tests/eth_tests_tx/eth_test_tx_base.sv(22) @ 0: uvm_test_top [eth_test_tx_ipgt] start of build_phase
# ** Warning: (vsim-8547) After dropping the illegal, ignore or invalid values, the values list associated with fixed-size array sub bin 'regs[14]' in Coverpoint 'cp_reg' of Covergroup instance '\/eth_cov_pkg::eth_cov_tx::m_rw_bit_cov ' has converged to empty list. The sub bin will be taken out of coverage calculation.
#    Time: 0 ps  Iteration: 7  Region: /uvm_pkg::uvm_phase::m_run_phases
# ** Warning: (vsim-8547) After dropping the illegal, ignore or invalid values, the values list associated with fixed-size array sub bin 'regs[15]' in Coverpoint 'cp_reg' of Covergroup instance '\/eth_cov_pkg::eth_cov_tx::m_rw_bit_cov ' has converged to empty list. The sub bin will be taken out of coverage calculation.
#    Time: 0 ps  Iteration: 7  Region: /uvm_pkg::uvm_phase::m_run_phases
# ** Warning: (vsim-8547) After dropping the illegal, ignore or invalid values, the values list associated with fixed-size array sub bin 'regs[6]' in Coverpoint 'cp_reg' of Covergroup instance '\/eth_cov_pkg::eth_cov_tx::m_reserved_bit_cov ' has converged to empty list. The sub bin will be taken out of coverage calculation.
#    Time: 0 ps  Iteration: 7  Region: /uvm_pkg::uvm_phase::m_run_phases
# ** Warning: (vsim-8547) After dropping the illegal, ignore or invalid values, the values list associated with fixed-size array sub bin 'regs[16]' in Coverpoint 'cp_reg' of Covergroup instance '\/eth_cov_pkg::eth_cov_tx::m_reserved_bit_cov ' has converged to empty list. The sub bin will be taken out of coverage calculation.
#    Time: 0 ps  Iteration: 7  Region: /uvm_pkg::uvm_phase::m_run_phases
# ** Warning: (vsim-8547) After dropping the illegal, ignore or invalid values, the values list associated with fixed-size array sub bin 'regs[18]' in Coverpoint 'cp_reg' of Covergroup instance '\/eth_cov_pkg::eth_cov_tx::m_reserved_bit_cov ' has converged to empty list. The sub bin will be taken out of coverage calculation.
#    Time: 0 ps  Iteration: 7  Region: /uvm_pkg::uvm_phase::m_run_phases
# ** Warning: (vsim-8547) After dropping the illegal, ignore or invalid values, the values list associated with fixed-size array sub bin 'regs[19]' in Coverpoint 'cp_reg' of Covergroup instance '\/eth_cov_pkg::eth_cov_tx::m_reserved_bit_cov ' has converged to empty list. The sub bin will be taken out of coverage calculation.
#    Time: 0 ps  Iteration: 7  Region: /uvm_pkg::uvm_phase::m_run_phases
# UVM_INFO repo/tb/tests/eth_tests_tx/eth_test_tx_base.sv(59) @ 0: uvm_test_top [eth_test_tx_ipgt] start of sim phase
# ---------------------------------------------------------------------------------
# Name                          Type                                    Size  Value
# ---------------------------------------------------------------------------------
# uvm_test_top                  eth_test_tx_ipgt                        -     @488 
#   m_env                       eth_env_tx                              -     @508 
#     m_cov_tx                  eth_cov_tx                              -     @822 
#       mii_tx_export           uvm_analysis_export                     -     @986 
#         recording_detail      integral                                32    'd1  
#       mii_tx_fifo             uvm_tlm_analysis_fifo #(T)              -     @923 
#         analysis_export       uvm_analysis_imp                        -     @962 
#           recording_detail    integral                                32    'd1  
#         get_ap                uvm_analysis_port                       -     @954 
#           recording_detail    integral                                32    'd1  
#         get_peek_export       uvm_get_peek_imp                        -     @938 
#           recording_detail    integral                                32    'd1  
#         put_ap                uvm_analysis_port                       -     @946 
#           recording_detail    integral                                32    'd1  
#         put_export            uvm_put_imp                             -     @930 
#           recording_detail    integral                                32    'd1  
#         recording_detail      integral                                32    'd1  
#       wb_m_export             uvm_analysis_export                     -     @970 
#         recording_detail      integral                                32    'd1  
#       wb_m_fifo               uvm_tlm_analysis_fifo #(T)              -     @829 
#         analysis_export       uvm_analysis_imp                        -     @868 
#           recording_detail    integral                                32    'd1  
#         get_ap                uvm_analysis_port                       -     @860 
#           recording_detail    integral                                32    'd1  
#         get_peek_export       uvm_get_peek_imp                        -     @844 
#           recording_detail    integral                                32    'd1  
#         put_ap                uvm_analysis_port                       -     @852 
#           recording_detail    integral                                32    'd1  
#         put_export            uvm_put_imp                             -     @836 
#           recording_detail    integral                                32    'd1  
#         recording_detail      integral                                32    'd1  
#       wb_s_export             uvm_analysis_export                     -     @978 
#         recording_detail      integral                                32    'd1  
#       wb_s_fifo               uvm_tlm_analysis_fifo #(T)              -     @876 
#         analysis_export       uvm_analysis_imp                        -     @915 
#           recording_detail    integral                                32    'd1  
#         get_ap                uvm_analysis_port                       -     @907 
#           recording_detail    integral                                32    'd1  
#         get_peek_export       uvm_get_peek_imp                        -     @891 
#           recording_detail    integral                                32    'd1  
#         put_ap                uvm_analysis_port                       -     @899 
#           recording_detail    integral                                32    'd1  
#         put_export            uvm_put_imp                             -     @883 
#           recording_detail    integral                                32    'd1  
#         recording_detail      integral                                32    'd1  
#       recording_detail        integral                                32    'd1  
#     m_mii_tx_agent            mii_tx_agent                            -     @808 
#       agent_a_port            uvm_analysis_port                       -     @1135
#         recording_detail      integral                                32    'd1  
#       m_driver                mii_tx_driver_hd                        -     @996 
#         rsp_port              uvm_analysis_port                       -     @1011
#           recording_detail    integral                                32    'd1  
#         seq_item_port         uvm_seq_item_pull_port                  -     @1003
#           recording_detail    integral                                32    'd1  
#         recording_detail      integral                                32    'd1  
#       m_monitor               mii_tx_monitor_base                     -     @1128
#         monitor_tr_a_port     uvm_analysis_port                       -     @1143
#           recording_detail    integral                                32    'd1  
#         recording_detail      integral                                32    'd1  
#       m_sequencer             mii_tx_sequencer_base                   -     @1019
#         rsp_export            uvm_analysis_export                     -     @1026
#           recording_detail    integral                                32    'd1  
#         seq_item_export       uvm_seq_item_pull_imp                   -     @1120
#           recording_detail    integral                                32    'd1  
#         recording_detail      integral                                32    'd1  
#         arbitration_queue     array                                   0     -    
#         lock_queue            array                                   0     -    
#         num_last_reqs         integral                                32    'd1  
#         num_last_rsps         integral                                32    'd1  
#       recording_detail        integral                                32    'd1  
#     m_predictor               uvm_reg_predictor #(uvm_sequence_item)  -     @779 
#       bus_in                  uvm_analysis_imp                        -     @786 
#         recording_detail      integral                                32    'd1  
#       reg_ap                  uvm_analysis_port                       -     @794 
#         recording_detail      integral                                32    'd1  
#       recording_detail        integral                                32    'd1  
#     m_tx_sb                   eth_tx_scoreboard                       -     @815 
#       mii_tx_export           uvm_analysis_export                     -     @1258
#         recording_detail      integral                                32    'd1  
#       mii_tx_fifo             uvm_tlm_analysis_fifo #(T)              -     @1203
#         analysis_export       uvm_analysis_imp                        -     @1242
#           recording_detail    integral                                32    'd1  
#         get_ap                uvm_analysis_port                       -     @1234
#           recording_detail    integral                                32    'd1  
#         get_peek_export       uvm_get_peek_imp                        -     @1218
#           recording_detail    integral                                32    'd1  
#         put_ap                uvm_analysis_port                       -     @1226
#           recording_detail    integral                                32    'd1  
#         put_export            uvm_put_imp                             -     @1210
#           recording_detail    integral                                32    'd1  
#         recording_detail      integral                                32    'd1  
#       wb_m_export             uvm_analysis_export                     -     @1250
#         recording_detail      integral                                32    'd1  
#       wb_m_fifo               uvm_tlm_analysis_fifo #(T)              -     @1156
#         analysis_export       uvm_analysis_imp                        -     @1195
#           recording_detail    integral                                32    'd1  
#         get_ap                uvm_analysis_port                       -     @1187
#           recording_detail    integral                                32    'd1  
#         get_peek_export       uvm_get_peek_imp                        -     @1171
#           recording_detail    integral                                32    'd1  
#         put_ap                uvm_analysis_port                       -     @1179
#           recording_detail    integral                                32    'd1  
#         put_export            uvm_put_imp                             -     @1163
#           recording_detail    integral                                32    'd1  
#         recording_detail      integral                                32    'd1  
#       wb_s_imp                uvm_analysis_imp                        -     @1266
#         recording_detail      integral                                32    'd1  
#       recording_detail        integral                                32    'd1  
#     m_v_sqr                   eth_v_sequencer                         -     @522 
#       rsp_export              uvm_analysis_export                     -     @529 
#         recording_detail      integral                                32    'd1  
#       seq_item_export         uvm_seq_item_pull_imp                   -     @623 
#         recording_detail      integral                                32    'd1  
#       recording_detail        integral                                32    'd1  
#       arbitration_queue       array                                   0     -    
#       lock_queue              array                                   0     -    
#       num_last_reqs           integral                                32    'd1  
#       num_last_rsps           integral                                32    'd1  
#     m_wb_m_agent              wb_m_agent                              -     @638 
#       a_port                  uvm_analysis_port                       -     @1421
#         recording_detail      integral                                32    'd1  
#       m_driver                wb_m_driver_base                        -     @1391
#         rsp_port              uvm_analysis_port                       -     @1406
#           recording_detail    integral                                32    'd1  
#         seq_item_port         uvm_seq_item_pull_port                  -     @1398
#           recording_detail    integral                                32    'd1  
#         recording_detail      integral                                32    'd1  
#       m_monitor               wb_m_monitor_base                       -     @1414
#         request_a_port        uvm_analysis_port                       -     @1437
#           recording_detail    integral                                32    'd1  
#         transaction_a_port    uvm_analysis_port                       -     @1429
#           recording_detail    integral                                32    'd1  
#         recording_detail      integral                                32    'd1  
#       m_sequencer             wb_m_sequencer_base                     -     @1282
#         request_export        uvm_analysis_export                     -     @1497
#           recording_detail    integral                                32    'd1  
#         request_fifo          uvm_tlm_analysis_fifo #(T)              -     @1450
#           analysis_export     uvm_analysis_imp                        -     @1489
#             recording_detail  integral                                32    'd1  
#           get_ap              uvm_analysis_port                       -     @1481
#             recording_detail  integral                                32    'd1  
#           get_peek_export     uvm_get_peek_imp                        -     @1465
#             recording_detail  integral                                32    'd1  
#           put_ap              uvm_analysis_port                       -     @1473
#             recording_detail  integral                                32    'd1  
#           put_export          uvm_put_imp                             -     @1457
#             recording_detail  integral                                32    'd1  
#           recording_detail    integral                                32    'd1  
#         rsp_export            uvm_analysis_export                     -     @1289
#           recording_detail    integral                                32    'd1  
#         seq_item_export       uvm_seq_item_pull_imp                   -     @1383
#           recording_detail    integral                                32    'd1  
#         recording_detail      integral                                32    'd1  
#         arbitration_queue     array                                   0     -    
#         lock_queue            array                                   0     -    
#         num_last_reqs         integral                                32    'd1  
#         num_last_rsps         integral                                32    'd1  
#       recording_detail        integral                                32    'd1  
#     m_wb_s_agent              wb_s_agent                              -     @631 
#       a_port                  uvm_analysis_port                       -     @1650
#         recording_detail      integral                                32    'd1  
#       m_driver                wb_s_driver_base                        -     @1620
#         rsp_port              uvm_analysis_port                       -     @1635
#           recording_detail    integral                                32    'd1  
#         seq_item_port         uvm_seq_item_pull_port                  -     @1627
#           recording_detail    integral                                32    'd1  
#         recording_detail      integral                                32    'd1  
#       m_monitor               wb_s_monitor_base                       -     @1643
#         a_port                uvm_analysis_port                       -     @1660
#           recording_detail    integral                                32    'd1  
#         bd_status_ap          uvm_analysis_port                       -     @1668
#           recording_detail    integral                                32    'd1  
#         recording_detail      integral                                32    'd1  
#       m_sequencer             wb_s_sequencer_base                     -     @1511
#         rsp_export            uvm_analysis_export                     -     @1518
#           recording_detail    integral                                32    'd1  
#         seq_item_export       uvm_seq_item_pull_imp                   -     @1612
#           recording_detail    integral                                32    'd1  
#         recording_detail      integral                                32    'd1  
#         arbitration_queue     array                                   0     -    
#         lock_queue            array                                   0     -    
#         num_last_reqs         integral                                32    'd1  
#         num_last_rsps         integral                                32    'd1  
#       recording_detail        integral                                32    'd1  
#     recording_detail          integral                                32    'd1  
#   recording_detail            integral                                32    'd1  
# ---------------------------------------------------------------------------------
# 
#### Factory Configuration (*)
# 
# No instance overrides are registered with this factory
# 
# Type Overrides:
# 
#   Requested Type      Override Type      
#   ------------------  -------------------
#   wb_m_seq_base       wb_m_seq_wr_rd
#   wb_s_seq_base       wb_s_seq_tx_ipgt
#   mii_tx_driver_base  mii_tx_driver_hd
#   eth_v_seq_tx        eth_v_seq_tx_active
# 
# All types registered with the factory: 129 total
# (types without type names will not be printed)
# 
#   Type Name
#   ---------
#   bd_mem
#   dma_mem
#   eth_collconf_reg
#   eth_cov_tx
#   eth_ctrlmoder_reg
#   eth_env_base
#   eth_env_config_obj
#   eth_env_rx
#   eth_env_tx
#   eth_hash0_reg
#   eth_hash1_reg
#   eth_int_mask_reg
#   eth_int_source_reg
#   eth_ipgr1_reg
#   eth_ipgr2_reg
#   eth_ipgt_reg
#   eth_mac_addr0_reg
#   eth_mac_addr1_reg
#   eth_miiaddress_reg
#   eth_miicommand_reg
#   eth_miimoder_reg
#   eth_miirx_data_reg
#   eth_miistatus_reg
#   eth_miitx_data_reg
#   eth_moder_reg
#   eth_packetlen_reg
#   eth_reg_block
#   eth_rx_scoreboard
#   eth_test_tx_base
#   eth_test_tx_bd_num
#   eth_test_tx_dcrc
#   eth_test_tx_hugen
#   eth_test_tx_ipgt
#   eth_test_tx_moder
#   eth_test_tx_nopre
#   eth_test_tx_pad
#   eth_test_tx_smoke
#   eth_tx_bd_num_reg
#   eth_tx_scoreboard
#   eth_tx_scoreboard_config_obj
#   eth_txctrl_reg
#   eth_v_seq_base
#   eth_v_seq_tx
#   eth_v_seq_tx_active
#   eth_v_sequencer
#   eth_wb_adapter
#   mdio_config_obj
#   mii_rx_agent
#   mii_rx_config_obj
#   mii_rx_driver_base
#   mii_rx_monitor_base
#   mii_rx_seq_item
#   mii_rx_sequencer_base
#   mii_tx_agent
#   mii_tx_config_obj
#   mii_tx_driver_base
#   mii_tx_driver_hd
#   mii_tx_monitor_base
#   mii_tx_seq_base
#   mii_tx_seq_item_base
#   mii_tx_sequencer_base
#   questa_uvm_recorder
#   wb_m_agent
#   wb_m_config_obj
#   wb_m_driver_base
#   wb_m_monitor_base
#   wb_m_seq_base
#   wb_m_seq_item_base
#   wb_m_seq_smoke
#   wb_m_seq_wr_rd
#   wb_m_sequencer_base
#   wb_s_agent
#   wb_s_basic_tx_seq
#   wb_s_config_obj
#   wb_s_control_frame_tx_seq
#   wb_s_driver_base
#   wb_s_monitor_base
#   wb_s_seq_base
#   wb_s_seq_tx_bd_num
#   wb_s_seq_tx_dcrc
#   wb_s_seq_tx_hugen
#   wb_s_seq_tx_ipgt
#   wb_s_seq_tx_moder
#   wb_s_seq_tx_no_pre
#   wb_s_seq_tx_pad
#   wb_s_sequencer_base
# (*) Types with no associated type name will be printed as <unknown>
# 
####
# 
# **************************************************************************
# * Questa UVM Transaction Recording Turned ON.                            *
# * recording_detail has been set.                                         *
# *  To turn off, set 'recording_detail' to off:                           *
# * uvm_config_db#(int)            ::set(null, "", "recording_detail", 0); *
# * uvm_config_db#(uvm_bitstream_t)::set(null, "", "recording_detail", 0); *
# **************************************************************************
# ** Warning: (vsim-WLF-5000) WLF file currently in use: vsim.wlf
#           File in use by: mwael  Hostname: MOHAMMAD-LAPTOP  ProcessID: 9636
#           Attempting to use alternate WLF file "./wlftt4tibr".
# ** Warning: (vsim-WLF-5001) Could not open WLF file: vsim.wlf
#           Using alternate file: ./wlftt4tibr
# UVM_INFO repo/tb/scoreboards/eth_tx_scoreboard/eth_tx_scoreboard.sv(413) @ 0: uvm_test_top.m_env.m_tx_sb [eth_tx_scoreboard] Tx scoreboard raised objection
# UVM_INFO repo/tb/virtual_seq_sqr/eth_v_seq_tx.sv(15) @ 0: uvm_test_top.m_env.m_v_sqr@@m_v_seq_tx [eth_v_seq_tx_active] Executing virtual sequence
# UVM_INFO repo/tb/agents/wb_m/wb_m_monitor_base.sv(101) @ 50000: uvm_test_top.m_env.m_wb_m_agent.m_monitor [wb_m_monitor_base] Begin monitoring after reset deassertion
# UVM_INFO repo/tb/agents/mii_tx/mii_tx_monitor_base.sv(58) @ 50000: uvm_test_top.m_env.m_mii_tx_agent.m_monitor [mii_tx_monitor_base] Begin monitoring after reset deassertion
# UVM_INFO repo/tb/agents/mii_tx/mii_tx_driver_base.sv(56) @ 60000: uvm_test_top.m_env.m_mii_tx_agent.m_driver [DRIVER] Reset deasserted — starting stimulus
# UVM_INFO repo/tb/sequences/wb_s_seq/wb_s_basic_tx_seq.sv(247) @ 117500: uvm_test_top.m_env.m_wb_s_agent.m_sequencer@@m_wb_s_seq_base [TX_CONFIG]  Configuring TX BD[0] - LEN=0x004a, PTR=0xe152b3f8, IRQ=0, WR=0, PAD=1, CRC=0
# UVM_INFO repo/tb/sequences/wb_s_seq/wb_s_basic_tx_seq.sv(247) @ 197500: uvm_test_top.m_env.m_wb_s_agent.m_sequencer@@m_wb_s_seq_base [TX_CONFIG]  Configuring TX BD[1] - LEN=0x0042, PTR=0xffffffcc, IRQ=0, WR=0, PAD=0, CRC=1
# UVM_INFO repo/tb/sequences/wb_s_seq/wb_s_basic_tx_seq.sv(247) @ 277500: uvm_test_top.m_env.m_wb_s_agent.m_sequencer@@m_wb_s_seq_base [TX_CONFIG]  Configuring TX BD[2] - LEN=0x001d, PTR=0x4f9143b4, IRQ=0, WR=0, PAD=0, CRC=0
# UVM_INFO repo/tb/sequences/wb_s_seq/wb_s_basic_tx_seq.sv(247) @ 357500: uvm_test_top.m_env.m_wb_s_agent.m_sequencer@@m_wb_s_seq_base [TX_CONFIG]  Configuring TX BD[3] - LEN=0x005f, PTR=0x6262c440, IRQ=0, WR=1, PAD=0, CRC=0
# UVM_INFO repo/tb/sequences/wb_s_seq/wb_s_basic_tx_seq.sv(148) @ 357500: uvm_test_top.m_env.m_wb_s_agent.m_sequencer@@m_wb_s_seq_base [TX_CONFIG] Configuring TX registers
# UVM_INFO repo/tb/sequences/wb_s_seq/wb_s_basic_tx_seq.sv(200) @ 512500: uvm_test_top.m_env.m_wb_s_agent.m_sequencer@@m_wb_s_seq_base [TX_CONFIG] MODER: FULLD=1, TXEN=1, BDNUM = 4, NOPRE=0, CRCEN=1, PAD=1, HUGEN=0, NOBCKOF=0, EXDF=0, IPGT = 0, MAXFL = 1518, MINFL = 64
# UVM_INFO repo/tb/sequences/wb_s_seq/wb_s_seq_tx_ipgt.sv(63) @ 512500: uvm_test_top.m_env.m_wb_s_agent.m_sequencer@@m_wb_s_seq_base [wb_s_seq_tx_ipgt] TX BD Num configuration completed
# UVM_INFO repo/tb/scoreboards/eth_tx_scoreboard/eth_tx_scoreboard.sv(831) @ 512500: uvm_test_top.m_env.m_tx_sb [eth_tx_scoreboard] TXEN asserted
# UVM_INFO repo/tb/scoreboards/eth_tx_scoreboard/eth_tx_scoreboard.sv(1196) @ 512500: uvm_test_top.m_env.m_tx_sb [eth_tx_scoreboard] TX BD[0] LEN=74 RD=1 IRQ=0 WR=0 PAD=1 CRC=1 PTR=0xe152b3f8
# UVM_INFO repo/tb/virtual_seq_sqr/eth_v_seq_tx.sv(25) @ 512500: uvm_test_top.m_env.m_v_sqr@@m_v_seq_tx [eth_v_seq_tx_active] virtual sequence completed
# UVM_INFO repo/tb/virtual_seq_sqr/eth_v_seq_tx_active.sv(11) @ 512500: uvm_test_top.m_env.m_v_sqr@@m_v_seq_tx [eth_v_seq_tx_active] Executing virtual sequence
# UVM_INFO repo/tb/virtual_seq_sqr/eth_v_seq_tx_active.sv(18) @ 512500: uvm_test_top.m_env.m_v_sqr@@m_v_seq_tx [eth_v_seq_tx_active] virtual sequence completed
# UVM_INFO repo/tb/scoreboards/eth_tx_scoreboard/eth_tx_scoreboard.sv(1291) @ 860000: uvm_test_top.m_env.m_tx_sb [eth_tx_scoreboard] Comp_pack: MTXEN asserted
# UVM_INFO repo/tb/scoreboards/eth_tx_scoreboard/eth_tx_scoreboard.sv(916) @ 7708100: uvm_test_top.m_env.m_tx_sb [eth_tx_scoreboard] TX BD[0] completed
# UVM_INFO repo/tb/scoreboards/eth_tx_scoreboard/eth_tx_scoreboard.sv(1364) @ 7740000: uvm_test_top.m_env.m_tx_sb [eth_tx_scoreboard] Captured 86 bytes from MII
# UVM_INFO repo/tb/scoreboards/eth_tx_scoreboard/eth_tx_scoreboard.sv(1531) @ 7740000: uvm_test_top.m_env.m_tx_sb [eth_tx_scoreboard] Packet comparison PASSED (86 bytes)
# UVM_INFO repo/tb/scoreboards/eth_tx_scoreboard/eth_tx_scoreboard.sv(1196) @ 7741000: uvm_test_top.m_env.m_tx_sb [eth_tx_scoreboard] TX BD[1] LEN=66 RD=1 IRQ=0 WR=0 PAD=1 CRC=1 PTR=0xffffffcc
# UVM_INFO repo/tb/scoreboards/eth_tx_scoreboard/eth_tx_scoreboard.sv(1291) @ 8060000: uvm_test_top.m_env.m_tx_sb [eth_tx_scoreboard] Comp_pack: MTXEN asserted
# UVM_INFO repo/tb/scoreboards/eth_tx_scoreboard/eth_tx_scoreboard.sv(1764) @ 8060000: uvm_test_top.m_env.m_tx_sb [eth_tx_scoreboard] Measured IPGT = 8 MII clock cycles
# UVM_INFO repo/tb/scoreboards/eth_tx_scoreboard/eth_tx_scoreboard.sv(1801) @ 8060000: uvm_test_top.m_env.m_tx_sb [eth_tx_scoreboard] IPGT PASS (6 MII cycles)
# UVM_INFO repo/tb/scoreboards/eth_tx_scoreboard/eth_tx_scoreboard.sv(916) @ 14268100: uvm_test_top.m_env.m_tx_sb [eth_tx_scoreboard] TX BD[1] completed
# UVM_INFO repo/tb/scoreboards/eth_tx_scoreboard/eth_tx_scoreboard.sv(1364) @ 14300000: uvm_test_top.m_env.m_tx_sb [eth_tx_scoreboard] Captured 78 bytes from MII
# UVM_INFO repo/tb/scoreboards/eth_tx_scoreboard/eth_tx_scoreboard.sv(1531) @ 14300000: uvm_test_top.m_env.m_tx_sb [eth_tx_scoreboard] Packet comparison PASSED (78 bytes)
# UVM_INFO repo/tb/scoreboards/eth_tx_scoreboard/eth_tx_scoreboard.sv(1196) @ 14301000: uvm_test_top.m_env.m_tx_sb [eth_tx_scoreboard] TX BD[2] LEN=29 RD=1 IRQ=0 WR=0 PAD=1 CRC=1 PTR=0x4f9143b4
# UVM_INFO repo/tb/scoreboards/eth_tx_scoreboard/eth_tx_scoreboard.sv(684) @ 14301000: uvm_test_top.m_env.m_tx_sb [eth_tx_scoreboard] Added 31 padding bytes (frame length = 60)
# UVM_INFO repo/tb/scoreboards/eth_tx_scoreboard/eth_tx_scoreboard.sv(1291) @ 14580000: uvm_test_top.m_env.m_tx_sb [eth_tx_scoreboard] Comp_pack: MTXEN asserted
# UVM_INFO repo/tb/scoreboards/eth_tx_scoreboard/eth_tx_scoreboard.sv(1764) @ 14580000: uvm_test_top.m_env.m_tx_sb [eth_tx_scoreboard] Measured IPGT = 7 MII clock cycles
# UVM_INFO repo/tb/scoreboards/eth_tx_scoreboard/eth_tx_scoreboard.sv(1801) @ 14580000: uvm_test_top.m_env.m_tx_sb [eth_tx_scoreboard] IPGT PASS (6 MII cycles)
# UVM_INFO repo/tb/scoreboards/eth_tx_scoreboard/eth_tx_scoreboard.sv(916) @ 20308100: uvm_test_top.m_env.m_tx_sb [eth_tx_scoreboard] TX BD[2] completed
# UVM_INFO repo/tb/scoreboards/eth_tx_scoreboard/eth_tx_scoreboard.sv(1364) @ 20340000: uvm_test_top.m_env.m_tx_sb [eth_tx_scoreboard] Captured 72 bytes from MII
# UVM_INFO repo/tb/scoreboards/eth_tx_scoreboard/eth_tx_scoreboard.sv(1531) @ 20340000: uvm_test_top.m_env.m_tx_sb [eth_tx_scoreboard] Packet comparison PASSED (72 bytes)
# UVM_INFO repo/tb/scoreboards/eth_tx_scoreboard/eth_tx_scoreboard.sv(1196) @ 20341000: uvm_test_top.m_env.m_tx_sb [eth_tx_scoreboard] TX BD[3] LEN=95 RD=1 IRQ=0 WR=1 PAD=1 CRC=1 PTR=0x6262c440
# UVM_INFO repo/tb/scoreboards/eth_tx_scoreboard/eth_tx_scoreboard.sv(1291) @ 20660000: uvm_test_top.m_env.m_tx_sb [eth_tx_scoreboard] Comp_pack: MTXEN asserted
# UVM_INFO repo/tb/scoreboards/eth_tx_scoreboard/eth_tx_scoreboard.sv(1764) @ 20660000: uvm_test_top.m_env.m_tx_sb [eth_tx_scoreboard] Measured IPGT = 8 MII clock cycles
# UVM_INFO repo/tb/scoreboards/eth_tx_scoreboard/eth_tx_scoreboard.sv(1801) @ 20660000: uvm_test_top.m_env.m_tx_sb [eth_tx_scoreboard] IPGT PASS (6 MII cycles)
# UVM_INFO repo/tb/scoreboards/eth_tx_scoreboard/eth_tx_scoreboard.sv(916) @ 29188100: uvm_test_top.m_env.m_tx_sb [eth_tx_scoreboard] TX BD[3] completed
# UVM_INFO repo/tb/scoreboards/eth_tx_scoreboard/eth_tx_scoreboard.sv(1364) @ 29220000: uvm_test_top.m_env.m_tx_sb [eth_tx_scoreboard] Captured 107 bytes from MII
# UVM_INFO repo/tb/scoreboards/eth_tx_scoreboard/eth_tx_scoreboard.sv(1531) @ 29220000: uvm_test_top.m_env.m_tx_sb [eth_tx_scoreboard] Packet comparison PASSED (107 bytes)
# UVM_INFO repo/tb/scoreboards/eth_tx_scoreboard/eth_tx_scoreboard.sv(439) @ 29220200: uvm_test_top.m_env.m_tx_sb [eth_tx_scoreboard] Tx scoreboard dropped objection
# UVM_INFO verilog_src/uvm-1.1d/src/base/uvm_objection.svh(1267) @ 29220200: reporter [TEST_DONE] 'run' phase is ready to proceed to the 'extract' phase
# UVM_INFO repo/tb/agents/wb_m/wb_m_driver_base.sv(108) @ 29220200: uvm_test_top.m_env.m_wb_m_agent.m_driver [wb_m_driver_base] Drived 5834 active transactions
# UVM_INFO repo/tb/agents/wb_m/wb_m_monitor_base.sv(130) @ 29220200: uvm_test_top.m_env.m_wb_m_agent.m_monitor [wb_m_monitor_base] Monitored 5834 TRANSACTIONS
# 
# --- UVM Report Summary ---
# 
# ** Report counts by severity
# UVM_INFO :   52
# UVM_WARNING :    0
# UVM_ERROR :    0
# UVM_FATAL :    0
# ** Report counts by id
# [DRIVER]     1
# [Questa UVM]     2
# [RNTST]     1
# [TEST_DONE]     1
# [TX_CONFIG]     6
# [eth_test_tx_ipgt]     2
# [eth_tx_scoreboard]    30
# [eth_v_seq_tx_active]     4
# [mii_tx_monitor_base]     1
# [wb_m_driver_base]     1
# [wb_m_monitor_base]     2
# [wb_s_seq_tx_ipgt]     1
# ** Note: $finish    : D:/B/qsim_2021_1/win64/../verilog_src/uvm-1.1d/src/base/uvm_root.svh(430)
#    Time: 29220200 ps  Iteration: 57  Instance: /eth_tb
# Break in Task uvm_pkg/uvm_root::run_test at D:/B/qsim_2021_1/win64/../verilog_src/uvm-1.1d/src/base/uvm_root.svh line 430
# Stopped at D:/B/qsim_2021_1/win64/../verilog_src/uvm-1.1d/src/base/uvm_root.svh line 430
#  
#     coverage save $CODE_UCDB -codeAll -instance eth_tb.dut
#     coverage save $FUNC_UCDB -cvg -directive -assert
#     transcript file ""
#     

# End time: 19:32:10 on Jul 16,2026, Elapsed time: 0:00:57
# Errors: 0, Warnings: 25
# vsim -c -voptargs="+acc" work.eth_tb -coverage -classdebug -sv_seed random -uvmcontrol=all "+uvm_set_verbosity=uvm_test_top.m_env.*,_ALL_,UVM_MEDIUM,time,0" "+UVM_TESTNAME=eth_test_tx_ipgt" -onfinish stop -do "
#     run -all; 
#     coverage save $CODE_UCDB -codeAll -instance eth_tb.dut
#     coverage save $FUNC_UCDB -cvg -directive -assert
#     transcript file ""
#     " 
# Start time: 19:32:10 on Jul 16,2026
# ** Note: (vsim-8009) Loading existing optimized design _opt
# Loading sv_std.std
# Loading work.wb_m_if(fast)
# Loading work.wb_s_if(fast)
# Loading work.mii_tx_if(fast)
# Loading mtiUvm.uvm_pkg(fast)
# Loading work.eth_glob_pkg(fast)
# Loading work.mii_rx_seq_item_pkg(fast)
# Loading work.mii_tx_seq_item_pkg(fast)
# Loading work.wb_m_seq_item_pkg(fast)
# Loading work.wb_s_seq_item_pkg(fast)
# Loading work.eth_ral_pkg(fast)
# Loading work.eth_cov_pkg(fast)
# Loading work.mdio_if(fast)
# Loading work.mii_rx_if(fast)
# Loading work.eth_config_pkg(fast)
# Loading work.eth_rx_scoreboard_pkg(fast)
# Loading work.eth_tx_scoreboard_pkg(fast)
# Loading work.mii_tx_seq_pkg(fast)
# Loading work.wb_s_seq_pkg(fast)
# Loading work.wb_m_agent_pkg(fast)
# Loading work.wb_m_seq_pkg(fast)
# Loading work.mii_rx_agent_pkg(fast)
# Loading work.mii_tx_agent_pkg(fast)
# Loading work.wb_s_agent_pkg(fast)
# Loading work.eth_v_seq_sqr_pkg(fast)
# Loading work.eth_env_pkg(fast)
# Loading work.eth_test_tx_pkg(fast)
# Loading mtiUvm.questa_uvm_pkg(fast)
# Loading work.eth_tb(fast)
# Loading work.wb_s_if(fast__2)
# Loading work.wb_m_if(fast__2)
# Loading work.mii_tx_if(fast__2)
# Loading work.mii_rx_if(fast__2)
# Loading work.eth_top(fast)
# Loading work.eth_miim(fast)
# Loading work.eth_clockgen(fast)
# Loading work.eth_shiftreg(fast)
# Loading work.eth_outputcontrol(fast)
# Loading work.eth_registers(fast)
# Loading work.eth_register(fast)
# Loading work.eth_register(fast__1)
# Loading work.eth_register(fast__2)
# Loading work.eth_register(fast__3)
# Loading work.eth_register(fast__4)
# Loading work.eth_register(fast__5)
# Loading work.eth_register(fast__6)
# Loading work.eth_register(fast__7)
# Loading work.eth_register(fast__8)
# Loading work.eth_register(fast__9)
# Loading work.eth_register(fast__10)
# Loading work.eth_register(fast__11)
# Loading work.eth_register(fast__12)
# Loading work.eth_register(fast__13)
# Loading work.eth_register(fast__14)
# Loading work.eth_maccontrol(fast)
# Loading work.eth_receivecontrol(fast)
# Loading work.eth_transmitcontrol(fast)
# Loading work.eth_txethmac(fast)
# Loading work.eth_txcounters(fast)
# Loading work.eth_txstatem(fast)
# Loading work.eth_crc(fast)
# Loading work.eth_random(fast)
# Loading work.eth_rxethmac(fast)
# Loading work.eth_rxstatem(fast)
# Loading work.eth_rxcounters(fast)
# Loading work.eth_rxaddrcheck(fast)
# Loading work.eth_crc(fast__1)
# Loading work.eth_wishbone(fast)
# Loading work.eth_spram_256x32(fast)
# Loading work.eth_fifo(fast)
# Loading work.eth_macstatus(fast)
# Loading D:/B/qsim_2021_1/uvm-1.1d\win64\uvm_dpi.dll
# Sv_Seed = 717268869
# 
#     run -all
# ----------------------------------------------------------------
# UVM-1.1d
# (C) 2007-2013 Mentor Graphics Corporation
# (C) 2007-2013 Cadence Design Systems, Inc.
# (C) 2006-2013 Synopsys, Inc.
# (C) 2011-2013 Cypress Semiconductor Corp.
# ----------------------------------------------------------------
# 
#   ***********       IMPORTANT RELEASE NOTES         ************
# 
#   You are using a version of the UVM library that has been compiled
#   with `UVM_NO_DEPRECATED undefined.
#   See http://www.eda.org/svdb/view.php?id=3313 for more details.
# 
#   You are using a version of the UVM library that has been compiled
#   with `UVM_OBJECT_MUST_HAVE_CONSTRUCTOR undefined.
#   See http://www.eda.org/svdb/view.php?id=3770 for more details.
# 
#       (Specify +UVM_NO_RELNOTES to turn off this notice)
# 
# UVM_INFO verilog_src/questa_uvm_pkg-1.2/src/questa_uvm_pkg.sv(277) @ 0: reporter [Questa UVM] QUESTA_UVM-1.2.3
# UVM_INFO verilog_src/questa_uvm_pkg-1.2/src/questa_uvm_pkg.sv(278) @ 0: reporter [Questa UVM]  questa_uvm::init(all)
# UVM_INFO @ 0: reporter [RNTST] Running test eth_test_tx_ipgt...
# UVM_INFO repo/tb/tests/eth_tests_tx/eth_test_tx_base.sv(22) @ 0: uvm_test_top [eth_test_tx_ipgt] start of build_phase
# ** Warning: (vsim-8547) After dropping the illegal, ignore or invalid values, the values list associated with fixed-size array sub bin 'regs[14]' in Coverpoint 'cp_reg' of Covergroup instance '\/eth_cov_pkg::eth_cov_tx::m_rw_bit_cov ' has converged to empty list. The sub bin will be taken out of coverage calculation.
#    Time: 0 ps  Iteration: 7  Region: /uvm_pkg::uvm_phase::m_run_phases
# ** Warning: (vsim-8547) After dropping the illegal, ignore or invalid values, the values list associated with fixed-size array sub bin 'regs[15]' in Coverpoint 'cp_reg' of Covergroup instance '\/eth_cov_pkg::eth_cov_tx::m_rw_bit_cov ' has converged to empty list. The sub bin will be taken out of coverage calculation.
#    Time: 0 ps  Iteration: 7  Region: /uvm_pkg::uvm_phase::m_run_phases
# ** Warning: (vsim-8547) After dropping the illegal, ignore or invalid values, the values list associated with fixed-size array sub bin 'regs[6]' in Coverpoint 'cp_reg' of Covergroup instance '\/eth_cov_pkg::eth_cov_tx::m_reserved_bit_cov ' has converged to empty list. The sub bin will be taken out of coverage calculation.
#    Time: 0 ps  Iteration: 7  Region: /uvm_pkg::uvm_phase::m_run_phases
# ** Warning: (vsim-8547) After dropping the illegal, ignore or invalid values, the values list associated with fixed-size array sub bin 'regs[16]' in Coverpoint 'cp_reg' of Covergroup instance '\/eth_cov_pkg::eth_cov_tx::m_reserved_bit_cov ' has converged to empty list. The sub bin will be taken out of coverage calculation.
#    Time: 0 ps  Iteration: 7  Region: /uvm_pkg::uvm_phase::m_run_phases
# ** Warning: (vsim-8547) After dropping the illegal, ignore or invalid values, the values list associated with fixed-size array sub bin 'regs[18]' in Coverpoint 'cp_reg' of Covergroup instance '\/eth_cov_pkg::eth_cov_tx::m_reserved_bit_cov ' has converged to empty list. The sub bin will be taken out of coverage calculation.
#    Time: 0 ps  Iteration: 7  Region: /uvm_pkg::uvm_phase::m_run_phases
# ** Warning: (vsim-8547) After dropping the illegal, ignore or invalid values, the values list associated with fixed-size array sub bin 'regs[19]' in Coverpoint 'cp_reg' of Covergroup instance '\/eth_cov_pkg::eth_cov_tx::m_reserved_bit_cov ' has converged to empty list. The sub bin will be taken out of coverage calculation.
#    Time: 0 ps  Iteration: 7  Region: /uvm_pkg::uvm_phase::m_run_phases
# UVM_INFO repo/tb/tests/eth_tests_tx/eth_test_tx_base.sv(59) @ 0: uvm_test_top [eth_test_tx_ipgt] start of sim phase
# ---------------------------------------------------------------------------------
# Name                          Type                                    Size  Value
# ---------------------------------------------------------------------------------
# uvm_test_top                  eth_test_tx_ipgt                        -     @488 
#   m_env                       eth_env_tx                              -     @508 
#     m_cov_tx                  eth_cov_tx                              -     @822 
#       mii_tx_export           uvm_analysis_export                     -     @986 
#         recording_detail      integral                                32    'd1  
#       mii_tx_fifo             uvm_tlm_analysis_fifo #(T)              -     @923 
#         analysis_export       uvm_analysis_imp                        -     @962 
#           recording_detail    integral                                32    'd1  
#         get_ap                uvm_analysis_port                       -     @954 
#           recording_detail    integral                                32    'd1  
#         get_peek_export       uvm_get_peek_imp                        -     @938 
#           recording_detail    integral                                32    'd1  
#         put_ap                uvm_analysis_port                       -     @946 
#           recording_detail    integral                                32    'd1  
#         put_export            uvm_put_imp                             -     @930 
#           recording_detail    integral                                32    'd1  
#         recording_detail      integral                                32    'd1  
#       wb_m_export             uvm_analysis_export                     -     @970 
#         recording_detail      integral                                32    'd1  
#       wb_m_fifo               uvm_tlm_analysis_fifo #(T)              -     @829 
#         analysis_export       uvm_analysis_imp                        -     @868 
#           recording_detail    integral                                32    'd1  
#         get_ap                uvm_analysis_port                       -     @860 
#           recording_detail    integral                                32    'd1  
#         get_peek_export       uvm_get_peek_imp                        -     @844 
#           recording_detail    integral                                32    'd1  
#         put_ap                uvm_analysis_port                       -     @852 
#           recording_detail    integral                                32    'd1  
#         put_export            uvm_put_imp                             -     @836 
#           recording_detail    integral                                32    'd1  
#         recording_detail      integral                                32    'd1  
#       wb_s_export             uvm_analysis_export                     -     @978 
#         recording_detail      integral                                32    'd1  
#       wb_s_fifo               uvm_tlm_analysis_fifo #(T)              -     @876 
#         analysis_export       uvm_analysis_imp                        -     @915 
#           recording_detail    integral                                32    'd1  
#         get_ap                uvm_analysis_port                       -     @907 
#           recording_detail    integral                                32    'd1  
#         get_peek_export       uvm_get_peek_imp                        -     @891 
#           recording_detail    integral                                32    'd1  
#         put_ap                uvm_analysis_port                       -     @899 
#           recording_detail    integral                                32    'd1  
#         put_export            uvm_put_imp                             -     @883 
#           recording_detail    integral                                32    'd1  
#         recording_detail      integral                                32    'd1  
#       recording_detail        integral                                32    'd1  
#     m_mii_tx_agent            mii_tx_agent                            -     @808 
#       agent_a_port            uvm_analysis_port                       -     @1135
#         recording_detail      integral                                32    'd1  
#       m_driver                mii_tx_driver_hd                        -     @996 
#         rsp_port              uvm_analysis_port                       -     @1011
#           recording_detail    integral                                32    'd1  
#         seq_item_port         uvm_seq_item_pull_port                  -     @1003
#           recording_detail    integral                                32    'd1  
#         recording_detail      integral                                32    'd1  
#       m_monitor               mii_tx_monitor_base                     -     @1128
#         monitor_tr_a_port     uvm_analysis_port                       -     @1143
#           recording_detail    integral                                32    'd1  
#         recording_detail      integral                                32    'd1  
#       m_sequencer             mii_tx_sequencer_base                   -     @1019
#         rsp_export            uvm_analysis_export                     -     @1026
#           recording_detail    integral                                32    'd1  
#         seq_item_export       uvm_seq_item_pull_imp                   -     @1120
#           recording_detail    integral                                32    'd1  
#         recording_detail      integral                                32    'd1  
#         arbitration_queue     array                                   0     -    
#         lock_queue            array                                   0     -    
#         num_last_reqs         integral                                32    'd1  
#         num_last_rsps         integral                                32    'd1  
#       recording_detail        integral                                32    'd1  
#     m_predictor               uvm_reg_predictor #(uvm_sequence_item)  -     @779 
#       bus_in                  uvm_analysis_imp                        -     @786 
#         recording_detail      integral                                32    'd1  
#       reg_ap                  uvm_analysis_port                       -     @794 
#         recording_detail      integral                                32    'd1  
#       recording_detail        integral                                32    'd1  
#     m_tx_sb                   eth_tx_scoreboard                       -     @815 
#       mii_tx_export           uvm_analysis_export                     -     @1258
#         recording_detail      integral                                32    'd1  
#       mii_tx_fifo             uvm_tlm_analysis_fifo #(T)              -     @1203
#         analysis_export       uvm_analysis_imp                        -     @1242
#           recording_detail    integral                                32    'd1  
#         get_ap                uvm_analysis_port                       -     @1234
#           recording_detail    integral                                32    'd1  
#         get_peek_export       uvm_get_peek_imp                        -     @1218
#           recording_detail    integral                                32    'd1  
#         put_ap                uvm_analysis_port                       -     @1226
#           recording_detail    integral                                32    'd1  
#         put_export            uvm_put_imp                             -     @1210
#           recording_detail    integral                                32    'd1  
#         recording_detail      integral                                32    'd1  
#       wb_m_export             uvm_analysis_export                     -     @1250
#         recording_detail      integral                                32    'd1  
#       wb_m_fifo               uvm_tlm_analysis_fifo #(T)              -     @1156
#         analysis_export       uvm_analysis_imp                        -     @1195
#           recording_detail    integral                                32    'd1  
#         get_ap                uvm_analysis_port                       -     @1187
#           recording_detail    integral                                32    'd1  
#         get_peek_export       uvm_get_peek_imp                        -     @1171
#           recording_detail    integral                                32    'd1  
#         put_ap                uvm_analysis_port                       -     @1179
#           recording_detail    integral                                32    'd1  
#         put_export            uvm_put_imp                             -     @1163
#           recording_detail    integral                                32    'd1  
#         recording_detail      integral                                32    'd1  
#       wb_s_imp                uvm_analysis_imp                        -     @1266
#         recording_detail      integral                                32    'd1  
#       recording_detail        integral                                32    'd1  
#     m_v_sqr                   eth_v_sequencer                         -     @522 
#       rsp_export              uvm_analysis_export                     -     @529 
#         recording_detail      integral                                32    'd1  
#       seq_item_export         uvm_seq_item_pull_imp                   -     @623 
#         recording_detail      integral                                32    'd1  
#       recording_detail        integral                                32    'd1  
#       arbitration_queue       array                                   0     -    
#       lock_queue              array                                   0     -    
#       num_last_reqs           integral                                32    'd1  
#       num_last_rsps           integral                                32    'd1  
#     m_wb_m_agent              wb_m_agent                              -     @638 
#       a_port                  uvm_analysis_port                       -     @1421
#         recording_detail      integral                                32    'd1  
#       m_driver                wb_m_driver_base                        -     @1391
#         rsp_port              uvm_analysis_port                       -     @1406
#           recording_detail    integral                                32    'd1  
#         seq_item_port         uvm_seq_item_pull_port                  -     @1398
#           recording_detail    integral                                32    'd1  
#         recording_detail      integral                                32    'd1  
#       m_monitor               wb_m_monitor_base                       -     @1414
#         request_a_port        uvm_analysis_port                       -     @1437
#           recording_detail    integral                                32    'd1  
#         transaction_a_port    uvm_analysis_port                       -     @1429
#           recording_detail    integral                                32    'd1  
#         recording_detail      integral                                32    'd1  
#       m_sequencer             wb_m_sequencer_base                     -     @1282
#         request_export        uvm_analysis_export                     -     @1497
#           recording_detail    integral                                32    'd1  
#         request_fifo          uvm_tlm_analysis_fifo #(T)              -     @1450
#           analysis_export     uvm_analysis_imp                        -     @1489
#             recording_detail  integral                                32    'd1  
#           get_ap              uvm_analysis_port                       -     @1481
#             recording_detail  integral                                32    'd1  
#           get_peek_export     uvm_get_peek_imp                        -     @1465
#             recording_detail  integral                                32    'd1  
#           put_ap              uvm_analysis_port                       -     @1473
#             recording_detail  integral                                32    'd1  
#           put_export          uvm_put_imp                             -     @1457
#             recording_detail  integral                                32    'd1  
#           recording_detail    integral                                32    'd1  
#         rsp_export            uvm_analysis_export                     -     @1289
#           recording_detail    integral                                32    'd1  
#         seq_item_export       uvm_seq_item_pull_imp                   -     @1383
#           recording_detail    integral                                32    'd1  
#         recording_detail      integral                                32    'd1  
#         arbitration_queue     array                                   0     -    
#         lock_queue            array                                   0     -    
#         num_last_reqs         integral                                32    'd1  
#         num_last_rsps         integral                                32    'd1  
#       recording_detail        integral                                32    'd1  
#     m_wb_s_agent              wb_s_agent                              -     @631 
#       a_port                  uvm_analysis_port                       -     @1650
#         recording_detail      integral                                32    'd1  
#       m_driver                wb_s_driver_base                        -     @1620
#         rsp_port              uvm_analysis_port                       -     @1635
#           recording_detail    integral                                32    'd1  
#         seq_item_port         uvm_seq_item_pull_port                  -     @1627
#           recording_detail    integral                                32    'd1  
#         recording_detail      integral                                32    'd1  
#       m_monitor               wb_s_monitor_base                       -     @1643
#         a_port                uvm_analysis_port                       -     @1660
#           recording_detail    integral                                32    'd1  
#         bd_status_ap          uvm_analysis_port                       -     @1668
#           recording_detail    integral                                32    'd1  
#         recording_detail      integral                                32    'd1  
#       m_sequencer             wb_s_sequencer_base                     -     @1511
#         rsp_export            uvm_analysis_export                     -     @1518
#           recording_detail    integral                                32    'd1  
#         seq_item_export       uvm_seq_item_pull_imp                   -     @1612
#           recording_detail    integral                                32    'd1  
#         recording_detail      integral                                32    'd1  
#         arbitration_queue     array                                   0     -    
#         lock_queue            array                                   0     -    
#         num_last_reqs         integral                                32    'd1  
#         num_last_rsps         integral                                32    'd1  
#       recording_detail        integral                                32    'd1  
#     recording_detail          integral                                32    'd1  
#   recording_detail            integral                                32    'd1  
# ---------------------------------------------------------------------------------
# 
#### Factory Configuration (*)
# 
# No instance overrides are registered with this factory
# 
# Type Overrides:
# 
#   Requested Type      Override Type      
#   ------------------  -------------------
#   wb_m_seq_base       wb_m_seq_wr_rd
#   wb_s_seq_base       wb_s_seq_tx_ipgt
#   mii_tx_driver_base  mii_tx_driver_hd
#   eth_v_seq_tx        eth_v_seq_tx_active
# 
# All types registered with the factory: 129 total
# (types without type names will not be printed)
# 
#   Type Name
#   ---------
#   bd_mem
#   dma_mem
#   eth_collconf_reg
#   eth_cov_tx
#   eth_ctrlmoder_reg
#   eth_env_base
#   eth_env_config_obj
#   eth_env_rx
#   eth_env_tx
#   eth_hash0_reg
#   eth_hash1_reg
#   eth_int_mask_reg
#   eth_int_source_reg
#   eth_ipgr1_reg
#   eth_ipgr2_reg
#   eth_ipgt_reg
#   eth_mac_addr0_reg
#   eth_mac_addr1_reg
#   eth_miiaddress_reg
#   eth_miicommand_reg
#   eth_miimoder_reg
#   eth_miirx_data_reg
#   eth_miistatus_reg
#   eth_miitx_data_reg
#   eth_moder_reg
#   eth_packetlen_reg
#   eth_reg_block
#   eth_rx_scoreboard
#   eth_test_tx_base
#   eth_test_tx_bd_num
#   eth_test_tx_dcrc
#   eth_test_tx_hugen
#   eth_test_tx_ipgt
#   eth_test_tx_moder
#   eth_test_tx_nopre
#   eth_test_tx_pad
#   eth_test_tx_smoke
#   eth_tx_bd_num_reg
#   eth_tx_scoreboard
#   eth_tx_scoreboard_config_obj
#   eth_txctrl_reg
#   eth_v_seq_base
#   eth_v_seq_tx
#   eth_v_seq_tx_active
#   eth_v_sequencer
#   eth_wb_adapter
#   mdio_config_obj
#   mii_rx_agent
#   mii_rx_config_obj
#   mii_rx_driver_base
#   mii_rx_monitor_base
#   mii_rx_seq_item
#   mii_rx_sequencer_base
#   mii_tx_agent
#   mii_tx_config_obj
#   mii_tx_driver_base
#   mii_tx_driver_hd
#   mii_tx_monitor_base
#   mii_tx_seq_base
#   mii_tx_seq_item_base
#   mii_tx_sequencer_base
#   questa_uvm_recorder
#   wb_m_agent
#   wb_m_config_obj
#   wb_m_driver_base
#   wb_m_monitor_base
#   wb_m_seq_base
#   wb_m_seq_item_base
#   wb_m_seq_smoke
#   wb_m_seq_wr_rd
#   wb_m_sequencer_base
#   wb_s_agent
#   wb_s_basic_tx_seq
#   wb_s_config_obj
#   wb_s_control_frame_tx_seq
#   wb_s_driver_base
#   wb_s_monitor_base
#   wb_s_seq_base
#   wb_s_seq_tx_bd_num
#   wb_s_seq_tx_dcrc
#   wb_s_seq_tx_hugen
#   wb_s_seq_tx_ipgt
#   wb_s_seq_tx_moder
#   wb_s_seq_tx_no_pre
#   wb_s_seq_tx_pad
#   wb_s_sequencer_base
# (*) Types with no associated type name will be printed as <unknown>
# 
####
# 
# **************************************************************************
# * Questa UVM Transaction Recording Turned ON.                            *
# * recording_detail has been set.                                         *
# *  To turn off, set 'recording_detail' to off:                           *
# * uvm_config_db#(int)            ::set(null, "", "recording_detail", 0); *
# * uvm_config_db#(uvm_bitstream_t)::set(null, "", "recording_detail", 0); *
# **************************************************************************
# ** Warning: (vsim-WLF-5000) WLF file currently in use: vsim.wlf
#           File in use by: mwael  Hostname: MOHAMMAD-LAPTOP  ProcessID: 9636
#           Attempting to use alternate WLF file "./wlft9bxm90".
# ** Warning: (vsim-WLF-5001) Could not open WLF file: vsim.wlf
#           Using alternate file: ./wlft9bxm90
# UVM_INFO repo/tb/scoreboards/eth_tx_scoreboard/eth_tx_scoreboard.sv(413) @ 0: uvm_test_top.m_env.m_tx_sb [eth_tx_scoreboard] Tx scoreboard raised objection
# UVM_INFO repo/tb/virtual_seq_sqr/eth_v_seq_tx.sv(15) @ 0: uvm_test_top.m_env.m_v_sqr@@m_v_seq_tx [eth_v_seq_tx_active] Executing virtual sequence
# UVM_INFO repo/tb/agents/wb_m/wb_m_monitor_base.sv(101) @ 50000: uvm_test_top.m_env.m_wb_m_agent.m_monitor [wb_m_monitor_base] Begin monitoring after reset deassertion
# UVM_INFO repo/tb/agents/mii_tx/mii_tx_monitor_base.sv(58) @ 50000: uvm_test_top.m_env.m_mii_tx_agent.m_monitor [mii_tx_monitor_base] Begin monitoring after reset deassertion
# UVM_INFO repo/tb/agents/mii_tx/mii_tx_driver_base.sv(56) @ 60000: uvm_test_top.m_env.m_mii_tx_agent.m_driver [DRIVER] Reset deasserted — starting stimulus
# UVM_INFO repo/tb/sequences/wb_s_seq/wb_s_basic_tx_seq.sv(247) @ 117500: uvm_test_top.m_env.m_wb_s_agent.m_sequencer@@m_wb_s_seq_base [TX_CONFIG]  Configuring TX BD[0] - LEN=0x0012, PTR=0xd4288a90, IRQ=0, WR=0, PAD=1, CRC=0
# UVM_INFO repo/tb/sequences/wb_s_seq/wb_s_basic_tx_seq.sv(247) @ 197500: uvm_test_top.m_env.m_wb_s_agent.m_sequencer@@m_wb_s_seq_base [TX_CONFIG]  Configuring TX BD[1] - LEN=0x0044, PTR=0xe2db816c, IRQ=0, WR=0, PAD=1, CRC=1
# UVM_INFO repo/tb/sequences/wb_s_seq/wb_s_basic_tx_seq.sv(247) @ 277500: uvm_test_top.m_env.m_wb_s_agent.m_sequencer@@m_wb_s_seq_base [TX_CONFIG]  Configuring TX BD[2] - LEN=0x003b, PTR=0xf0e5bb9c, IRQ=0, WR=0, PAD=1, CRC=0
# UVM_INFO repo/tb/sequences/wb_s_seq/wb_s_basic_tx_seq.sv(247) @ 357500: uvm_test_top.m_env.m_wb_s_agent.m_sequencer@@m_wb_s_seq_base [TX_CONFIG]  Configuring TX BD[3] - LEN=0x0051, PTR=0xfa2aecc4, IRQ=0, WR=1, PAD=1, CRC=0
# UVM_INFO repo/tb/sequences/wb_s_seq/wb_s_basic_tx_seq.sv(148) @ 357500: uvm_test_top.m_env.m_wb_s_agent.m_sequencer@@m_wb_s_seq_base [TX_CONFIG] Configuring TX registers
# UVM_INFO repo/tb/sequences/wb_s_seq/wb_s_basic_tx_seq.sv(200) @ 512500: uvm_test_top.m_env.m_wb_s_agent.m_sequencer@@m_wb_s_seq_base [TX_CONFIG] MODER: FULLD=1, TXEN=1, BDNUM = 4, NOPRE=0, CRCEN=1, PAD=1, HUGEN=0, NOBCKOF=0, EXDF=0, IPGT = 32, MAXFL = 1518, MINFL = 64
# UVM_INFO repo/tb/sequences/wb_s_seq/wb_s_seq_tx_ipgt.sv(63) @ 512500: uvm_test_top.m_env.m_wb_s_agent.m_sequencer@@m_wb_s_seq_base [wb_s_seq_tx_ipgt] TX BD Num configuration completed
# UVM_INFO repo/tb/scoreboards/eth_tx_scoreboard/eth_tx_scoreboard.sv(831) @ 512500: uvm_test_top.m_env.m_tx_sb [eth_tx_scoreboard] TXEN asserted
# UVM_INFO repo/tb/scoreboards/eth_tx_scoreboard/eth_tx_scoreboard.sv(1196) @ 512500: uvm_test_top.m_env.m_tx_sb [eth_tx_scoreboard] TX BD[0] LEN=18 RD=1 IRQ=0 WR=0 PAD=1 CRC=1 PTR=0xd4288a90
# UVM_INFO repo/tb/scoreboards/eth_tx_scoreboard/eth_tx_scoreboard.sv(684) @ 512500: uvm_test_top.m_env.m_tx_sb [eth_tx_scoreboard] Added 42 padding bytes (frame length = 60)
# UVM_INFO repo/tb/virtual_seq_sqr/eth_v_seq_tx.sv(25) @ 512500: uvm_test_top.m_env.m_v_sqr@@m_v_seq_tx [eth_v_seq_tx_active] virtual sequence completed
# UVM_INFO repo/tb/virtual_seq_sqr/eth_v_seq_tx_active.sv(11) @ 512500: uvm_test_top.m_env.m_v_sqr@@m_v_seq_tx [eth_v_seq_tx_active] Executing virtual sequence
# UVM_INFO repo/tb/virtual_seq_sqr/eth_v_seq_tx_active.sv(18) @ 512500: uvm_test_top.m_env.m_v_sqr@@m_v_seq_tx [eth_v_seq_tx_active] virtual sequence completed
# UVM_INFO repo/tb/scoreboards/eth_tx_scoreboard/eth_tx_scoreboard.sv(1291) @ 1500000: uvm_test_top.m_env.m_tx_sb [eth_tx_scoreboard] Comp_pack: MTXEN asserted
# UVM_INFO repo/tb/scoreboards/eth_tx_scoreboard/eth_tx_scoreboard.sv(916) @ 7228100: uvm_test_top.m_env.m_tx_sb [eth_tx_scoreboard] TX BD[0] completed
# UVM_INFO repo/tb/scoreboards/eth_tx_scoreboard/eth_tx_scoreboard.sv(1364) @ 7260000: uvm_test_top.m_env.m_tx_sb [eth_tx_scoreboard] Captured 72 bytes from MII
# UVM_INFO repo/tb/scoreboards/eth_tx_scoreboard/eth_tx_scoreboard.sv(1531) @ 7260000: uvm_test_top.m_env.m_tx_sb [eth_tx_scoreboard] Packet comparison PASSED (72 bytes)
# UVM_INFO repo/tb/scoreboards/eth_tx_scoreboard/eth_tx_scoreboard.sv(1196) @ 7261000: uvm_test_top.m_env.m_tx_sb [eth_tx_scoreboard] TX BD[1] LEN=68 RD=1 IRQ=0 WR=0 PAD=1 CRC=1 PTR=0xe2db816c
# UVM_INFO repo/tb/scoreboards/eth_tx_scoreboard/eth_tx_scoreboard.sv(1291) @ 8660000: uvm_test_top.m_env.m_tx_sb [eth_tx_scoreboard] Comp_pack: MTXEN asserted
# UVM_INFO repo/tb/scoreboards/eth_tx_scoreboard/eth_tx_scoreboard.sv(1764) @ 8660000: uvm_test_top.m_env.m_tx_sb [eth_tx_scoreboard] Measured IPGT = 35 MII clock cycles
# UVM_ERROR repo/tb/scoreboards/eth_tx_scoreboard/eth_tx_scoreboard.sv(1786) @ 8660000: uvm_test_top.m_env.m_tx_sb [eth_tx_scoreboard] IPGT mismatch
#                     Mode           : Full Duplex
#                     Register IPGT  : 0x20
#                     Expected       : 38 MII cycles
#                     Measured       : 35 MII cycles
# UVM_INFO repo/tb/scoreboards/eth_tx_scoreboard/eth_tx_scoreboard.sv(916) @ 15028100: uvm_test_top.m_env.m_tx_sb [eth_tx_scoreboard] TX BD[1] completed
# UVM_INFO repo/tb/scoreboards/eth_tx_scoreboard/eth_tx_scoreboard.sv(1364) @ 15060000: uvm_test_top.m_env.m_tx_sb [eth_tx_scoreboard] Captured 80 bytes from MII
# UVM_INFO repo/tb/scoreboards/eth_tx_scoreboard/eth_tx_scoreboard.sv(1531) @ 15060000: uvm_test_top.m_env.m_tx_sb [eth_tx_scoreboard] Packet comparison PASSED (80 bytes)
# UVM_INFO repo/tb/scoreboards/eth_tx_scoreboard/eth_tx_scoreboard.sv(1196) @ 15061000: uvm_test_top.m_env.m_tx_sb [eth_tx_scoreboard] TX BD[2] LEN=59 RD=1 IRQ=0 WR=0 PAD=1 CRC=1 PTR=0xf0e5bb9c
# UVM_INFO repo/tb/scoreboards/eth_tx_scoreboard/eth_tx_scoreboard.sv(684) @ 15061000: uvm_test_top.m_env.m_tx_sb [eth_tx_scoreboard] Added 1 padding bytes (frame length = 60)
# UVM_INFO repo/tb/scoreboards/eth_tx_scoreboard/eth_tx_scoreboard.sv(1291) @ 16460000: uvm_test_top.m_env.m_tx_sb [eth_tx_scoreboard] Comp_pack: MTXEN asserted
# UVM_INFO repo/tb/scoreboards/eth_tx_scoreboard/eth_tx_scoreboard.sv(1764) @ 16460000: uvm_test_top.m_env.m_tx_sb [eth_tx_scoreboard] Measured IPGT = 35 MII clock cycles
# UVM_ERROR repo/tb/scoreboards/eth_tx_scoreboard/eth_tx_scoreboard.sv(1786) @ 16460000: uvm_test_top.m_env.m_tx_sb [eth_tx_scoreboard] IPGT mismatch
#                     Mode           : Full Duplex
#                     Register IPGT  : 0x20
#                     Expected       : 38 MII cycles
#                     Measured       : 35 MII cycles
# UVM_INFO repo/tb/scoreboards/eth_tx_scoreboard/eth_tx_scoreboard.sv(916) @ 22188100: uvm_test_top.m_env.m_tx_sb [eth_tx_scoreboard] TX BD[2] completed
# UVM_INFO repo/tb/scoreboards/eth_tx_scoreboard/eth_tx_scoreboard.sv(1364) @ 22220000: uvm_test_top.m_env.m_tx_sb [eth_tx_scoreboard] Captured 72 bytes from MII
# UVM_INFO repo/tb/scoreboards/eth_tx_scoreboard/eth_tx_scoreboard.sv(1531) @ 22220000: uvm_test_top.m_env.m_tx_sb [eth_tx_scoreboard] Packet comparison PASSED (72 bytes)
# UVM_INFO repo/tb/scoreboards/eth_tx_scoreboard/eth_tx_scoreboard.sv(1196) @ 22221000: uvm_test_top.m_env.m_tx_sb [eth_tx_scoreboard] TX BD[3] LEN=81 RD=1 IRQ=0 WR=1 PAD=1 CRC=1 PTR=0xfa2aecc4
# UVM_INFO repo/tb/scoreboards/eth_tx_scoreboard/eth_tx_scoreboard.sv(1291) @ 23620000: uvm_test_top.m_env.m_tx_sb [eth_tx_scoreboard] Comp_pack: MTXEN asserted
# UVM_INFO repo/tb/scoreboards/eth_tx_scoreboard/eth_tx_scoreboard.sv(1764) @ 23620000: uvm_test_top.m_env.m_tx_sb [eth_tx_scoreboard] Measured IPGT = 35 MII clock cycles
# UVM_ERROR repo/tb/scoreboards/eth_tx_scoreboard/eth_tx_scoreboard.sv(1786) @ 23620000: uvm_test_top.m_env.m_tx_sb [eth_tx_scoreboard] IPGT mismatch
#                     Mode           : Full Duplex
#                     Register IPGT  : 0x20
#                     Expected       : 38 MII cycles
#                     Measured       : 35 MII cycles
# UVM_INFO repo/tb/scoreboards/eth_tx_scoreboard/eth_tx_scoreboard.sv(916) @ 31028100: uvm_test_top.m_env.m_tx_sb [eth_tx_scoreboard] TX BD[3] completed
# UVM_INFO repo/tb/scoreboards/eth_tx_scoreboard/eth_tx_scoreboard.sv(1364) @ 31060000: uvm_test_top.m_env.m_tx_sb [eth_tx_scoreboard] Captured 93 bytes from MII
# UVM_INFO repo/tb/scoreboards/eth_tx_scoreboard/eth_tx_scoreboard.sv(1531) @ 31060000: uvm_test_top.m_env.m_tx_sb [eth_tx_scoreboard] Packet comparison PASSED (93 bytes)
# UVM_INFO repo/tb/scoreboards/eth_tx_scoreboard/eth_tx_scoreboard.sv(439) @ 31060200: uvm_test_top.m_env.m_tx_sb [eth_tx_scoreboard] Tx scoreboard dropped objection
# UVM_INFO verilog_src/uvm-1.1d/src/base/uvm_objection.svh(1267) @ 31060200: reporter [TEST_DONE] 'run' phase is ready to proceed to the 'extract' phase
# UVM_INFO repo/tb/agents/wb_m/wb_m_driver_base.sv(108) @ 31060200: uvm_test_top.m_env.m_wb_m_agent.m_driver [wb_m_driver_base] Drived 6202 active transactions
# UVM_INFO repo/tb/agents/wb_m/wb_m_monitor_base.sv(130) @ 31060200: uvm_test_top.m_env.m_wb_m_agent.m_monitor [wb_m_monitor_base] Monitored 6202 TRANSACTIONS
# 
# --- UVM Report Summary ---
# 
# ** Report counts by severity
# UVM_INFO :   50
# UVM_WARNING :    0
# UVM_ERROR :    3
# UVM_FATAL :    0
# ** Report counts by id
# [DRIVER]     1
# [Questa UVM]     2
# [RNTST]     1
# [TEST_DONE]     1
# [TX_CONFIG]     6
# [eth_test_tx_ipgt]     2
# [eth_tx_scoreboard]    31
# [eth_v_seq_tx_active]     4
# [mii_tx_monitor_base]     1
# [wb_m_driver_base]     1
# [wb_m_monitor_base]     2
# [wb_s_seq_tx_ipgt]     1
# ** Note: $finish    : D:/B/qsim_2021_1/win64/../verilog_src/uvm-1.1d/src/base/uvm_root.svh(430)
#    Time: 31060200 ps  Iteration: 57  Instance: /eth_tb
# Break in Task uvm_pkg/uvm_root::run_test at D:/B/qsim_2021_1/win64/../verilog_src/uvm-1.1d/src/base/uvm_root.svh line 430
# Stopped at D:/B/qsim_2021_1/win64/../verilog_src/uvm-1.1d/src/base/uvm_root.svh line 430
#  
#     coverage save $CODE_UCDB -codeAll -instance eth_tb.dut
#     coverage save $FUNC_UCDB -cvg -directive -assert
#     transcript file ""
#     

# End time: 19:33:04 on Jul 16,2026, Elapsed time: 0:00:54
# Errors: 0, Warnings: 8
# vsim -c -voptargs="+acc" work.eth_tb -coverage -classdebug -sv_seed random -uvmcontrol=all "+uvm_set_verbosity=uvm_test_top.m_env.*,_ALL_,UVM_MEDIUM,time,0" "+UVM_TESTNAME=eth_test_tx_ipgt" -onfinish stop -do "
#     run -all; 
#     coverage save $CODE_UCDB -codeAll -instance eth_tb.dut
#     coverage save $FUNC_UCDB -cvg -directive -assert
#     transcript file ""
#     " 
# Start time: 19:33:04 on Jul 16,2026
# ** Note: (vsim-8009) Loading existing optimized design _opt
# Loading sv_std.std
# Loading work.wb_m_if(fast)
# Loading work.wb_s_if(fast)
# Loading work.mii_tx_if(fast)
# Loading mtiUvm.uvm_pkg(fast)
# Loading work.eth_glob_pkg(fast)
# Loading work.mii_rx_seq_item_pkg(fast)
# Loading work.mii_tx_seq_item_pkg(fast)
# Loading work.wb_m_seq_item_pkg(fast)
# Loading work.wb_s_seq_item_pkg(fast)
# Loading work.eth_ral_pkg(fast)
# Loading work.eth_cov_pkg(fast)
# Loading work.mdio_if(fast)
# Loading work.mii_rx_if(fast)
# Loading work.eth_config_pkg(fast)
# Loading work.eth_rx_scoreboard_pkg(fast)
# Loading work.eth_tx_scoreboard_pkg(fast)
# Loading work.mii_tx_seq_pkg(fast)
# Loading work.wb_s_seq_pkg(fast)
# Loading work.wb_m_agent_pkg(fast)
# Loading work.wb_m_seq_pkg(fast)
# Loading work.mii_rx_agent_pkg(fast)
# Loading work.mii_tx_agent_pkg(fast)
# Loading work.wb_s_agent_pkg(fast)
# Loading work.eth_v_seq_sqr_pkg(fast)
# Loading work.eth_env_pkg(fast)
# Loading work.eth_test_tx_pkg(fast)
# Loading mtiUvm.questa_uvm_pkg(fast)
# Loading work.eth_tb(fast)
# Loading work.wb_s_if(fast__2)
# Loading work.wb_m_if(fast__2)
# Loading work.mii_tx_if(fast__2)
# Loading work.mii_rx_if(fast__2)
# Loading work.eth_top(fast)
# Loading work.eth_miim(fast)
# Loading work.eth_clockgen(fast)
# Loading work.eth_shiftreg(fast)
# Loading work.eth_outputcontrol(fast)
# Loading work.eth_registers(fast)
# Loading work.eth_register(fast)
# Loading work.eth_register(fast__1)
# Loading work.eth_register(fast__2)
# Loading work.eth_register(fast__3)
# Loading work.eth_register(fast__4)
# Loading work.eth_register(fast__5)
# Loading work.eth_register(fast__6)
# Loading work.eth_register(fast__7)
# Loading work.eth_register(fast__8)
# Loading work.eth_register(fast__9)
# Loading work.eth_register(fast__10)
# Loading work.eth_register(fast__11)
# Loading work.eth_register(fast__12)
# Loading work.eth_register(fast__13)
# Loading work.eth_register(fast__14)
# Loading work.eth_maccontrol(fast)
# Loading work.eth_receivecontrol(fast)
# Loading work.eth_transmitcontrol(fast)
# Loading work.eth_txethmac(fast)
# Loading work.eth_txcounters(fast)
# Loading work.eth_txstatem(fast)
# Loading work.eth_crc(fast)
# Loading work.eth_random(fast)
# Loading work.eth_rxethmac(fast)
# Loading work.eth_rxstatem(fast)
# Loading work.eth_rxcounters(fast)
# Loading work.eth_rxaddrcheck(fast)
# Loading work.eth_crc(fast__1)
# Loading work.eth_wishbone(fast)
# Loading work.eth_spram_256x32(fast)
# Loading work.eth_fifo(fast)
# Loading work.eth_macstatus(fast)
# Loading D:/B/qsim_2021_1/uvm-1.1d\win64\uvm_dpi.dll
# Sv_Seed = 337685953
# 
#     run -all
# ----------------------------------------------------------------
# UVM-1.1d
# (C) 2007-2013 Mentor Graphics Corporation
# (C) 2007-2013 Cadence Design Systems, Inc.
# (C) 2006-2013 Synopsys, Inc.
# (C) 2011-2013 Cypress Semiconductor Corp.
# ----------------------------------------------------------------
# 
#   ***********       IMPORTANT RELEASE NOTES         ************
# 
#   You are using a version of the UVM library that has been compiled
#   with `UVM_NO_DEPRECATED undefined.
#   See http://www.eda.org/svdb/view.php?id=3313 for more details.
# 
#   You are using a version of the UVM library that has been compiled
#   with `UVM_OBJECT_MUST_HAVE_CONSTRUCTOR undefined.
#   See http://www.eda.org/svdb/view.php?id=3770 for more details.
# 
#       (Specify +UVM_NO_RELNOTES to turn off this notice)
# 
# UVM_INFO verilog_src/questa_uvm_pkg-1.2/src/questa_uvm_pkg.sv(277) @ 0: reporter [Questa UVM] QUESTA_UVM-1.2.3
# UVM_INFO verilog_src/questa_uvm_pkg-1.2/src/questa_uvm_pkg.sv(278) @ 0: reporter [Questa UVM]  questa_uvm::init(all)
# UVM_INFO @ 0: reporter [RNTST] Running test eth_test_tx_ipgt...
# UVM_INFO repo/tb/tests/eth_tests_tx/eth_test_tx_base.sv(22) @ 0: uvm_test_top [eth_test_tx_ipgt] start of build_phase
# ** Warning: (vsim-8547) After dropping the illegal, ignore or invalid values, the values list associated with fixed-size array sub bin 'regs[14]' in Coverpoint 'cp_reg' of Covergroup instance '\/eth_cov_pkg::eth_cov_tx::m_rw_bit_cov ' has converged to empty list. The sub bin will be taken out of coverage calculation.
#    Time: 0 ps  Iteration: 7  Region: /uvm_pkg::uvm_phase::m_run_phases
# ** Warning: (vsim-8547) After dropping the illegal, ignore or invalid values, the values list associated with fixed-size array sub bin 'regs[15]' in Coverpoint 'cp_reg' of Covergroup instance '\/eth_cov_pkg::eth_cov_tx::m_rw_bit_cov ' has converged to empty list. The sub bin will be taken out of coverage calculation.
#    Time: 0 ps  Iteration: 7  Region: /uvm_pkg::uvm_phase::m_run_phases
# ** Warning: (vsim-8547) After dropping the illegal, ignore or invalid values, the values list associated with fixed-size array sub bin 'regs[6]' in Coverpoint 'cp_reg' of Covergroup instance '\/eth_cov_pkg::eth_cov_tx::m_reserved_bit_cov ' has converged to empty list. The sub bin will be taken out of coverage calculation.
#    Time: 0 ps  Iteration: 7  Region: /uvm_pkg::uvm_phase::m_run_phases
# ** Warning: (vsim-8547) After dropping the illegal, ignore or invalid values, the values list associated with fixed-size array sub bin 'regs[16]' in Coverpoint 'cp_reg' of Covergroup instance '\/eth_cov_pkg::eth_cov_tx::m_reserved_bit_cov ' has converged to empty list. The sub bin will be taken out of coverage calculation.
#    Time: 0 ps  Iteration: 7  Region: /uvm_pkg::uvm_phase::m_run_phases
# ** Warning: (vsim-8547) After dropping the illegal, ignore or invalid values, the values list associated with fixed-size array sub bin 'regs[18]' in Coverpoint 'cp_reg' of Covergroup instance '\/eth_cov_pkg::eth_cov_tx::m_reserved_bit_cov ' has converged to empty list. The sub bin will be taken out of coverage calculation.
#    Time: 0 ps  Iteration: 7  Region: /uvm_pkg::uvm_phase::m_run_phases
# ** Warning: (vsim-8547) After dropping the illegal, ignore or invalid values, the values list associated with fixed-size array sub bin 'regs[19]' in Coverpoint 'cp_reg' of Covergroup instance '\/eth_cov_pkg::eth_cov_tx::m_reserved_bit_cov ' has converged to empty list. The sub bin will be taken out of coverage calculation.
#    Time: 0 ps  Iteration: 7  Region: /uvm_pkg::uvm_phase::m_run_phases
# UVM_INFO repo/tb/tests/eth_tests_tx/eth_test_tx_base.sv(59) @ 0: uvm_test_top [eth_test_tx_ipgt] start of sim phase
# ---------------------------------------------------------------------------------
# Name                          Type                                    Size  Value
# ---------------------------------------------------------------------------------
# uvm_test_top                  eth_test_tx_ipgt                        -     @488 
#   m_env                       eth_env_tx                              -     @508 
#     m_cov_tx                  eth_cov_tx                              -     @822 
#       mii_tx_export           uvm_analysis_export                     -     @986 
#         recording_detail      integral                                32    'd1  
#       mii_tx_fifo             uvm_tlm_analysis_fifo #(T)              -     @923 
#         analysis_export       uvm_analysis_imp                        -     @962 
#           recording_detail    integral                                32    'd1  
#         get_ap                uvm_analysis_port                       -     @954 
#           recording_detail    integral                                32    'd1  
#         get_peek_export       uvm_get_peek_imp                        -     @938 
#           recording_detail    integral                                32    'd1  
#         put_ap                uvm_analysis_port                       -     @946 
#           recording_detail    integral                                32    'd1  
#         put_export            uvm_put_imp                             -     @930 
#           recording_detail    integral                                32    'd1  
#         recording_detail      integral                                32    'd1  
#       wb_m_export             uvm_analysis_export                     -     @970 
#         recording_detail      integral                                32    'd1  
#       wb_m_fifo               uvm_tlm_analysis_fifo #(T)              -     @829 
#         analysis_export       uvm_analysis_imp                        -     @868 
#           recording_detail    integral                                32    'd1  
#         get_ap                uvm_analysis_port                       -     @860 
#           recording_detail    integral                                32    'd1  
#         get_peek_export       uvm_get_peek_imp                        -     @844 
#           recording_detail    integral                                32    'd1  
#         put_ap                uvm_analysis_port                       -     @852 
#           recording_detail    integral                                32    'd1  
#         put_export            uvm_put_imp                             -     @836 
#           recording_detail    integral                                32    'd1  
#         recording_detail      integral                                32    'd1  
#       wb_s_export             uvm_analysis_export                     -     @978 
#         recording_detail      integral                                32    'd1  
#       wb_s_fifo               uvm_tlm_analysis_fifo #(T)              -     @876 
#         analysis_export       uvm_analysis_imp                        -     @915 
#           recording_detail    integral                                32    'd1  
#         get_ap                uvm_analysis_port                       -     @907 
#           recording_detail    integral                                32    'd1  
#         get_peek_export       uvm_get_peek_imp                        -     @891 
#           recording_detail    integral                                32    'd1  
#         put_ap                uvm_analysis_port                       -     @899 
#           recording_detail    integral                                32    'd1  
#         put_export            uvm_put_imp                             -     @883 
#           recording_detail    integral                                32    'd1  
#         recording_detail      integral                                32    'd1  
#       recording_detail        integral                                32    'd1  
#     m_mii_tx_agent            mii_tx_agent                            -     @808 
#       agent_a_port            uvm_analysis_port                       -     @1135
#         recording_detail      integral                                32    'd1  
#       m_driver                mii_tx_driver_hd                        -     @996 
#         rsp_port              uvm_analysis_port                       -     @1011
#           recording_detail    integral                                32    'd1  
#         seq_item_port         uvm_seq_item_pull_port                  -     @1003
#           recording_detail    integral                                32    'd1  
#         recording_detail      integral                                32    'd1  
#       m_monitor               mii_tx_monitor_base                     -     @1128
#         monitor_tr_a_port     uvm_analysis_port                       -     @1143
#           recording_detail    integral                                32    'd1  
#         recording_detail      integral                                32    'd1  
#       m_sequencer             mii_tx_sequencer_base                   -     @1019
#         rsp_export            uvm_analysis_export                     -     @1026
#           recording_detail    integral                                32    'd1  
#         seq_item_export       uvm_seq_item_pull_imp                   -     @1120
#           recording_detail    integral                                32    'd1  
#         recording_detail      integral                                32    'd1  
#         arbitration_queue     array                                   0     -    
#         lock_queue            array                                   0     -    
#         num_last_reqs         integral                                32    'd1  
#         num_last_rsps         integral                                32    'd1  
#       recording_detail        integral                                32    'd1  
#     m_predictor               uvm_reg_predictor #(uvm_sequence_item)  -     @779 
#       bus_in                  uvm_analysis_imp                        -     @786 
#         recording_detail      integral                                32    'd1  
#       reg_ap                  uvm_analysis_port                       -     @794 
#         recording_detail      integral                                32    'd1  
#       recording_detail        integral                                32    'd1  
#     m_tx_sb                   eth_tx_scoreboard                       -     @815 
#       mii_tx_export           uvm_analysis_export                     -     @1258
#         recording_detail      integral                                32    'd1  
#       mii_tx_fifo             uvm_tlm_analysis_fifo #(T)              -     @1203
#         analysis_export       uvm_analysis_imp                        -     @1242
#           recording_detail    integral                                32    'd1  
#         get_ap                uvm_analysis_port                       -     @1234
#           recording_detail    integral                                32    'd1  
#         get_peek_export       uvm_get_peek_imp                        -     @1218
#           recording_detail    integral                                32    'd1  
#         put_ap                uvm_analysis_port                       -     @1226
#           recording_detail    integral                                32    'd1  
#         put_export            uvm_put_imp                             -     @1210
#           recording_detail    integral                                32    'd1  
#         recording_detail      integral                                32    'd1  
#       wb_m_export             uvm_analysis_export                     -     @1250
#         recording_detail      integral                                32    'd1  
#       wb_m_fifo               uvm_tlm_analysis_fifo #(T)              -     @1156
#         analysis_export       uvm_analysis_imp                        -     @1195
#           recording_detail    integral                                32    'd1  
#         get_ap                uvm_analysis_port                       -     @1187
#           recording_detail    integral                                32    'd1  
#         get_peek_export       uvm_get_peek_imp                        -     @1171
#           recording_detail    integral                                32    'd1  
#         put_ap                uvm_analysis_port                       -     @1179
#           recording_detail    integral                                32    'd1  
#         put_export            uvm_put_imp                             -     @1163
#           recording_detail    integral                                32    'd1  
#         recording_detail      integral                                32    'd1  
#       wb_s_imp                uvm_analysis_imp                        -     @1266
#         recording_detail      integral                                32    'd1  
#       recording_detail        integral                                32    'd1  
#     m_v_sqr                   eth_v_sequencer                         -     @522 
#       rsp_export              uvm_analysis_export                     -     @529 
#         recording_detail      integral                                32    'd1  
#       seq_item_export         uvm_seq_item_pull_imp                   -     @623 
#         recording_detail      integral                                32    'd1  
#       recording_detail        integral                                32    'd1  
#       arbitration_queue       array                                   0     -    
#       lock_queue              array                                   0     -    
#       num_last_reqs           integral                                32    'd1  
#       num_last_rsps           integral                                32    'd1  
#     m_wb_m_agent              wb_m_agent                              -     @638 
#       a_port                  uvm_analysis_port                       -     @1421
#         recording_detail      integral                                32    'd1  
#       m_driver                wb_m_driver_base                        -     @1391
#         rsp_port              uvm_analysis_port                       -     @1406
#           recording_detail    integral                                32    'd1  
#         seq_item_port         uvm_seq_item_pull_port                  -     @1398
#           recording_detail    integral                                32    'd1  
#         recording_detail      integral                                32    'd1  
#       m_monitor               wb_m_monitor_base                       -     @1414
#         request_a_port        uvm_analysis_port                       -     @1437
#           recording_detail    integral                                32    'd1  
#         transaction_a_port    uvm_analysis_port                       -     @1429
#           recording_detail    integral                                32    'd1  
#         recording_detail      integral                                32    'd1  
#       m_sequencer             wb_m_sequencer_base                     -     @1282
#         request_export        uvm_analysis_export                     -     @1497
#           recording_detail    integral                                32    'd1  
#         request_fifo          uvm_tlm_analysis_fifo #(T)              -     @1450
#           analysis_export     uvm_analysis_imp                        -     @1489
#             recording_detail  integral                                32    'd1  
#           get_ap              uvm_analysis_port                       -     @1481
#             recording_detail  integral                                32    'd1  
#           get_peek_export     uvm_get_peek_imp                        -     @1465
#             recording_detail  integral                                32    'd1  
#           put_ap              uvm_analysis_port                       -     @1473
#             recording_detail  integral                                32    'd1  
#           put_export          uvm_put_imp                             -     @1457
#             recording_detail  integral                                32    'd1  
#           recording_detail    integral                                32    'd1  
#         rsp_export            uvm_analysis_export                     -     @1289
#           recording_detail    integral                                32    'd1  
#         seq_item_export       uvm_seq_item_pull_imp                   -     @1383
#           recording_detail    integral                                32    'd1  
#         recording_detail      integral                                32    'd1  
#         arbitration_queue     array                                   0     -    
#         lock_queue            array                                   0     -    
#         num_last_reqs         integral                                32    'd1  
#         num_last_rsps         integral                                32    'd1  
#       recording_detail        integral                                32    'd1  
#     m_wb_s_agent              wb_s_agent                              -     @631 
#       a_port                  uvm_analysis_port                       -     @1650
#         recording_detail      integral                                32    'd1  
#       m_driver                wb_s_driver_base                        -     @1620
#         rsp_port              uvm_analysis_port                       -     @1635
#           recording_detail    integral                                32    'd1  
#         seq_item_port         uvm_seq_item_pull_port                  -     @1627
#           recording_detail    integral                                32    'd1  
#         recording_detail      integral                                32    'd1  
#       m_monitor               wb_s_monitor_base                       -     @1643
#         a_port                uvm_analysis_port                       -     @1660
#           recording_detail    integral                                32    'd1  
#         bd_status_ap          uvm_analysis_port                       -     @1668
#           recording_detail    integral                                32    'd1  
#         recording_detail      integral                                32    'd1  
#       m_sequencer             wb_s_sequencer_base                     -     @1511
#         rsp_export            uvm_analysis_export                     -     @1518
#           recording_detail    integral                                32    'd1  
#         seq_item_export       uvm_seq_item_pull_imp                   -     @1612
#           recording_detail    integral                                32    'd1  
#         recording_detail      integral                                32    'd1  
#         arbitration_queue     array                                   0     -    
#         lock_queue            array                                   0     -    
#         num_last_reqs         integral                                32    'd1  
#         num_last_rsps         integral                                32    'd1  
#       recording_detail        integral                                32    'd1  
#     recording_detail          integral                                32    'd1  
#   recording_detail            integral                                32    'd1  
# ---------------------------------------------------------------------------------
# 
#### Factory Configuration (*)
# 
# No instance overrides are registered with this factory
# 
# Type Overrides:
# 
#   Requested Type      Override Type      
#   ------------------  -------------------
#   wb_m_seq_base       wb_m_seq_wr_rd
#   wb_s_seq_base       wb_s_seq_tx_ipgt
#   mii_tx_driver_base  mii_tx_driver_hd
#   eth_v_seq_tx        eth_v_seq_tx_active
# 
# All types registered with the factory: 129 total
# (types without type names will not be printed)
# 
#   Type Name
#   ---------
#   bd_mem
#   dma_mem
#   eth_collconf_reg
#   eth_cov_tx
#   eth_ctrlmoder_reg
#   eth_env_base
#   eth_env_config_obj
#   eth_env_rx
#   eth_env_tx
#   eth_hash0_reg
#   eth_hash1_reg
#   eth_int_mask_reg
#   eth_int_source_reg
#   eth_ipgr1_reg
#   eth_ipgr2_reg
#   eth_ipgt_reg
#   eth_mac_addr0_reg
#   eth_mac_addr1_reg
#   eth_miiaddress_reg
#   eth_miicommand_reg
#   eth_miimoder_reg
#   eth_miirx_data_reg
#   eth_miistatus_reg
#   eth_miitx_data_reg
#   eth_moder_reg
#   eth_packetlen_reg
#   eth_reg_block
#   eth_rx_scoreboard
#   eth_test_tx_base
#   eth_test_tx_bd_num
#   eth_test_tx_dcrc
#   eth_test_tx_hugen
#   eth_test_tx_ipgt
#   eth_test_tx_moder
#   eth_test_tx_nopre
#   eth_test_tx_pad
#   eth_test_tx_smoke
#   eth_tx_bd_num_reg
#   eth_tx_scoreboard
#   eth_tx_scoreboard_config_obj
#   eth_txctrl_reg
#   eth_v_seq_base
#   eth_v_seq_tx
#   eth_v_seq_tx_active
#   eth_v_sequencer
#   eth_wb_adapter
#   mdio_config_obj
#   mii_rx_agent
#   mii_rx_config_obj
#   mii_rx_driver_base
#   mii_rx_monitor_base
#   mii_rx_seq_item
#   mii_rx_sequencer_base
#   mii_tx_agent
#   mii_tx_config_obj
#   mii_tx_driver_base
#   mii_tx_driver_hd
#   mii_tx_monitor_base
#   mii_tx_seq_base
#   mii_tx_seq_item_base
#   mii_tx_sequencer_base
#   questa_uvm_recorder
#   wb_m_agent
#   wb_m_config_obj
#   wb_m_driver_base
#   wb_m_monitor_base
#   wb_m_seq_base
#   wb_m_seq_item_base
#   wb_m_seq_smoke
#   wb_m_seq_wr_rd
#   wb_m_sequencer_base
#   wb_s_agent
#   wb_s_basic_tx_seq
#   wb_s_config_obj
#   wb_s_control_frame_tx_seq
#   wb_s_driver_base
#   wb_s_monitor_base
#   wb_s_seq_base
#   wb_s_seq_tx_bd_num
#   wb_s_seq_tx_dcrc
#   wb_s_seq_tx_hugen
#   wb_s_seq_tx_ipgt
#   wb_s_seq_tx_moder
#   wb_s_seq_tx_no_pre
#   wb_s_seq_tx_pad
#   wb_s_sequencer_base
# (*) Types with no associated type name will be printed as <unknown>
# 
####
# 
# **************************************************************************
# * Questa UVM Transaction Recording Turned ON.                            *
# * recording_detail has been set.                                         *
# *  To turn off, set 'recording_detail' to off:                           *
# * uvm_config_db#(int)            ::set(null, "", "recording_detail", 0); *
# * uvm_config_db#(uvm_bitstream_t)::set(null, "", "recording_detail", 0); *
# **************************************************************************
# ** Warning: (vsim-WLF-5000) WLF file currently in use: vsim.wlf
#           File in use by: mwael  Hostname: MOHAMMAD-LAPTOP  ProcessID: 9636
#           Attempting to use alternate WLF file "./wlfti6290q".
# ** Warning: (vsim-WLF-5001) Could not open WLF file: vsim.wlf
#           Using alternate file: ./wlfti6290q
# UVM_INFO repo/tb/scoreboards/eth_tx_scoreboard/eth_tx_scoreboard.sv(413) @ 0: uvm_test_top.m_env.m_tx_sb [eth_tx_scoreboard] Tx scoreboard raised objection
# UVM_INFO repo/tb/virtual_seq_sqr/eth_v_seq_tx.sv(15) @ 0: uvm_test_top.m_env.m_v_sqr@@m_v_seq_tx [eth_v_seq_tx_active] Executing virtual sequence
# UVM_INFO repo/tb/agents/wb_m/wb_m_monitor_base.sv(101) @ 50000: uvm_test_top.m_env.m_wb_m_agent.m_monitor [wb_m_monitor_base] Begin monitoring after reset deassertion
# UVM_INFO repo/tb/agents/mii_tx/mii_tx_monitor_base.sv(58) @ 50000: uvm_test_top.m_env.m_mii_tx_agent.m_monitor [mii_tx_monitor_base] Begin monitoring after reset deassertion
# UVM_INFO repo/tb/agents/mii_tx/mii_tx_driver_base.sv(56) @ 60000: uvm_test_top.m_env.m_mii_tx_agent.m_driver [DRIVER] Reset deasserted — starting stimulus
# UVM_INFO repo/tb/sequences/wb_s_seq/wb_s_basic_tx_seq.sv(247) @ 117500: uvm_test_top.m_env.m_wb_s_agent.m_sequencer@@m_wb_s_seq_base [TX_CONFIG]  Configuring TX BD[0] - LEN=0x0011, PTR=0xac199774, IRQ=0, WR=0, PAD=1, CRC=1
# UVM_INFO repo/tb/sequences/wb_s_seq/wb_s_basic_tx_seq.sv(247) @ 197500: uvm_test_top.m_env.m_wb_s_agent.m_sequencer@@m_wb_s_seq_base [TX_CONFIG]  Configuring TX BD[1] - LEN=0x003f, PTR=0xd6bca18c, IRQ=0, WR=0, PAD=1, CRC=0
# UVM_INFO repo/tb/sequences/wb_s_seq/wb_s_basic_tx_seq.sv(247) @ 277500: uvm_test_top.m_env.m_wb_s_agent.m_sequencer@@m_wb_s_seq_base [TX_CONFIG]  Configuring TX BD[2] - LEN=0x001e, PTR=0xf81f4e00, IRQ=0, WR=0, PAD=1, CRC=1
# UVM_INFO repo/tb/sequences/wb_s_seq/wb_s_basic_tx_seq.sv(247) @ 357500: uvm_test_top.m_env.m_wb_s_agent.m_sequencer@@m_wb_s_seq_base [TX_CONFIG]  Configuring TX BD[3] - LEN=0x0061, PTR=0xf9c80928, IRQ=0, WR=1, PAD=1, CRC=0
# UVM_INFO repo/tb/sequences/wb_s_seq/wb_s_basic_tx_seq.sv(148) @ 357500: uvm_test_top.m_env.m_wb_s_agent.m_sequencer@@m_wb_s_seq_base [TX_CONFIG] Configuring TX registers
# UVM_INFO repo/tb/sequences/wb_s_seq/wb_s_basic_tx_seq.sv(200) @ 512500: uvm_test_top.m_env.m_wb_s_agent.m_sequencer@@m_wb_s_seq_base [TX_CONFIG] MODER: FULLD=0, TXEN=1, BDNUM = 4, NOPRE=0, CRCEN=1, PAD=1, HUGEN=0, NOBCKOF=0, EXDF=0, IPGT = 0, MAXFL = 1518, MINFL = 64
# UVM_INFO repo/tb/sequences/wb_s_seq/wb_s_seq_tx_ipgt.sv(63) @ 512500: uvm_test_top.m_env.m_wb_s_agent.m_sequencer@@m_wb_s_seq_base [wb_s_seq_tx_ipgt] TX BD Num configuration completed
# UVM_INFO repo/tb/scoreboards/eth_tx_scoreboard/eth_tx_scoreboard.sv(831) @ 512500: uvm_test_top.m_env.m_tx_sb [eth_tx_scoreboard] TXEN asserted
# UVM_INFO repo/tb/scoreboards/eth_tx_scoreboard/eth_tx_scoreboard.sv(1196) @ 512500: uvm_test_top.m_env.m_tx_sb [eth_tx_scoreboard] TX BD[0] LEN=17 RD=1 IRQ=0 WR=0 PAD=1 CRC=1 PTR=0xac199774
# UVM_INFO repo/tb/scoreboards/eth_tx_scoreboard/eth_tx_scoreboard.sv(684) @ 512500: uvm_test_top.m_env.m_tx_sb [eth_tx_scoreboard] Added 43 padding bytes (frame length = 60)
# UVM_INFO repo/tb/virtual_seq_sqr/eth_v_seq_tx.sv(25) @ 512500: uvm_test_top.m_env.m_v_sqr@@m_v_seq_tx [eth_v_seq_tx_active] virtual sequence completed
# UVM_INFO repo/tb/virtual_seq_sqr/eth_v_seq_tx_active.sv(11) @ 512500: uvm_test_top.m_env.m_v_sqr@@m_v_seq_tx [eth_v_seq_tx_active] Executing virtual sequence
# UVM_INFO repo/tb/virtual_seq_sqr/eth_v_seq_tx_active.sv(18) @ 512500: uvm_test_top.m_env.m_v_sqr@@m_v_seq_tx [eth_v_seq_tx_active] virtual sequence completed
# UVM_INFO repo/tb/scoreboards/eth_tx_scoreboard/eth_tx_scoreboard.sv(1291) @ 940000: uvm_test_top.m_env.m_tx_sb [eth_tx_scoreboard] Comp_pack: MTXEN asserted
# UVM_INFO repo/tb/scoreboards/eth_tx_scoreboard/eth_tx_scoreboard.sv(916) @ 6668100: uvm_test_top.m_env.m_tx_sb [eth_tx_scoreboard] TX BD[0] completed
# UVM_INFO repo/tb/scoreboards/eth_tx_scoreboard/eth_tx_scoreboard.sv(1364) @ 6700000: uvm_test_top.m_env.m_tx_sb [eth_tx_scoreboard] Captured 72 bytes from MII
# UVM_INFO repo/tb/scoreboards/eth_tx_scoreboard/eth_tx_scoreboard.sv(1531) @ 6700000: uvm_test_top.m_env.m_tx_sb [eth_tx_scoreboard] Packet comparison PASSED (72 bytes)
# UVM_INFO repo/tb/scoreboards/eth_tx_scoreboard/eth_tx_scoreboard.sv(1196) @ 6701000: uvm_test_top.m_env.m_tx_sb [eth_tx_scoreboard] TX BD[1] LEN=63 RD=1 IRQ=0 WR=0 PAD=1 CRC=1 PTR=0xd6bca18c
# UVM_INFO repo/tb/scoreboards/eth_tx_scoreboard/eth_tx_scoreboard.sv(1291) @ 7060000: uvm_test_top.m_env.m_tx_sb [eth_tx_scoreboard] Comp_pack: MTXEN asserted
# UVM_INFO repo/tb/scoreboards/eth_tx_scoreboard/eth_tx_scoreboard.sv(1764) @ 7060000: uvm_test_top.m_env.m_tx_sb [eth_tx_scoreboard] Measured IPGT = 9 MII clock cycles
# UVM_INFO repo/tb/scoreboards/eth_tx_scoreboard/eth_tx_scoreboard.sv(1801) @ 7060000: uvm_test_top.m_env.m_tx_sb [eth_tx_scoreboard] IPGT PASS (3 MII cycles)
# UVM_INFO repo/tb/scoreboards/eth_tx_scoreboard/eth_tx_scoreboard.sv(916) @ 13028100: uvm_test_top.m_env.m_tx_sb [eth_tx_scoreboard] TX BD[1] completed
# UVM_INFO repo/tb/scoreboards/eth_tx_scoreboard/eth_tx_scoreboard.sv(1364) @ 13060000: uvm_test_top.m_env.m_tx_sb [eth_tx_scoreboard] Captured 75 bytes from MII
# UVM_INFO repo/tb/scoreboards/eth_tx_scoreboard/eth_tx_scoreboard.sv(1531) @ 13060000: uvm_test_top.m_env.m_tx_sb [eth_tx_scoreboard] Packet comparison PASSED (75 bytes)
# UVM_INFO repo/tb/scoreboards/eth_tx_scoreboard/eth_tx_scoreboard.sv(1196) @ 13061000: uvm_test_top.m_env.m_tx_sb [eth_tx_scoreboard] TX BD[2] LEN=30 RD=1 IRQ=0 WR=0 PAD=1 CRC=1 PTR=0xf81f4e00
# UVM_INFO repo/tb/scoreboards/eth_tx_scoreboard/eth_tx_scoreboard.sv(684) @ 13061000: uvm_test_top.m_env.m_tx_sb [eth_tx_scoreboard] Added 30 padding bytes (frame length = 60)
# UVM_INFO repo/tb/scoreboards/eth_tx_scoreboard/eth_tx_scoreboard.sv(1291) @ 13340000: uvm_test_top.m_env.m_tx_sb [eth_tx_scoreboard] Comp_pack: MTXEN asserted
# UVM_INFO repo/tb/scoreboards/eth_tx_scoreboard/eth_tx_scoreboard.sv(1764) @ 13340000: uvm_test_top.m_env.m_tx_sb [eth_tx_scoreboard] Measured IPGT = 7 MII clock cycles
# UVM_INFO repo/tb/scoreboards/eth_tx_scoreboard/eth_tx_scoreboard.sv(1801) @ 13340000: uvm_test_top.m_env.m_tx_sb [eth_tx_scoreboard] IPGT PASS (3 MII cycles)
# UVM_INFO repo/tb/scoreboards/eth_tx_scoreboard/eth_tx_scoreboard.sv(916) @ 19068100: uvm_test_top.m_env.m_tx_sb [eth_tx_scoreboard] TX BD[2] completed
# UVM_INFO repo/tb/scoreboards/eth_tx_scoreboard/eth_tx_scoreboard.sv(1364) @ 19100000: uvm_test_top.m_env.m_tx_sb [eth_tx_scoreboard] Captured 72 bytes from MII
# UVM_INFO repo/tb/scoreboards/eth_tx_scoreboard/eth_tx_scoreboard.sv(1531) @ 19100000: uvm_test_top.m_env.m_tx_sb [eth_tx_scoreboard] Packet comparison PASSED (72 bytes)
# UVM_INFO repo/tb/scoreboards/eth_tx_scoreboard/eth_tx_scoreboard.sv(1196) @ 19101000: uvm_test_top.m_env.m_tx_sb [eth_tx_scoreboard] TX BD[3] LEN=97 RD=1 IRQ=0 WR=1 PAD=1 CRC=1 PTR=0xf9c80928
# UVM_INFO repo/tb/scoreboards/eth_tx_scoreboard/eth_tx_scoreboard.sv(1291) @ 19420000: uvm_test_top.m_env.m_tx_sb [eth_tx_scoreboard] Comp_pack: MTXEN asserted
# UVM_INFO repo/tb/scoreboards/eth_tx_scoreboard/eth_tx_scoreboard.sv(1764) @ 19420000: uvm_test_top.m_env.m_tx_sb [eth_tx_scoreboard] Measured IPGT = 8 MII clock cycles
# UVM_INFO repo/tb/scoreboards/eth_tx_scoreboard/eth_tx_scoreboard.sv(1801) @ 19420000: uvm_test_top.m_env.m_tx_sb [eth_tx_scoreboard] IPGT PASS (3 MII cycles)
# UVM_INFO repo/tb/scoreboards/eth_tx_scoreboard/eth_tx_scoreboard.sv(916) @ 28108100: uvm_test_top.m_env.m_tx_sb [eth_tx_scoreboard] TX BD[3] completed
# UVM_INFO repo/tb/scoreboards/eth_tx_scoreboard/eth_tx_scoreboard.sv(1364) @ 28140000: uvm_test_top.m_env.m_tx_sb [eth_tx_scoreboard] Captured 109 bytes from MII
# UVM_INFO repo/tb/scoreboards/eth_tx_scoreboard/eth_tx_scoreboard.sv(1531) @ 28140000: uvm_test_top.m_env.m_tx_sb [eth_tx_scoreboard] Packet comparison PASSED (109 bytes)
# UVM_INFO repo/tb/scoreboards/eth_tx_scoreboard/eth_tx_scoreboard.sv(439) @ 28140200: uvm_test_top.m_env.m_tx_sb [eth_tx_scoreboard] Tx scoreboard dropped objection
# UVM_INFO verilog_src/uvm-1.1d/src/base/uvm_objection.svh(1267) @ 28140200: reporter [TEST_DONE] 'run' phase is ready to proceed to the 'extract' phase
# UVM_INFO repo/tb/agents/wb_m/wb_m_driver_base.sv(108) @ 28140200: uvm_test_top.m_env.m_wb_m_agent.m_driver [wb_m_driver_base] Drived 5618 active transactions
# UVM_INFO repo/tb/agents/wb_m/wb_m_monitor_base.sv(130) @ 28140200: uvm_test_top.m_env.m_wb_m_agent.m_monitor [wb_m_monitor_base] Monitored 5618 TRANSACTIONS
# 
# --- UVM Report Summary ---
# 
# ** Report counts by severity
# UVM_INFO :   53
# UVM_WARNING :    0
# UVM_ERROR :    0
# UVM_FATAL :    0
# ** Report counts by id
# [DRIVER]     1
# [Questa UVM]     2
# [RNTST]     1
# [TEST_DONE]     1
# [TX_CONFIG]     6
# [eth_test_tx_ipgt]     2
# [eth_tx_scoreboard]    31
# [eth_v_seq_tx_active]     4
# [mii_tx_monitor_base]     1
# [wb_m_driver_base]     1
# [wb_m_monitor_base]     2
# [wb_s_seq_tx_ipgt]     1
# ** Note: $finish    : D:/B/qsim_2021_1/win64/../verilog_src/uvm-1.1d/src/base/uvm_root.svh(430)
#    Time: 28140200 ps  Iteration: 57  Instance: /eth_tb
# Break in Task uvm_pkg/uvm_root::run_test at D:/B/qsim_2021_1/win64/../verilog_src/uvm-1.1d/src/base/uvm_root.svh line 430
# Stopped at D:/B/qsim_2021_1/win64/../verilog_src/uvm-1.1d/src/base/uvm_root.svh line 430
#  
#     coverage save $CODE_UCDB -codeAll -instance eth_tb.dut
#     coverage save $FUNC_UCDB -cvg -directive -assert
#     transcript file ""
#     

# End time: 19:33:56 on Jul 16,2026, Elapsed time: 0:00:52
# Errors: 0, Warnings: 8
# vsim -c -voptargs="+acc" work.eth_tb -coverage -classdebug -sv_seed random -uvmcontrol=all "+uvm_set_verbosity=uvm_test_top.m_env.*,_ALL_,UVM_MEDIUM,time,0" "+UVM_TESTNAME=eth_test_tx_ipgt" -onfinish stop -do "
#     run -all; 
#     coverage save $CODE_UCDB -codeAll -instance eth_tb.dut
#     coverage save $FUNC_UCDB -cvg -directive -assert
#     transcript file ""
#     " 
# Start time: 19:33:57 on Jul 16,2026
# ** Note: (vsim-8009) Loading existing optimized design _opt
# Loading sv_std.std
# Loading work.wb_m_if(fast)
# Loading work.wb_s_if(fast)
# Loading work.mii_tx_if(fast)
# Loading mtiUvm.uvm_pkg(fast)
# Loading work.eth_glob_pkg(fast)
# Loading work.mii_rx_seq_item_pkg(fast)
# Loading work.mii_tx_seq_item_pkg(fast)
# Loading work.wb_m_seq_item_pkg(fast)
# Loading work.wb_s_seq_item_pkg(fast)
# Loading work.eth_ral_pkg(fast)
# Loading work.eth_cov_pkg(fast)
# Loading work.mdio_if(fast)
# Loading work.mii_rx_if(fast)
# Loading work.eth_config_pkg(fast)
# Loading work.eth_rx_scoreboard_pkg(fast)
# Loading work.eth_tx_scoreboard_pkg(fast)
# Loading work.mii_tx_seq_pkg(fast)
# Loading work.wb_s_seq_pkg(fast)
# Loading work.wb_m_agent_pkg(fast)
# Loading work.wb_m_seq_pkg(fast)
# Loading work.mii_rx_agent_pkg(fast)
# Loading work.mii_tx_agent_pkg(fast)
# Loading work.wb_s_agent_pkg(fast)
# Loading work.eth_v_seq_sqr_pkg(fast)
# Loading work.eth_env_pkg(fast)
# Loading work.eth_test_tx_pkg(fast)
# Loading mtiUvm.questa_uvm_pkg(fast)
# Loading work.eth_tb(fast)
# Loading work.wb_s_if(fast__2)
# Loading work.wb_m_if(fast__2)
# Loading work.mii_tx_if(fast__2)
# Loading work.mii_rx_if(fast__2)
# Loading work.eth_top(fast)
# Loading work.eth_miim(fast)
# Loading work.eth_clockgen(fast)
# Loading work.eth_shiftreg(fast)
# Loading work.eth_outputcontrol(fast)
# Loading work.eth_registers(fast)
# Loading work.eth_register(fast)
# Loading work.eth_register(fast__1)
# Loading work.eth_register(fast__2)
# Loading work.eth_register(fast__3)
# Loading work.eth_register(fast__4)
# Loading work.eth_register(fast__5)
# Loading work.eth_register(fast__6)
# Loading work.eth_register(fast__7)
# Loading work.eth_register(fast__8)
# Loading work.eth_register(fast__9)
# Loading work.eth_register(fast__10)
# Loading work.eth_register(fast__11)
# Loading work.eth_register(fast__12)
# Loading work.eth_register(fast__13)
# Loading work.eth_register(fast__14)
# Loading work.eth_maccontrol(fast)
# Loading work.eth_receivecontrol(fast)
# Loading work.eth_transmitcontrol(fast)
# Loading work.eth_txethmac(fast)
# Loading work.eth_txcounters(fast)
# Loading work.eth_txstatem(fast)
# Loading work.eth_crc(fast)
# Loading work.eth_random(fast)
# Loading work.eth_rxethmac(fast)
# Loading work.eth_rxstatem(fast)
# Loading work.eth_rxcounters(fast)
# Loading work.eth_rxaddrcheck(fast)
# Loading work.eth_crc(fast__1)
# Loading work.eth_wishbone(fast)
# Loading work.eth_spram_256x32(fast)
# Loading work.eth_fifo(fast)
# Loading work.eth_macstatus(fast)
# Loading D:/B/qsim_2021_1/uvm-1.1d\win64\uvm_dpi.dll
# Sv_Seed = 1726000997
# 
#     run -all
# ----------------------------------------------------------------
# UVM-1.1d
# (C) 2007-2013 Mentor Graphics Corporation
# (C) 2007-2013 Cadence Design Systems, Inc.
# (C) 2006-2013 Synopsys, Inc.
# (C) 2011-2013 Cypress Semiconductor Corp.
# ----------------------------------------------------------------
# 
#   ***********       IMPORTANT RELEASE NOTES         ************
# 
#   You are using a version of the UVM library that has been compiled
#   with `UVM_NO_DEPRECATED undefined.
#   See http://www.eda.org/svdb/view.php?id=3313 for more details.
# 
#   You are using a version of the UVM library that has been compiled
#   with `UVM_OBJECT_MUST_HAVE_CONSTRUCTOR undefined.
#   See http://www.eda.org/svdb/view.php?id=3770 for more details.
# 
#       (Specify +UVM_NO_RELNOTES to turn off this notice)
# 
# UVM_INFO verilog_src/questa_uvm_pkg-1.2/src/questa_uvm_pkg.sv(277) @ 0: reporter [Questa UVM] QUESTA_UVM-1.2.3
# UVM_INFO verilog_src/questa_uvm_pkg-1.2/src/questa_uvm_pkg.sv(278) @ 0: reporter [Questa UVM]  questa_uvm::init(all)
# UVM_INFO @ 0: reporter [RNTST] Running test eth_test_tx_ipgt...
# UVM_INFO repo/tb/tests/eth_tests_tx/eth_test_tx_base.sv(22) @ 0: uvm_test_top [eth_test_tx_ipgt] start of build_phase
# ** Warning: (vsim-8547) After dropping the illegal, ignore or invalid values, the values list associated with fixed-size array sub bin 'regs[14]' in Coverpoint 'cp_reg' of Covergroup instance '\/eth_cov_pkg::eth_cov_tx::m_rw_bit_cov ' has converged to empty list. The sub bin will be taken out of coverage calculation.
#    Time: 0 ps  Iteration: 7  Region: /uvm_pkg::uvm_phase::m_run_phases
# ** Warning: (vsim-8547) After dropping the illegal, ignore or invalid values, the values list associated with fixed-size array sub bin 'regs[15]' in Coverpoint 'cp_reg' of Covergroup instance '\/eth_cov_pkg::eth_cov_tx::m_rw_bit_cov ' has converged to empty list. The sub bin will be taken out of coverage calculation.
#    Time: 0 ps  Iteration: 7  Region: /uvm_pkg::uvm_phase::m_run_phases
# ** Warning: (vsim-8547) After dropping the illegal, ignore or invalid values, the values list associated with fixed-size array sub bin 'regs[6]' in Coverpoint 'cp_reg' of Covergroup instance '\/eth_cov_pkg::eth_cov_tx::m_reserved_bit_cov ' has converged to empty list. The sub bin will be taken out of coverage calculation.
#    Time: 0 ps  Iteration: 7  Region: /uvm_pkg::uvm_phase::m_run_phases
# ** Warning: (vsim-8547) After dropping the illegal, ignore or invalid values, the values list associated with fixed-size array sub bin 'regs[16]' in Coverpoint 'cp_reg' of Covergroup instance '\/eth_cov_pkg::eth_cov_tx::m_reserved_bit_cov ' has converged to empty list. The sub bin will be taken out of coverage calculation.
#    Time: 0 ps  Iteration: 7  Region: /uvm_pkg::uvm_phase::m_run_phases
# ** Warning: (vsim-8547) After dropping the illegal, ignore or invalid values, the values list associated with fixed-size array sub bin 'regs[18]' in Coverpoint 'cp_reg' of Covergroup instance '\/eth_cov_pkg::eth_cov_tx::m_reserved_bit_cov ' has converged to empty list. The sub bin will be taken out of coverage calculation.
#    Time: 0 ps  Iteration: 7  Region: /uvm_pkg::uvm_phase::m_run_phases
# ** Warning: (vsim-8547) After dropping the illegal, ignore or invalid values, the values list associated with fixed-size array sub bin 'regs[19]' in Coverpoint 'cp_reg' of Covergroup instance '\/eth_cov_pkg::eth_cov_tx::m_reserved_bit_cov ' has converged to empty list. The sub bin will be taken out of coverage calculation.
#    Time: 0 ps  Iteration: 7  Region: /uvm_pkg::uvm_phase::m_run_phases
# UVM_INFO repo/tb/tests/eth_tests_tx/eth_test_tx_base.sv(59) @ 0: uvm_test_top [eth_test_tx_ipgt] start of sim phase
# ---------------------------------------------------------------------------------
# Name                          Type                                    Size  Value
# ---------------------------------------------------------------------------------
# uvm_test_top                  eth_test_tx_ipgt                        -     @488 
#   m_env                       eth_env_tx                              -     @508 
#     m_cov_tx                  eth_cov_tx                              -     @822 
#       mii_tx_export           uvm_analysis_export                     -     @986 
#         recording_detail      integral                                32    'd1  
#       mii_tx_fifo             uvm_tlm_analysis_fifo #(T)              -     @923 
#         analysis_export       uvm_analysis_imp                        -     @962 
#           recording_detail    integral                                32    'd1  
#         get_ap                uvm_analysis_port                       -     @954 
#           recording_detail    integral                                32    'd1  
#         get_peek_export       uvm_get_peek_imp                        -     @938 
#           recording_detail    integral                                32    'd1  
#         put_ap                uvm_analysis_port                       -     @946 
#           recording_detail    integral                                32    'd1  
#         put_export            uvm_put_imp                             -     @930 
#           recording_detail    integral                                32    'd1  
#         recording_detail      integral                                32    'd1  
#       wb_m_export             uvm_analysis_export                     -     @970 
#         recording_detail      integral                                32    'd1  
#       wb_m_fifo               uvm_tlm_analysis_fifo #(T)              -     @829 
#         analysis_export       uvm_analysis_imp                        -     @868 
#           recording_detail    integral                                32    'd1  
#         get_ap                uvm_analysis_port                       -     @860 
#           recording_detail    integral                                32    'd1  
#         get_peek_export       uvm_get_peek_imp                        -     @844 
#           recording_detail    integral                                32    'd1  
#         put_ap                uvm_analysis_port                       -     @852 
#           recording_detail    integral                                32    'd1  
#         put_export            uvm_put_imp                             -     @836 
#           recording_detail    integral                                32    'd1  
#         recording_detail      integral                                32    'd1  
#       wb_s_export             uvm_analysis_export                     -     @978 
#         recording_detail      integral                                32    'd1  
#       wb_s_fifo               uvm_tlm_analysis_fifo #(T)              -     @876 
#         analysis_export       uvm_analysis_imp                        -     @915 
#           recording_detail    integral                                32    'd1  
#         get_ap                uvm_analysis_port                       -     @907 
#           recording_detail    integral                                32    'd1  
#         get_peek_export       uvm_get_peek_imp                        -     @891 
#           recording_detail    integral                                32    'd1  
#         put_ap                uvm_analysis_port                       -     @899 
#           recording_detail    integral                                32    'd1  
#         put_export            uvm_put_imp                             -     @883 
#           recording_detail    integral                                32    'd1  
#         recording_detail      integral                                32    'd1  
#       recording_detail        integral                                32    'd1  
#     m_mii_tx_agent            mii_tx_agent                            -     @808 
#       agent_a_port            uvm_analysis_port                       -     @1135
#         recording_detail      integral                                32    'd1  
#       m_driver                mii_tx_driver_hd                        -     @996 
#         rsp_port              uvm_analysis_port                       -     @1011
#           recording_detail    integral                                32    'd1  
#         seq_item_port         uvm_seq_item_pull_port                  -     @1003
#           recording_detail    integral                                32    'd1  
#         recording_detail      integral                                32    'd1  
#       m_monitor               mii_tx_monitor_base                     -     @1128
#         monitor_tr_a_port     uvm_analysis_port                       -     @1143
#           recording_detail    integral                                32    'd1  
#         recording_detail      integral                                32    'd1  
#       m_sequencer             mii_tx_sequencer_base                   -     @1019
#         rsp_export            uvm_analysis_export                     -     @1026
#           recording_detail    integral                                32    'd1  
#         seq_item_export       uvm_seq_item_pull_imp                   -     @1120
#           recording_detail    integral                                32    'd1  
#         recording_detail      integral                                32    'd1  
#         arbitration_queue     array                                   0     -    
#         lock_queue            array                                   0     -    
#         num_last_reqs         integral                                32    'd1  
#         num_last_rsps         integral                                32    'd1  
#       recording_detail        integral                                32    'd1  
#     m_predictor               uvm_reg_predictor #(uvm_sequence_item)  -     @779 
#       bus_in                  uvm_analysis_imp                        -     @786 
#         recording_detail      integral                                32    'd1  
#       reg_ap                  uvm_analysis_port                       -     @794 
#         recording_detail      integral                                32    'd1  
#       recording_detail        integral                                32    'd1  
#     m_tx_sb                   eth_tx_scoreboard                       -     @815 
#       mii_tx_export           uvm_analysis_export                     -     @1258
#         recording_detail      integral                                32    'd1  
#       mii_tx_fifo             uvm_tlm_analysis_fifo #(T)              -     @1203
#         analysis_export       uvm_analysis_imp                        -     @1242
#           recording_detail    integral                                32    'd1  
#         get_ap                uvm_analysis_port                       -     @1234
#           recording_detail    integral                                32    'd1  
#         get_peek_export       uvm_get_peek_imp                        -     @1218
#           recording_detail    integral                                32    'd1  
#         put_ap                uvm_analysis_port                       -     @1226
#           recording_detail    integral                                32    'd1  
#         put_export            uvm_put_imp                             -     @1210
#           recording_detail    integral                                32    'd1  
#         recording_detail      integral                                32    'd1  
#       wb_m_export             uvm_analysis_export                     -     @1250
#         recording_detail      integral                                32    'd1  
#       wb_m_fifo               uvm_tlm_analysis_fifo #(T)              -     @1156
#         analysis_export       uvm_analysis_imp                        -     @1195
#           recording_detail    integral                                32    'd1  
#         get_ap                uvm_analysis_port                       -     @1187
#           recording_detail    integral                                32    'd1  
#         get_peek_export       uvm_get_peek_imp                        -     @1171
#           recording_detail    integral                                32    'd1  
#         put_ap                uvm_analysis_port                       -     @1179
#           recording_detail    integral                                32    'd1  
#         put_export            uvm_put_imp                             -     @1163
#           recording_detail    integral                                32    'd1  
#         recording_detail      integral                                32    'd1  
#       wb_s_imp                uvm_analysis_imp                        -     @1266
#         recording_detail      integral                                32    'd1  
#       recording_detail        integral                                32    'd1  
#     m_v_sqr                   eth_v_sequencer                         -     @522 
#       rsp_export              uvm_analysis_export                     -     @529 
#         recording_detail      integral                                32    'd1  
#       seq_item_export         uvm_seq_item_pull_imp                   -     @623 
#         recording_detail      integral                                32    'd1  
#       recording_detail        integral                                32    'd1  
#       arbitration_queue       array                                   0     -    
#       lock_queue              array                                   0     -    
#       num_last_reqs           integral                                32    'd1  
#       num_last_rsps           integral                                32    'd1  
#     m_wb_m_agent              wb_m_agent                              -     @638 
#       a_port                  uvm_analysis_port                       -     @1421
#         recording_detail      integral                                32    'd1  
#       m_driver                wb_m_driver_base                        -     @1391
#         rsp_port              uvm_analysis_port                       -     @1406
#           recording_detail    integral                                32    'd1  
#         seq_item_port         uvm_seq_item_pull_port                  -     @1398
#           recording_detail    integral                                32    'd1  
#         recording_detail      integral                                32    'd1  
#       m_monitor               wb_m_monitor_base                       -     @1414
#         request_a_port        uvm_analysis_port                       -     @1437
#           recording_detail    integral                                32    'd1  
#         transaction_a_port    uvm_analysis_port                       -     @1429
#           recording_detail    integral                                32    'd1  
#         recording_detail      integral                                32    'd1  
#       m_sequencer             wb_m_sequencer_base                     -     @1282
#         request_export        uvm_analysis_export                     -     @1497
#           recording_detail    integral                                32    'd1  
#         request_fifo          uvm_tlm_analysis_fifo #(T)              -     @1450
#           analysis_export     uvm_analysis_imp                        -     @1489
#             recording_detail  integral                                32    'd1  
#           get_ap              uvm_analysis_port                       -     @1481
#             recording_detail  integral                                32    'd1  
#           get_peek_export     uvm_get_peek_imp                        -     @1465
#             recording_detail  integral                                32    'd1  
#           put_ap              uvm_analysis_port                       -     @1473
#             recording_detail  integral                                32    'd1  
#           put_export          uvm_put_imp                             -     @1457
#             recording_detail  integral                                32    'd1  
#           recording_detail    integral                                32    'd1  
#         rsp_export            uvm_analysis_export                     -     @1289
#           recording_detail    integral                                32    'd1  
#         seq_item_export       uvm_seq_item_pull_imp                   -     @1383
#           recording_detail    integral                                32    'd1  
#         recording_detail      integral                                32    'd1  
#         arbitration_queue     array                                   0     -    
#         lock_queue            array                                   0     -    
#         num_last_reqs         integral                                32    'd1  
#         num_last_rsps         integral                                32    'd1  
#       recording_detail        integral                                32    'd1  
#     m_wb_s_agent              wb_s_agent                              -     @631 
#       a_port                  uvm_analysis_port                       -     @1650
#         recording_detail      integral                                32    'd1  
#       m_driver                wb_s_driver_base                        -     @1620
#         rsp_port              uvm_analysis_port                       -     @1635
#           recording_detail    integral                                32    'd1  
#         seq_item_port         uvm_seq_item_pull_port                  -     @1627
#           recording_detail    integral                                32    'd1  
#         recording_detail      integral                                32    'd1  
#       m_monitor               wb_s_monitor_base                       -     @1643
#         a_port                uvm_analysis_port                       -     @1660
#           recording_detail    integral                                32    'd1  
#         bd_status_ap          uvm_analysis_port                       -     @1668
#           recording_detail    integral                                32    'd1  
#         recording_detail      integral                                32    'd1  
#       m_sequencer             wb_s_sequencer_base                     -     @1511
#         rsp_export            uvm_analysis_export                     -     @1518
#           recording_detail    integral                                32    'd1  
#         seq_item_export       uvm_seq_item_pull_imp                   -     @1612
#           recording_detail    integral                                32    'd1  
#         recording_detail      integral                                32    'd1  
#         arbitration_queue     array                                   0     -    
#         lock_queue            array                                   0     -    
#         num_last_reqs         integral                                32    'd1  
#         num_last_rsps         integral                                32    'd1  
#       recording_detail        integral                                32    'd1  
#     recording_detail          integral                                32    'd1  
#   recording_detail            integral                                32    'd1  
# ---------------------------------------------------------------------------------
# 
#### Factory Configuration (*)
# 
# No instance overrides are registered with this factory
# 
# Type Overrides:
# 
#   Requested Type      Override Type      
#   ------------------  -------------------
#   wb_m_seq_base       wb_m_seq_wr_rd
#   wb_s_seq_base       wb_s_seq_tx_ipgt
#   mii_tx_driver_base  mii_tx_driver_hd
#   eth_v_seq_tx        eth_v_seq_tx_active
# 
# All types registered with the factory: 129 total
# (types without type names will not be printed)
# 
#   Type Name
#   ---------
#   bd_mem
#   dma_mem
#   eth_collconf_reg
#   eth_cov_tx
#   eth_ctrlmoder_reg
#   eth_env_base
#   eth_env_config_obj
#   eth_env_rx
#   eth_env_tx
#   eth_hash0_reg
#   eth_hash1_reg
#   eth_int_mask_reg
#   eth_int_source_reg
#   eth_ipgr1_reg
#   eth_ipgr2_reg
#   eth_ipgt_reg
#   eth_mac_addr0_reg
#   eth_mac_addr1_reg
#   eth_miiaddress_reg
#   eth_miicommand_reg
#   eth_miimoder_reg
#   eth_miirx_data_reg
#   eth_miistatus_reg
#   eth_miitx_data_reg
#   eth_moder_reg
#   eth_packetlen_reg
#   eth_reg_block
#   eth_rx_scoreboard
#   eth_test_tx_base
#   eth_test_tx_bd_num
#   eth_test_tx_dcrc
#   eth_test_tx_hugen
#   eth_test_tx_ipgt
#   eth_test_tx_moder
#   eth_test_tx_nopre
#   eth_test_tx_pad
#   eth_test_tx_smoke
#   eth_tx_bd_num_reg
#   eth_tx_scoreboard
#   eth_tx_scoreboard_config_obj
#   eth_txctrl_reg
#   eth_v_seq_base
#   eth_v_seq_tx
#   eth_v_seq_tx_active
#   eth_v_sequencer
#   eth_wb_adapter
#   mdio_config_obj
#   mii_rx_agent
#   mii_rx_config_obj
#   mii_rx_driver_base
#   mii_rx_monitor_base
#   mii_rx_seq_item
#   mii_rx_sequencer_base
#   mii_tx_agent
#   mii_tx_config_obj
#   mii_tx_driver_base
#   mii_tx_driver_hd
#   mii_tx_monitor_base
#   mii_tx_seq_base
#   mii_tx_seq_item_base
#   mii_tx_sequencer_base
#   questa_uvm_recorder
#   wb_m_agent
#   wb_m_config_obj
#   wb_m_driver_base
#   wb_m_monitor_base
#   wb_m_seq_base
#   wb_m_seq_item_base
#   wb_m_seq_smoke
#   wb_m_seq_wr_rd
#   wb_m_sequencer_base
#   wb_s_agent
#   wb_s_basic_tx_seq
#   wb_s_config_obj
#   wb_s_control_frame_tx_seq
#   wb_s_driver_base
#   wb_s_monitor_base
#   wb_s_seq_base
#   wb_s_seq_tx_bd_num
#   wb_s_seq_tx_dcrc
#   wb_s_seq_tx_hugen
#   wb_s_seq_tx_ipgt
#   wb_s_seq_tx_moder
#   wb_s_seq_tx_no_pre
#   wb_s_seq_tx_pad
#   wb_s_sequencer_base
# (*) Types with no associated type name will be printed as <unknown>
# 
####
# 
# **************************************************************************
# * Questa UVM Transaction Recording Turned ON.                            *
# * recording_detail has been set.                                         *
# *  To turn off, set 'recording_detail' to off:                           *
# * uvm_config_db#(int)            ::set(null, "", "recording_detail", 0); *
# * uvm_config_db#(uvm_bitstream_t)::set(null, "", "recording_detail", 0); *
# **************************************************************************
# ** Warning: (vsim-WLF-5000) WLF file currently in use: vsim.wlf
#           File in use by: mwael  Hostname: MOHAMMAD-LAPTOP  ProcessID: 9636
#           Attempting to use alternate WLF file "./wlftz1b0nt".
# ** Warning: (vsim-WLF-5001) Could not open WLF file: vsim.wlf
#           Using alternate file: ./wlftz1b0nt
# UVM_INFO repo/tb/scoreboards/eth_tx_scoreboard/eth_tx_scoreboard.sv(413) @ 0: uvm_test_top.m_env.m_tx_sb [eth_tx_scoreboard] Tx scoreboard raised objection
# UVM_INFO repo/tb/virtual_seq_sqr/eth_v_seq_tx.sv(15) @ 0: uvm_test_top.m_env.m_v_sqr@@m_v_seq_tx [eth_v_seq_tx_active] Executing virtual sequence
# UVM_INFO repo/tb/agents/wb_m/wb_m_monitor_base.sv(101) @ 50000: uvm_test_top.m_env.m_wb_m_agent.m_monitor [wb_m_monitor_base] Begin monitoring after reset deassertion
# UVM_INFO repo/tb/agents/mii_tx/mii_tx_monitor_base.sv(58) @ 50000: uvm_test_top.m_env.m_mii_tx_agent.m_monitor [mii_tx_monitor_base] Begin monitoring after reset deassertion
# UVM_INFO repo/tb/agents/mii_tx/mii_tx_driver_base.sv(56) @ 60000: uvm_test_top.m_env.m_mii_tx_agent.m_driver [DRIVER] Reset deasserted — starting stimulus
# UVM_INFO repo/tb/sequences/wb_s_seq/wb_s_basic_tx_seq.sv(247) @ 117500: uvm_test_top.m_env.m_wb_s_agent.m_sequencer@@m_wb_s_seq_base [TX_CONFIG]  Configuring TX BD[0] - LEN=0x0025, PTR=0x3982380c, IRQ=0, WR=0, PAD=1, CRC=0
# UVM_INFO repo/tb/sequences/wb_s_seq/wb_s_basic_tx_seq.sv(247) @ 197500: uvm_test_top.m_env.m_wb_s_agent.m_sequencer@@m_wb_s_seq_base [TX_CONFIG]  Configuring TX BD[1] - LEN=0x005d, PTR=0x5a04b3d4, IRQ=0, WR=0, PAD=1, CRC=0
# UVM_INFO repo/tb/sequences/wb_s_seq/wb_s_basic_tx_seq.sv(247) @ 277500: uvm_test_top.m_env.m_wb_s_agent.m_sequencer@@m_wb_s_seq_base [TX_CONFIG]  Configuring TX BD[2] - LEN=0x002a, PTR=0xcc38f6d8, IRQ=0, WR=0, PAD=0, CRC=0
# UVM_INFO repo/tb/sequences/wb_s_seq/wb_s_basic_tx_seq.sv(247) @ 357500: uvm_test_top.m_env.m_wb_s_agent.m_sequencer@@m_wb_s_seq_base [TX_CONFIG]  Configuring TX BD[3] - LEN=0x0055, PTR=0xe8400294, IRQ=0, WR=1, PAD=1, CRC=1
# UVM_INFO repo/tb/sequences/wb_s_seq/wb_s_basic_tx_seq.sv(148) @ 357500: uvm_test_top.m_env.m_wb_s_agent.m_sequencer@@m_wb_s_seq_base [TX_CONFIG] Configuring TX registers
# UVM_INFO repo/tb/sequences/wb_s_seq/wb_s_basic_tx_seq.sv(200) @ 512500: uvm_test_top.m_env.m_wb_s_agent.m_sequencer@@m_wb_s_seq_base [TX_CONFIG] MODER: FULLD=1, TXEN=1, BDNUM = 4, NOPRE=0, CRCEN=1, PAD=1, HUGEN=0, NOBCKOF=0, EXDF=0, IPGT = 0, MAXFL = 1518, MINFL = 64
# UVM_INFO repo/tb/sequences/wb_s_seq/wb_s_seq_tx_ipgt.sv(63) @ 512500: uvm_test_top.m_env.m_wb_s_agent.m_sequencer@@m_wb_s_seq_base [wb_s_seq_tx_ipgt] TX BD Num configuration completed
# UVM_INFO repo/tb/scoreboards/eth_tx_scoreboard/eth_tx_scoreboard.sv(831) @ 512500: uvm_test_top.m_env.m_tx_sb [eth_tx_scoreboard] TXEN asserted
# UVM_INFO repo/tb/scoreboards/eth_tx_scoreboard/eth_tx_scoreboard.sv(1196) @ 512500: uvm_test_top.m_env.m_tx_sb [eth_tx_scoreboard] TX BD[0] LEN=37 RD=1 IRQ=0 WR=0 PAD=1 CRC=1 PTR=0x3982380c
# UVM_INFO repo/tb/scoreboards/eth_tx_scoreboard/eth_tx_scoreboard.sv(684) @ 512500: uvm_test_top.m_env.m_tx_sb [eth_tx_scoreboard] Added 23 padding bytes (frame length = 60)
# UVM_INFO repo/tb/virtual_seq_sqr/eth_v_seq_tx.sv(25) @ 512500: uvm_test_top.m_env.m_v_sqr@@m_v_seq_tx [eth_v_seq_tx_active] virtual sequence completed
# UVM_INFO repo/tb/virtual_seq_sqr/eth_v_seq_tx_active.sv(11) @ 512500: uvm_test_top.m_env.m_v_sqr@@m_v_seq_tx [eth_v_seq_tx_active] Executing virtual sequence
# UVM_INFO repo/tb/virtual_seq_sqr/eth_v_seq_tx_active.sv(18) @ 512500: uvm_test_top.m_env.m_v_sqr@@m_v_seq_tx [eth_v_seq_tx_active] virtual sequence completed
# UVM_INFO repo/tb/scoreboards/eth_tx_scoreboard/eth_tx_scoreboard.sv(1291) @ 860000: uvm_test_top.m_env.m_tx_sb [eth_tx_scoreboard] Comp_pack: MTXEN asserted
# UVM_INFO repo/tb/scoreboards/eth_tx_scoreboard/eth_tx_scoreboard.sv(916) @ 6588100: uvm_test_top.m_env.m_tx_sb [eth_tx_scoreboard] TX BD[0] completed
# UVM_INFO repo/tb/scoreboards/eth_tx_scoreboard/eth_tx_scoreboard.sv(1364) @ 6620000: uvm_test_top.m_env.m_tx_sb [eth_tx_scoreboard] Captured 72 bytes from MII
# UVM_INFO repo/tb/scoreboards/eth_tx_scoreboard/eth_tx_scoreboard.sv(1531) @ 6620000: uvm_test_top.m_env.m_tx_sb [eth_tx_scoreboard] Packet comparison PASSED (72 bytes)
# UVM_INFO repo/tb/scoreboards/eth_tx_scoreboard/eth_tx_scoreboard.sv(1196) @ 6621000: uvm_test_top.m_env.m_tx_sb [eth_tx_scoreboard] TX BD[1] LEN=93 RD=1 IRQ=0 WR=0 PAD=1 CRC=1 PTR=0x5a04b3d4
# UVM_INFO repo/tb/scoreboards/eth_tx_scoreboard/eth_tx_scoreboard.sv(1291) @ 6940000: uvm_test_top.m_env.m_tx_sb [eth_tx_scoreboard] Comp_pack: MTXEN asserted
# UVM_INFO repo/tb/scoreboards/eth_tx_scoreboard/eth_tx_scoreboard.sv(1764) @ 6940000: uvm_test_top.m_env.m_tx_sb [eth_tx_scoreboard] Measured IPGT = 8 MII clock cycles
# UVM_INFO repo/tb/scoreboards/eth_tx_scoreboard/eth_tx_scoreboard.sv(1801) @ 6940000: uvm_test_top.m_env.m_tx_sb [eth_tx_scoreboard] IPGT PASS (6 MII cycles)
# UVM_INFO repo/tb/scoreboards/eth_tx_scoreboard/eth_tx_scoreboard.sv(916) @ 15308100: uvm_test_top.m_env.m_tx_sb [eth_tx_scoreboard] TX BD[1] completed
# UVM_INFO repo/tb/scoreboards/eth_tx_scoreboard/eth_tx_scoreboard.sv(1364) @ 15340000: uvm_test_top.m_env.m_tx_sb [eth_tx_scoreboard] Captured 105 bytes from MII
# UVM_INFO repo/tb/scoreboards/eth_tx_scoreboard/eth_tx_scoreboard.sv(1531) @ 15340000: uvm_test_top.m_env.m_tx_sb [eth_tx_scoreboard] Packet comparison PASSED (105 bytes)
# UVM_INFO repo/tb/scoreboards/eth_tx_scoreboard/eth_tx_scoreboard.sv(1196) @ 15341000: uvm_test_top.m_env.m_tx_sb [eth_tx_scoreboard] TX BD[2] LEN=42 RD=1 IRQ=0 WR=0 PAD=1 CRC=1 PTR=0xcc38f6d8
# UVM_INFO repo/tb/scoreboards/eth_tx_scoreboard/eth_tx_scoreboard.sv(684) @ 15341000: uvm_test_top.m_env.m_tx_sb [eth_tx_scoreboard] Added 18 padding bytes (frame length = 60)
# UVM_INFO repo/tb/scoreboards/eth_tx_scoreboard/eth_tx_scoreboard.sv(1291) @ 15660000: uvm_test_top.m_env.m_tx_sb [eth_tx_scoreboard] Comp_pack: MTXEN asserted
# UVM_INFO repo/tb/scoreboards/eth_tx_scoreboard/eth_tx_scoreboard.sv(1764) @ 15660000: uvm_test_top.m_env.m_tx_sb [eth_tx_scoreboard] Measured IPGT = 8 MII clock cycles
# UVM_INFO repo/tb/scoreboards/eth_tx_scoreboard/eth_tx_scoreboard.sv(1801) @ 15660000: uvm_test_top.m_env.m_tx_sb [eth_tx_scoreboard] IPGT PASS (6 MII cycles)
# UVM_INFO repo/tb/scoreboards/eth_tx_scoreboard/eth_tx_scoreboard.sv(916) @ 21388100: uvm_test_top.m_env.m_tx_sb [eth_tx_scoreboard] TX BD[2] completed
# UVM_INFO repo/tb/scoreboards/eth_tx_scoreboard/eth_tx_scoreboard.sv(1364) @ 21420000: uvm_test_top.m_env.m_tx_sb [eth_tx_scoreboard] Captured 72 bytes from MII
# UVM_INFO repo/tb/scoreboards/eth_tx_scoreboard/eth_tx_scoreboard.sv(1531) @ 21420000: uvm_test_top.m_env.m_tx_sb [eth_tx_scoreboard] Packet comparison PASSED (72 bytes)
# UVM_INFO repo/tb/scoreboards/eth_tx_scoreboard/eth_tx_scoreboard.sv(1196) @ 21421000: uvm_test_top.m_env.m_tx_sb [eth_tx_scoreboard] TX BD[3] LEN=85 RD=1 IRQ=0 WR=1 PAD=1 CRC=1 PTR=0xe8400294
# UVM_INFO repo/tb/scoreboards/eth_tx_scoreboard/eth_tx_scoreboard.sv(1291) @ 21740000: uvm_test_top.m_env.m_tx_sb [eth_tx_scoreboard] Comp_pack: MTXEN asserted
# UVM_INFO repo/tb/scoreboards/eth_tx_scoreboard/eth_tx_scoreboard.sv(1764) @ 21740000: uvm_test_top.m_env.m_tx_sb [eth_tx_scoreboard] Measured IPGT = 8 MII clock cycles
# UVM_INFO repo/tb/scoreboards/eth_tx_scoreboard/eth_tx_scoreboard.sv(1801) @ 21740000: uvm_test_top.m_env.m_tx_sb [eth_tx_scoreboard] IPGT PASS (6 MII cycles)
# UVM_INFO repo/tb/scoreboards/eth_tx_scoreboard/eth_tx_scoreboard.sv(916) @ 29468100: uvm_test_top.m_env.m_tx_sb [eth_tx_scoreboard] TX BD[3] completed
# UVM_INFO repo/tb/scoreboards/eth_tx_scoreboard/eth_tx_scoreboard.sv(1364) @ 29500000: uvm_test_top.m_env.m_tx_sb [eth_tx_scoreboard] Captured 97 bytes from MII
# UVM_INFO repo/tb/scoreboards/eth_tx_scoreboard/eth_tx_scoreboard.sv(1531) @ 29500000: uvm_test_top.m_env.m_tx_sb [eth_tx_scoreboard] Packet comparison PASSED (97 bytes)
# UVM_INFO repo/tb/scoreboards/eth_tx_scoreboard/eth_tx_scoreboard.sv(439) @ 29500200: uvm_test_top.m_env.m_tx_sb [eth_tx_scoreboard] Tx scoreboard dropped objection
# UVM_INFO verilog_src/uvm-1.1d/src/base/uvm_objection.svh(1267) @ 29500200: reporter [TEST_DONE] 'run' phase is ready to proceed to the 'extract' phase
# UVM_INFO repo/tb/agents/wb_m/wb_m_driver_base.sv(108) @ 29500200: uvm_test_top.m_env.m_wb_m_agent.m_driver [wb_m_driver_base] Drived 5890 active transactions
# UVM_INFO repo/tb/agents/wb_m/wb_m_monitor_base.sv(130) @ 29500200: uvm_test_top.m_env.m_wb_m_agent.m_monitor [wb_m_monitor_base] Monitored 5890 TRANSACTIONS
# 
# --- UVM Report Summary ---
# 
# ** Report counts by severity
# UVM_INFO :   53
# UVM_WARNING :    0
# UVM_ERROR :    0
# UVM_FATAL :    0
# ** Report counts by id
# [DRIVER]     1
# [Questa UVM]     2
# [RNTST]     1
# [TEST_DONE]     1
# [TX_CONFIG]     6
# [eth_test_tx_ipgt]     2
# [eth_tx_scoreboard]    31
# [eth_v_seq_tx_active]     4
# [mii_tx_monitor_base]     1
# [wb_m_driver_base]     1
# [wb_m_monitor_base]     2
# [wb_s_seq_tx_ipgt]     1
# ** Note: $finish    : D:/B/qsim_2021_1/win64/../verilog_src/uvm-1.1d/src/base/uvm_root.svh(430)
#    Time: 29500200 ps  Iteration: 57  Instance: /eth_tb
# Break in Task uvm_pkg/uvm_root::run_test at D:/B/qsim_2021_1/win64/../verilog_src/uvm-1.1d/src/base/uvm_root.svh line 430
# Stopped at D:/B/qsim_2021_1/win64/../verilog_src/uvm-1.1d/src/base/uvm_root.svh line 430
#  
#     coverage save $CODE_UCDB -codeAll -instance eth_tb.dut
#     coverage save $FUNC_UCDB -cvg -directive -assert
#     transcript file ""
#     

# End time: 19:34:49 on Jul 16,2026, Elapsed time: 0:00:52
# Errors: 0, Warnings: 8
# vsim -c -voptargs="+acc" work.eth_tb -coverage -classdebug -sv_seed random -uvmcontrol=all "+uvm_set_verbosity=uvm_test_top.m_env.*,_ALL_,UVM_MEDIUM,time,0" "+UVM_TESTNAME=eth_test_tx_ipgt" -onfinish stop -do "
#     run -all; 
#     coverage save $CODE_UCDB -codeAll -instance eth_tb.dut
#     coverage save $FUNC_UCDB -cvg -directive -assert
#     transcript file ""
#     " 
# Start time: 19:34:49 on Jul 16,2026
# ** Note: (vsim-8009) Loading existing optimized design _opt
# Loading sv_std.std
# Loading work.wb_m_if(fast)
# Loading work.wb_s_if(fast)
# Loading work.mii_tx_if(fast)
# Loading mtiUvm.uvm_pkg(fast)
# Loading work.eth_glob_pkg(fast)
# Loading work.mii_rx_seq_item_pkg(fast)
# Loading work.mii_tx_seq_item_pkg(fast)
# Loading work.wb_m_seq_item_pkg(fast)
# Loading work.wb_s_seq_item_pkg(fast)
# Loading work.eth_ral_pkg(fast)
# Loading work.eth_cov_pkg(fast)
# Loading work.mdio_if(fast)
# Loading work.mii_rx_if(fast)
# Loading work.eth_config_pkg(fast)
# Loading work.eth_rx_scoreboard_pkg(fast)
# Loading work.eth_tx_scoreboard_pkg(fast)
# Loading work.mii_tx_seq_pkg(fast)
# Loading work.wb_s_seq_pkg(fast)
# Loading work.wb_m_agent_pkg(fast)
# Loading work.wb_m_seq_pkg(fast)
# Loading work.mii_rx_agent_pkg(fast)
# Loading work.mii_tx_agent_pkg(fast)
# Loading work.wb_s_agent_pkg(fast)
# Loading work.eth_v_seq_sqr_pkg(fast)
# Loading work.eth_env_pkg(fast)
# Loading work.eth_test_tx_pkg(fast)
# Loading mtiUvm.questa_uvm_pkg(fast)
# Loading work.eth_tb(fast)
# Loading work.wb_s_if(fast__2)
# Loading work.wb_m_if(fast__2)
# Loading work.mii_tx_if(fast__2)
# Loading work.mii_rx_if(fast__2)
# Loading work.eth_top(fast)
# Loading work.eth_miim(fast)
# Loading work.eth_clockgen(fast)
# Loading work.eth_shiftreg(fast)
# Loading work.eth_outputcontrol(fast)
# Loading work.eth_registers(fast)
# Loading work.eth_register(fast)
# Loading work.eth_register(fast__1)
# Loading work.eth_register(fast__2)
# Loading work.eth_register(fast__3)
# Loading work.eth_register(fast__4)
# Loading work.eth_register(fast__5)
# Loading work.eth_register(fast__6)
# Loading work.eth_register(fast__7)
# Loading work.eth_register(fast__8)
# Loading work.eth_register(fast__9)
# Loading work.eth_register(fast__10)
# Loading work.eth_register(fast__11)
# Loading work.eth_register(fast__12)
# Loading work.eth_register(fast__13)
# Loading work.eth_register(fast__14)
# Loading work.eth_maccontrol(fast)
# Loading work.eth_receivecontrol(fast)
# Loading work.eth_transmitcontrol(fast)
# Loading work.eth_txethmac(fast)
# Loading work.eth_txcounters(fast)
# Loading work.eth_txstatem(fast)
# Loading work.eth_crc(fast)
# Loading work.eth_random(fast)
# Loading work.eth_rxethmac(fast)
# Loading work.eth_rxstatem(fast)
# Loading work.eth_rxcounters(fast)
# Loading work.eth_rxaddrcheck(fast)
# Loading work.eth_crc(fast__1)
# Loading work.eth_wishbone(fast)
# Loading work.eth_spram_256x32(fast)
# Loading work.eth_fifo(fast)
# Loading work.eth_macstatus(fast)
# Loading D:/B/qsim_2021_1/uvm-1.1d\win64\uvm_dpi.dll
# Sv_Seed = 817976681
# 
#     run -all
# ----------------------------------------------------------------
# UVM-1.1d
# (C) 2007-2013 Mentor Graphics Corporation
# (C) 2007-2013 Cadence Design Systems, Inc.
# (C) 2006-2013 Synopsys, Inc.
# (C) 2011-2013 Cypress Semiconductor Corp.
# ----------------------------------------------------------------
# 
#   ***********       IMPORTANT RELEASE NOTES         ************
# 
#   You are using a version of the UVM library that has been compiled
#   with `UVM_NO_DEPRECATED undefined.
#   See http://www.eda.org/svdb/view.php?id=3313 for more details.
# 
#   You are using a version of the UVM library that has been compiled
#   with `UVM_OBJECT_MUST_HAVE_CONSTRUCTOR undefined.
#   See http://www.eda.org/svdb/view.php?id=3770 for more details.
# 
#       (Specify +UVM_NO_RELNOTES to turn off this notice)
# 
# UVM_INFO verilog_src/questa_uvm_pkg-1.2/src/questa_uvm_pkg.sv(277) @ 0: reporter [Questa UVM] QUESTA_UVM-1.2.3
# UVM_INFO verilog_src/questa_uvm_pkg-1.2/src/questa_uvm_pkg.sv(278) @ 0: reporter [Questa UVM]  questa_uvm::init(all)
# UVM_INFO @ 0: reporter [RNTST] Running test eth_test_tx_ipgt...
# UVM_INFO repo/tb/tests/eth_tests_tx/eth_test_tx_base.sv(22) @ 0: uvm_test_top [eth_test_tx_ipgt] start of build_phase
# ** Warning: (vsim-8547) After dropping the illegal, ignore or invalid values, the values list associated with fixed-size array sub bin 'regs[14]' in Coverpoint 'cp_reg' of Covergroup instance '\/eth_cov_pkg::eth_cov_tx::m_rw_bit_cov ' has converged to empty list. The sub bin will be taken out of coverage calculation.
#    Time: 0 ps  Iteration: 7  Region: /uvm_pkg::uvm_phase::m_run_phases
# ** Warning: (vsim-8547) After dropping the illegal, ignore or invalid values, the values list associated with fixed-size array sub bin 'regs[15]' in Coverpoint 'cp_reg' of Covergroup instance '\/eth_cov_pkg::eth_cov_tx::m_rw_bit_cov ' has converged to empty list. The sub bin will be taken out of coverage calculation.
#    Time: 0 ps  Iteration: 7  Region: /uvm_pkg::uvm_phase::m_run_phases
# ** Warning: (vsim-8547) After dropping the illegal, ignore or invalid values, the values list associated with fixed-size array sub bin 'regs[6]' in Coverpoint 'cp_reg' of Covergroup instance '\/eth_cov_pkg::eth_cov_tx::m_reserved_bit_cov ' has converged to empty list. The sub bin will be taken out of coverage calculation.
#    Time: 0 ps  Iteration: 7  Region: /uvm_pkg::uvm_phase::m_run_phases
# ** Warning: (vsim-8547) After dropping the illegal, ignore or invalid values, the values list associated with fixed-size array sub bin 'regs[16]' in Coverpoint 'cp_reg' of Covergroup instance '\/eth_cov_pkg::eth_cov_tx::m_reserved_bit_cov ' has converged to empty list. The sub bin will be taken out of coverage calculation.
#    Time: 0 ps  Iteration: 7  Region: /uvm_pkg::uvm_phase::m_run_phases
# ** Warning: (vsim-8547) After dropping the illegal, ignore or invalid values, the values list associated with fixed-size array sub bin 'regs[18]' in Coverpoint 'cp_reg' of Covergroup instance '\/eth_cov_pkg::eth_cov_tx::m_reserved_bit_cov ' has converged to empty list. The sub bin will be taken out of coverage calculation.
#    Time: 0 ps  Iteration: 7  Region: /uvm_pkg::uvm_phase::m_run_phases
# ** Warning: (vsim-8547) After dropping the illegal, ignore or invalid values, the values list associated with fixed-size array sub bin 'regs[19]' in Coverpoint 'cp_reg' of Covergroup instance '\/eth_cov_pkg::eth_cov_tx::m_reserved_bit_cov ' has converged to empty list. The sub bin will be taken out of coverage calculation.
#    Time: 0 ps  Iteration: 7  Region: /uvm_pkg::uvm_phase::m_run_phases
# UVM_INFO repo/tb/tests/eth_tests_tx/eth_test_tx_base.sv(59) @ 0: uvm_test_top [eth_test_tx_ipgt] start of sim phase
# ---------------------------------------------------------------------------------
# Name                          Type                                    Size  Value
# ---------------------------------------------------------------------------------
# uvm_test_top                  eth_test_tx_ipgt                        -     @488 
#   m_env                       eth_env_tx                              -     @508 
#     m_cov_tx                  eth_cov_tx                              -     @822 
#       mii_tx_export           uvm_analysis_export                     -     @986 
#         recording_detail      integral                                32    'd1  
#       mii_tx_fifo             uvm_tlm_analysis_fifo #(T)              -     @923 
#         analysis_export       uvm_analysis_imp                        -     @962 
#           recording_detail    integral                                32    'd1  
#         get_ap                uvm_analysis_port                       -     @954 
#           recording_detail    integral                                32    'd1  
#         get_peek_export       uvm_get_peek_imp                        -     @938 
#           recording_detail    integral                                32    'd1  
#         put_ap                uvm_analysis_port                       -     @946 
#           recording_detail    integral                                32    'd1  
#         put_export            uvm_put_imp                             -     @930 
#           recording_detail    integral                                32    'd1  
#         recording_detail      integral                                32    'd1  
#       wb_m_export             uvm_analysis_export                     -     @970 
#         recording_detail      integral                                32    'd1  
#       wb_m_fifo               uvm_tlm_analysis_fifo #(T)              -     @829 
#         analysis_export       uvm_analysis_imp                        -     @868 
#           recording_detail    integral                                32    'd1  
#         get_ap                uvm_analysis_port                       -     @860 
#           recording_detail    integral                                32    'd1  
#         get_peek_export       uvm_get_peek_imp                        -     @844 
#           recording_detail    integral                                32    'd1  
#         put_ap                uvm_analysis_port                       -     @852 
#           recording_detail    integral                                32    'd1  
#         put_export            uvm_put_imp                             -     @836 
#           recording_detail    integral                                32    'd1  
#         recording_detail      integral                                32    'd1  
#       wb_s_export             uvm_analysis_export                     -     @978 
#         recording_detail      integral                                32    'd1  
#       wb_s_fifo               uvm_tlm_analysis_fifo #(T)              -     @876 
#         analysis_export       uvm_analysis_imp                        -     @915 
#           recording_detail    integral                                32    'd1  
#         get_ap                uvm_analysis_port                       -     @907 
#           recording_detail    integral                                32    'd1  
#         get_peek_export       uvm_get_peek_imp                        -     @891 
#           recording_detail    integral                                32    'd1  
#         put_ap                uvm_analysis_port                       -     @899 
#           recording_detail    integral                                32    'd1  
#         put_export            uvm_put_imp                             -     @883 
#           recording_detail    integral                                32    'd1  
#         recording_detail      integral                                32    'd1  
#       recording_detail        integral                                32    'd1  
#     m_mii_tx_agent            mii_tx_agent                            -     @808 
#       agent_a_port            uvm_analysis_port                       -     @1135
#         recording_detail      integral                                32    'd1  
#       m_driver                mii_tx_driver_hd                        -     @996 
#         rsp_port              uvm_analysis_port                       -     @1011
#           recording_detail    integral                                32    'd1  
#         seq_item_port         uvm_seq_item_pull_port                  -     @1003
#           recording_detail    integral                                32    'd1  
#         recording_detail      integral                                32    'd1  
#       m_monitor               mii_tx_monitor_base                     -     @1128
#         monitor_tr_a_port     uvm_analysis_port                       -     @1143
#           recording_detail    integral                                32    'd1  
#         recording_detail      integral                                32    'd1  
#       m_sequencer             mii_tx_sequencer_base                   -     @1019
#         rsp_export            uvm_analysis_export                     -     @1026
#           recording_detail    integral                                32    'd1  
#         seq_item_export       uvm_seq_item_pull_imp                   -     @1120
#           recording_detail    integral                                32    'd1  
#         recording_detail      integral                                32    'd1  
#         arbitration_queue     array                                   0     -    
#         lock_queue            array                                   0     -    
#         num_last_reqs         integral                                32    'd1  
#         num_last_rsps         integral                                32    'd1  
#       recording_detail        integral                                32    'd1  
#     m_predictor               uvm_reg_predictor #(uvm_sequence_item)  -     @779 
#       bus_in                  uvm_analysis_imp                        -     @786 
#         recording_detail      integral                                32    'd1  
#       reg_ap                  uvm_analysis_port                       -     @794 
#         recording_detail      integral                                32    'd1  
#       recording_detail        integral                                32    'd1  
#     m_tx_sb                   eth_tx_scoreboard                       -     @815 
#       mii_tx_export           uvm_analysis_export                     -     @1258
#         recording_detail      integral                                32    'd1  
#       mii_tx_fifo             uvm_tlm_analysis_fifo #(T)              -     @1203
#         analysis_export       uvm_analysis_imp                        -     @1242
#           recording_detail    integral                                32    'd1  
#         get_ap                uvm_analysis_port                       -     @1234
#           recording_detail    integral                                32    'd1  
#         get_peek_export       uvm_get_peek_imp                        -     @1218
#           recording_detail    integral                                32    'd1  
#         put_ap                uvm_analysis_port                       -     @1226
#           recording_detail    integral                                32    'd1  
#         put_export            uvm_put_imp                             -     @1210
#           recording_detail    integral                                32    'd1  
#         recording_detail      integral                                32    'd1  
#       wb_m_export             uvm_analysis_export                     -     @1250
#         recording_detail      integral                                32    'd1  
#       wb_m_fifo               uvm_tlm_analysis_fifo #(T)              -     @1156
#         analysis_export       uvm_analysis_imp                        -     @1195
#           recording_detail    integral                                32    'd1  
#         get_ap                uvm_analysis_port                       -     @1187
#           recording_detail    integral                                32    'd1  
#         get_peek_export       uvm_get_peek_imp                        -     @1171
#           recording_detail    integral                                32    'd1  
#         put_ap                uvm_analysis_port                       -     @1179
#           recording_detail    integral                                32    'd1  
#         put_export            uvm_put_imp                             -     @1163
#           recording_detail    integral                                32    'd1  
#         recording_detail      integral                                32    'd1  
#       wb_s_imp                uvm_analysis_imp                        -     @1266
#         recording_detail      integral                                32    'd1  
#       recording_detail        integral                                32    'd1  
#     m_v_sqr                   eth_v_sequencer                         -     @522 
#       rsp_export              uvm_analysis_export                     -     @529 
#         recording_detail      integral                                32    'd1  
#       seq_item_export         uvm_seq_item_pull_imp                   -     @623 
#         recording_detail      integral                                32    'd1  
#       recording_detail        integral                                32    'd1  
#       arbitration_queue       array                                   0     -    
#       lock_queue              array                                   0     -    
#       num_last_reqs           integral                                32    'd1  
#       num_last_rsps           integral                                32    'd1  
#     m_wb_m_agent              wb_m_agent                              -     @638 
#       a_port                  uvm_analysis_port                       -     @1421
#         recording_detail      integral                                32    'd1  
#       m_driver                wb_m_driver_base                        -     @1391
#         rsp_port              uvm_analysis_port                       -     @1406
#           recording_detail    integral                                32    'd1  
#         seq_item_port         uvm_seq_item_pull_port                  -     @1398
#           recording_detail    integral                                32    'd1  
#         recording_detail      integral                                32    'd1  
#       m_monitor               wb_m_monitor_base                       -     @1414
#         request_a_port        uvm_analysis_port                       -     @1437
#           recording_detail    integral                                32    'd1  
#         transaction_a_port    uvm_analysis_port                       -     @1429
#           recording_detail    integral                                32    'd1  
#         recording_detail      integral                                32    'd1  
#       m_sequencer             wb_m_sequencer_base                     -     @1282
#         request_export        uvm_analysis_export                     -     @1497
#           recording_detail    integral                                32    'd1  
#         request_fifo          uvm_tlm_analysis_fifo #(T)              -     @1450
#           analysis_export     uvm_analysis_imp                        -     @1489
#             recording_detail  integral                                32    'd1  
#           get_ap              uvm_analysis_port                       -     @1481
#             recording_detail  integral                                32    'd1  
#           get_peek_export     uvm_get_peek_imp                        -     @1465
#             recording_detail  integral                                32    'd1  
#           put_ap              uvm_analysis_port                       -     @1473
#             recording_detail  integral                                32    'd1  
#           put_export          uvm_put_imp                             -     @1457
#             recording_detail  integral                                32    'd1  
#           recording_detail    integral                                32    'd1  
#         rsp_export            uvm_analysis_export                     -     @1289
#           recording_detail    integral                                32    'd1  
#         seq_item_export       uvm_seq_item_pull_imp                   -     @1383
#           recording_detail    integral                                32    'd1  
#         recording_detail      integral                                32    'd1  
#         arbitration_queue     array                                   0     -    
#         lock_queue            array                                   0     -    
#         num_last_reqs         integral                                32    'd1  
#         num_last_rsps         integral                                32    'd1  
#       recording_detail        integral                                32    'd1  
#     m_wb_s_agent              wb_s_agent                              -     @631 
#       a_port                  uvm_analysis_port                       -     @1650
#         recording_detail      integral                                32    'd1  
#       m_driver                wb_s_driver_base                        -     @1620
#         rsp_port              uvm_analysis_port                       -     @1635
#           recording_detail    integral                                32    'd1  
#         seq_item_port         uvm_seq_item_pull_port                  -     @1627
#           recording_detail    integral                                32    'd1  
#         recording_detail      integral                                32    'd1  
#       m_monitor               wb_s_monitor_base                       -     @1643
#         a_port                uvm_analysis_port                       -     @1660
#           recording_detail    integral                                32    'd1  
#         bd_status_ap          uvm_analysis_port                       -     @1668
#           recording_detail    integral                                32    'd1  
#         recording_detail      integral                                32    'd1  
#       m_sequencer             wb_s_sequencer_base                     -     @1511
#         rsp_export            uvm_analysis_export                     -     @1518
#           recording_detail    integral                                32    'd1  
#         seq_item_export       uvm_seq_item_pull_imp                   -     @1612
#           recording_detail    integral                                32    'd1  
#         recording_detail      integral                                32    'd1  
#         arbitration_queue     array                                   0     -    
#         lock_queue            array                                   0     -    
#         num_last_reqs         integral                                32    'd1  
#         num_last_rsps         integral                                32    'd1  
#       recording_detail        integral                                32    'd1  
#     recording_detail          integral                                32    'd1  
#   recording_detail            integral                                32    'd1  
# ---------------------------------------------------------------------------------
# 
#### Factory Configuration (*)
# 
# No instance overrides are registered with this factory
# 
# Type Overrides:
# 
#   Requested Type      Override Type      
#   ------------------  -------------------
#   wb_m_seq_base       wb_m_seq_wr_rd
#   wb_s_seq_base       wb_s_seq_tx_ipgt
#   mii_tx_driver_base  mii_tx_driver_hd
#   eth_v_seq_tx        eth_v_seq_tx_active
# 
# All types registered with the factory: 129 total
# (types without type names will not be printed)
# 
#   Type Name
#   ---------
#   bd_mem
#   dma_mem
#   eth_collconf_reg
#   eth_cov_tx
#   eth_ctrlmoder_reg
#   eth_env_base
#   eth_env_config_obj
#   eth_env_rx
#   eth_env_tx
#   eth_hash0_reg
#   eth_hash1_reg
#   eth_int_mask_reg
#   eth_int_source_reg
#   eth_ipgr1_reg
#   eth_ipgr2_reg
#   eth_ipgt_reg
#   eth_mac_addr0_reg
#   eth_mac_addr1_reg
#   eth_miiaddress_reg
#   eth_miicommand_reg
#   eth_miimoder_reg
#   eth_miirx_data_reg
#   eth_miistatus_reg
#   eth_miitx_data_reg
#   eth_moder_reg
#   eth_packetlen_reg
#   eth_reg_block
#   eth_rx_scoreboard
#   eth_test_tx_base
#   eth_test_tx_bd_num
#   eth_test_tx_dcrc
#   eth_test_tx_hugen
#   eth_test_tx_ipgt
#   eth_test_tx_moder
#   eth_test_tx_nopre
#   eth_test_tx_pad
#   eth_test_tx_smoke
#   eth_tx_bd_num_reg
#   eth_tx_scoreboard
#   eth_tx_scoreboard_config_obj
#   eth_txctrl_reg
#   eth_v_seq_base
#   eth_v_seq_tx
#   eth_v_seq_tx_active
#   eth_v_sequencer
#   eth_wb_adapter
#   mdio_config_obj
#   mii_rx_agent
#   mii_rx_config_obj
#   mii_rx_driver_base
#   mii_rx_monitor_base
#   mii_rx_seq_item
#   mii_rx_sequencer_base
#   mii_tx_agent
#   mii_tx_config_obj
#   mii_tx_driver_base
#   mii_tx_driver_hd
#   mii_tx_monitor_base
#   mii_tx_seq_base
#   mii_tx_seq_item_base
#   mii_tx_sequencer_base
#   questa_uvm_recorder
#   wb_m_agent
#   wb_m_config_obj
#   wb_m_driver_base
#   wb_m_monitor_base
#   wb_m_seq_base
#   wb_m_seq_item_base
#   wb_m_seq_smoke
#   wb_m_seq_wr_rd
#   wb_m_sequencer_base
#   wb_s_agent
#   wb_s_basic_tx_seq
#   wb_s_config_obj
#   wb_s_control_frame_tx_seq
#   wb_s_driver_base
#   wb_s_monitor_base
#   wb_s_seq_base
#   wb_s_seq_tx_bd_num
#   wb_s_seq_tx_dcrc
#   wb_s_seq_tx_hugen
#   wb_s_seq_tx_ipgt
#   wb_s_seq_tx_moder
#   wb_s_seq_tx_no_pre
#   wb_s_seq_tx_pad
#   wb_s_sequencer_base
# (*) Types with no associated type name will be printed as <unknown>
# 
####
# 
# **************************************************************************
# * Questa UVM Transaction Recording Turned ON.                            *
# * recording_detail has been set.                                         *
# *  To turn off, set 'recording_detail' to off:                           *
# * uvm_config_db#(int)            ::set(null, "", "recording_detail", 0); *
# * uvm_config_db#(uvm_bitstream_t)::set(null, "", "recording_detail", 0); *
# **************************************************************************
# ** Warning: (vsim-WLF-5000) WLF file currently in use: vsim.wlf
#           File in use by: mwael  Hostname: MOHAMMAD-LAPTOP  ProcessID: 9636
#           Attempting to use alternate WLF file "./wlftx6gn5v".
# ** Warning: (vsim-WLF-5001) Could not open WLF file: vsim.wlf
#           Using alternate file: ./wlftx6gn5v
# UVM_INFO repo/tb/scoreboards/eth_tx_scoreboard/eth_tx_scoreboard.sv(413) @ 0: uvm_test_top.m_env.m_tx_sb [eth_tx_scoreboard] Tx scoreboard raised objection
# UVM_INFO repo/tb/virtual_seq_sqr/eth_v_seq_tx.sv(15) @ 0: uvm_test_top.m_env.m_v_sqr@@m_v_seq_tx [eth_v_seq_tx_active] Executing virtual sequence
# UVM_INFO repo/tb/agents/wb_m/wb_m_monitor_base.sv(101) @ 50000: uvm_test_top.m_env.m_wb_m_agent.m_monitor [wb_m_monitor_base] Begin monitoring after reset deassertion
# UVM_INFO repo/tb/agents/mii_tx/mii_tx_monitor_base.sv(58) @ 50000: uvm_test_top.m_env.m_mii_tx_agent.m_monitor [mii_tx_monitor_base] Begin monitoring after reset deassertion
# UVM_INFO repo/tb/agents/mii_tx/mii_tx_driver_base.sv(56) @ 60000: uvm_test_top.m_env.m_mii_tx_agent.m_driver [DRIVER] Reset deasserted — starting stimulus
# UVM_INFO repo/tb/sequences/wb_s_seq/wb_s_basic_tx_seq.sv(247) @ 117500: uvm_test_top.m_env.m_wb_s_agent.m_sequencer@@m_wb_s_seq_base [TX_CONFIG]  Configuring TX BD[0] - LEN=0x001a, PTR=0x01371abc, IRQ=0, WR=0, PAD=0, CRC=0
# UVM_INFO repo/tb/sequences/wb_s_seq/wb_s_basic_tx_seq.sv(247) @ 197500: uvm_test_top.m_env.m_wb_s_agent.m_sequencer@@m_wb_s_seq_base [TX_CONFIG]  Configuring TX BD[1] - LEN=0x000e, PTR=0x2baab464, IRQ=0, WR=0, PAD=1, CRC=0
# UVM_INFO repo/tb/sequences/wb_s_seq/wb_s_basic_tx_seq.sv(247) @ 277500: uvm_test_top.m_env.m_wb_s_agent.m_sequencer@@m_wb_s_seq_base [TX_CONFIG]  Configuring TX BD[2] - LEN=0x0039, PTR=0x4eaf8b90, IRQ=0, WR=0, PAD=0, CRC=0
# UVM_INFO repo/tb/sequences/wb_s_seq/wb_s_basic_tx_seq.sv(247) @ 357500: uvm_test_top.m_env.m_wb_s_agent.m_sequencer@@m_wb_s_seq_base [TX_CONFIG]  Configuring TX BD[3] - LEN=0x005f, PTR=0xbe25c16c, IRQ=0, WR=1, PAD=1, CRC=1
# UVM_INFO repo/tb/sequences/wb_s_seq/wb_s_basic_tx_seq.sv(148) @ 357500: uvm_test_top.m_env.m_wb_s_agent.m_sequencer@@m_wb_s_seq_base [TX_CONFIG] Configuring TX registers
# UVM_INFO repo/tb/sequences/wb_s_seq/wb_s_basic_tx_seq.sv(200) @ 512500: uvm_test_top.m_env.m_wb_s_agent.m_sequencer@@m_wb_s_seq_base [TX_CONFIG] MODER: FULLD=1, TXEN=1, BDNUM = 4, NOPRE=0, CRCEN=1, PAD=1, HUGEN=0, NOBCKOF=0, EXDF=0, IPGT = 127, MAXFL = 1518, MINFL = 64
# UVM_INFO repo/tb/sequences/wb_s_seq/wb_s_seq_tx_ipgt.sv(63) @ 512500: uvm_test_top.m_env.m_wb_s_agent.m_sequencer@@m_wb_s_seq_base [wb_s_seq_tx_ipgt] TX BD Num configuration completed
# UVM_INFO repo/tb/scoreboards/eth_tx_scoreboard/eth_tx_scoreboard.sv(831) @ 512500: uvm_test_top.m_env.m_tx_sb [eth_tx_scoreboard] TXEN asserted
# UVM_INFO repo/tb/scoreboards/eth_tx_scoreboard/eth_tx_scoreboard.sv(1196) @ 512500: uvm_test_top.m_env.m_tx_sb [eth_tx_scoreboard] TX BD[0] LEN=26 RD=1 IRQ=0 WR=0 PAD=1 CRC=1 PTR=0x01371abc
# UVM_INFO repo/tb/scoreboards/eth_tx_scoreboard/eth_tx_scoreboard.sv(684) @ 512500: uvm_test_top.m_env.m_tx_sb [eth_tx_scoreboard] Added 34 padding bytes (frame length = 60)
# UVM_INFO repo/tb/virtual_seq_sqr/eth_v_seq_tx.sv(25) @ 512500: uvm_test_top.m_env.m_v_sqr@@m_v_seq_tx [eth_v_seq_tx_active] virtual sequence completed
# UVM_INFO repo/tb/virtual_seq_sqr/eth_v_seq_tx_active.sv(11) @ 512500: uvm_test_top.m_env.m_v_sqr@@m_v_seq_tx [eth_v_seq_tx_active] Executing virtual sequence
# UVM_INFO repo/tb/virtual_seq_sqr/eth_v_seq_tx_active.sv(18) @ 512500: uvm_test_top.m_env.m_v_sqr@@m_v_seq_tx [eth_v_seq_tx_active] virtual sequence completed
# UVM_INFO repo/tb/scoreboards/eth_tx_scoreboard/eth_tx_scoreboard.sv(1291) @ 5300000: uvm_test_top.m_env.m_tx_sb [eth_tx_scoreboard] Comp_pack: MTXEN asserted
# UVM_INFO repo/tb/scoreboards/eth_tx_scoreboard/eth_tx_scoreboard.sv(916) @ 11028100: uvm_test_top.m_env.m_tx_sb [eth_tx_scoreboard] TX BD[0] completed
# UVM_INFO repo/tb/scoreboards/eth_tx_scoreboard/eth_tx_scoreboard.sv(1364) @ 11060000: uvm_test_top.m_env.m_tx_sb [eth_tx_scoreboard] Captured 72 bytes from MII
# UVM_INFO repo/tb/scoreboards/eth_tx_scoreboard/eth_tx_scoreboard.sv(1531) @ 11060000: uvm_test_top.m_env.m_tx_sb [eth_tx_scoreboard] Packet comparison PASSED (72 bytes)
# UVM_INFO repo/tb/scoreboards/eth_tx_scoreboard/eth_tx_scoreboard.sv(1196) @ 11061000: uvm_test_top.m_env.m_tx_sb [eth_tx_scoreboard] TX BD[1] LEN=14 RD=1 IRQ=0 WR=0 PAD=1 CRC=1 PTR=0x2baab464
# UVM_INFO repo/tb/scoreboards/eth_tx_scoreboard/eth_tx_scoreboard.sv(684) @ 11061000: uvm_test_top.m_env.m_tx_sb [eth_tx_scoreboard] Added 46 padding bytes (frame length = 60)
# UVM_INFO repo/tb/scoreboards/eth_tx_scoreboard/eth_tx_scoreboard.sv(1291) @ 16260000: uvm_test_top.m_env.m_tx_sb [eth_tx_scoreboard] Comp_pack: MTXEN asserted
# UVM_INFO repo/tb/scoreboards/eth_tx_scoreboard/eth_tx_scoreboard.sv(1764) @ 16260000: uvm_test_top.m_env.m_tx_sb [eth_tx_scoreboard] Measured IPGT = 130 MII clock cycles
# UVM_ERROR repo/tb/scoreboards/eth_tx_scoreboard/eth_tx_scoreboard.sv(1786) @ 16260000: uvm_test_top.m_env.m_tx_sb [eth_tx_scoreboard] IPGT mismatch
#                     Mode           : Full Duplex
#                     Register IPGT  : 0x7f
#                     Expected       : 133 MII cycles
#                     Measured       : 130 MII cycles
# UVM_INFO repo/tb/scoreboards/eth_tx_scoreboard/eth_tx_scoreboard.sv(916) @ 21988100: uvm_test_top.m_env.m_tx_sb [eth_tx_scoreboard] TX BD[1] completed
# UVM_INFO repo/tb/scoreboards/eth_tx_scoreboard/eth_tx_scoreboard.sv(1364) @ 22020000: uvm_test_top.m_env.m_tx_sb [eth_tx_scoreboard] Captured 72 bytes from MII
# UVM_INFO repo/tb/scoreboards/eth_tx_scoreboard/eth_tx_scoreboard.sv(1531) @ 22020000: uvm_test_top.m_env.m_tx_sb [eth_tx_scoreboard] Packet comparison PASSED (72 bytes)
# UVM_INFO repo/tb/scoreboards/eth_tx_scoreboard/eth_tx_scoreboard.sv(1196) @ 22021000: uvm_test_top.m_env.m_tx_sb [eth_tx_scoreboard] TX BD[2] LEN=57 RD=1 IRQ=0 WR=0 PAD=1 CRC=1 PTR=0x4eaf8b90
# UVM_INFO repo/tb/scoreboards/eth_tx_scoreboard/eth_tx_scoreboard.sv(684) @ 22021000: uvm_test_top.m_env.m_tx_sb [eth_tx_scoreboard] Added 3 padding bytes (frame length = 60)
# UVM_INFO repo/tb/scoreboards/eth_tx_scoreboard/eth_tx_scoreboard.sv(1291) @ 27220000: uvm_test_top.m_env.m_tx_sb [eth_tx_scoreboard] Comp_pack: MTXEN asserted
# UVM_INFO repo/tb/scoreboards/eth_tx_scoreboard/eth_tx_scoreboard.sv(1764) @ 27220000: uvm_test_top.m_env.m_tx_sb [eth_tx_scoreboard] Measured IPGT = 130 MII clock cycles
# UVM_ERROR repo/tb/scoreboards/eth_tx_scoreboard/eth_tx_scoreboard.sv(1786) @ 27220000: uvm_test_top.m_env.m_tx_sb [eth_tx_scoreboard] IPGT mismatch
#                     Mode           : Full Duplex
#                     Register IPGT  : 0x7f
#                     Expected       : 133 MII cycles
#                     Measured       : 130 MII cycles
# UVM_INFO repo/tb/scoreboards/eth_tx_scoreboard/eth_tx_scoreboard.sv(916) @ 32948100: uvm_test_top.m_env.m_tx_sb [eth_tx_scoreboard] TX BD[2] completed
# UVM_INFO repo/tb/scoreboards/eth_tx_scoreboard/eth_tx_scoreboard.sv(1364) @ 32980000: uvm_test_top.m_env.m_tx_sb [eth_tx_scoreboard] Captured 72 bytes from MII
# UVM_INFO repo/tb/scoreboards/eth_tx_scoreboard/eth_tx_scoreboard.sv(1531) @ 32980000: uvm_test_top.m_env.m_tx_sb [eth_tx_scoreboard] Packet comparison PASSED (72 bytes)
# UVM_INFO repo/tb/scoreboards/eth_tx_scoreboard/eth_tx_scoreboard.sv(1196) @ 32981000: uvm_test_top.m_env.m_tx_sb [eth_tx_scoreboard] TX BD[3] LEN=95 RD=1 IRQ=0 WR=1 PAD=1 CRC=1 PTR=0xbe25c16c
# UVM_INFO repo/tb/scoreboards/eth_tx_scoreboard/eth_tx_scoreboard.sv(1291) @ 38180000: uvm_test_top.m_env.m_tx_sb [eth_tx_scoreboard] Comp_pack: MTXEN asserted
# UVM_INFO repo/tb/scoreboards/eth_tx_scoreboard/eth_tx_scoreboard.sv(1764) @ 38180000: uvm_test_top.m_env.m_tx_sb [eth_tx_scoreboard] Measured IPGT = 130 MII clock cycles
# UVM_ERROR repo/tb/scoreboards/eth_tx_scoreboard/eth_tx_scoreboard.sv(1786) @ 38180000: uvm_test_top.m_env.m_tx_sb [eth_tx_scoreboard] IPGT mismatch
#                     Mode           : Full Duplex
#                     Register IPGT  : 0x7f
#                     Expected       : 133 MII cycles
#                     Measured       : 130 MII cycles
# UVM_INFO repo/tb/scoreboards/eth_tx_scoreboard/eth_tx_scoreboard.sv(916) @ 46708100: uvm_test_top.m_env.m_tx_sb [eth_tx_scoreboard] TX BD[3] completed
# UVM_INFO repo/tb/scoreboards/eth_tx_scoreboard/eth_tx_scoreboard.sv(1364) @ 46740000: uvm_test_top.m_env.m_tx_sb [eth_tx_scoreboard] Captured 107 bytes from MII
# UVM_INFO repo/tb/scoreboards/eth_tx_scoreboard/eth_tx_scoreboard.sv(1531) @ 46740000: uvm_test_top.m_env.m_tx_sb [eth_tx_scoreboard] Packet comparison PASSED (107 bytes)
# UVM_INFO repo/tb/scoreboards/eth_tx_scoreboard/eth_tx_scoreboard.sv(439) @ 46740200: uvm_test_top.m_env.m_tx_sb [eth_tx_scoreboard] Tx scoreboard dropped objection
# UVM_INFO verilog_src/uvm-1.1d/src/base/uvm_objection.svh(1267) @ 46740200: reporter [TEST_DONE] 'run' phase is ready to proceed to the 'extract' phase
# UVM_INFO repo/tb/agents/wb_m/wb_m_driver_base.sv(108) @ 46740200: uvm_test_top.m_env.m_wb_m_agent.m_driver [wb_m_driver_base] Drived 9338 active transactions
# UVM_INFO repo/tb/agents/wb_m/wb_m_monitor_base.sv(130) @ 46740200: uvm_test_top.m_env.m_wb_m_agent.m_monitor [wb_m_monitor_base] Monitored 9338 TRANSACTIONS
# 
# --- UVM Report Summary ---
# 
# ** Report counts by severity
# UVM_INFO :   51
# UVM_WARNING :    0
# UVM_ERROR :    3
# UVM_FATAL :    0
# ** Report counts by id
# [DRIVER]     1
# [Questa UVM]     2
# [RNTST]     1
# [TEST_DONE]     1
# [TX_CONFIG]     6
# [eth_test_tx_ipgt]     2
# [eth_tx_scoreboard]    32
# [eth_v_seq_tx_active]     4
# [mii_tx_monitor_base]     1
# [wb_m_driver_base]     1
# [wb_m_monitor_base]     2
# [wb_s_seq_tx_ipgt]     1
# ** Note: $finish    : D:/B/qsim_2021_1/win64/../verilog_src/uvm-1.1d/src/base/uvm_root.svh(430)
#    Time: 46740200 ps  Iteration: 57  Instance: /eth_tb
# Break in Task uvm_pkg/uvm_root::run_test at D:/B/qsim_2021_1/win64/../verilog_src/uvm-1.1d/src/base/uvm_root.svh line 430
# Stopped at D:/B/qsim_2021_1/win64/../verilog_src/uvm-1.1d/src/base/uvm_root.svh line 430
#  
#     coverage save $CODE_UCDB -codeAll -instance eth_tb.dut
#     coverage save $FUNC_UCDB -cvg -directive -assert
#     transcript file ""
#     

# End time: 19:35:53 on Jul 16,2026, Elapsed time: 0:01:04
# Errors: 0, Warnings: 8
# vsim -c -voptargs="+acc" work.eth_tb -coverage -classdebug -sv_seed random -uvmcontrol=all "+uvm_set_verbosity=uvm_test_top.m_env.*,_ALL_,UVM_MEDIUM,time,0" "+UVM_TESTNAME=eth_test_tx_ipgt" -onfinish stop -do "
#     run -all; 
#     coverage save $CODE_UCDB -codeAll -instance eth_tb.dut
#     coverage save $FUNC_UCDB -cvg -directive -assert
#     transcript file ""
#     " 
# Start time: 19:35:53 on Jul 16,2026
# ** Note: (vsim-8009) Loading existing optimized design _opt
# Loading sv_std.std
# Loading work.wb_m_if(fast)
# Loading work.wb_s_if(fast)
# Loading work.mii_tx_if(fast)
# Loading mtiUvm.uvm_pkg(fast)
# Loading work.eth_glob_pkg(fast)
# Loading work.mii_rx_seq_item_pkg(fast)
# Loading work.mii_tx_seq_item_pkg(fast)
# Loading work.wb_m_seq_item_pkg(fast)
# Loading work.wb_s_seq_item_pkg(fast)
# Loading work.eth_ral_pkg(fast)
# Loading work.eth_cov_pkg(fast)
# Loading work.mdio_if(fast)
# Loading work.mii_rx_if(fast)
# Loading work.eth_config_pkg(fast)
# Loading work.eth_rx_scoreboard_pkg(fast)
# Loading work.eth_tx_scoreboard_pkg(fast)
# Loading work.mii_tx_seq_pkg(fast)
# Loading work.wb_s_seq_pkg(fast)
# Loading work.wb_m_agent_pkg(fast)
# Loading work.wb_m_seq_pkg(fast)
# Loading work.mii_rx_agent_pkg(fast)
# Loading work.mii_tx_agent_pkg(fast)
# Loading work.wb_s_agent_pkg(fast)
# Loading work.eth_v_seq_sqr_pkg(fast)
# Loading work.eth_env_pkg(fast)
# Loading work.eth_test_tx_pkg(fast)
# Loading mtiUvm.questa_uvm_pkg(fast)
# Loading work.eth_tb(fast)
# Loading work.wb_s_if(fast__2)
# Loading work.wb_m_if(fast__2)
# Loading work.mii_tx_if(fast__2)
# Loading work.mii_rx_if(fast__2)
# Loading work.eth_top(fast)
# Loading work.eth_miim(fast)
# Loading work.eth_clockgen(fast)
# Loading work.eth_shiftreg(fast)
# Loading work.eth_outputcontrol(fast)
# Loading work.eth_registers(fast)
# Loading work.eth_register(fast)
# Loading work.eth_register(fast__1)
# Loading work.eth_register(fast__2)
# Loading work.eth_register(fast__3)
# Loading work.eth_register(fast__4)
# Loading work.eth_register(fast__5)
# Loading work.eth_register(fast__6)
# Loading work.eth_register(fast__7)
# Loading work.eth_register(fast__8)
# Loading work.eth_register(fast__9)
# Loading work.eth_register(fast__10)
# Loading work.eth_register(fast__11)
# Loading work.eth_register(fast__12)
# Loading work.eth_register(fast__13)
# Loading work.eth_register(fast__14)
# Loading work.eth_maccontrol(fast)
# Loading work.eth_receivecontrol(fast)
# Loading work.eth_transmitcontrol(fast)
# Loading work.eth_txethmac(fast)
# Loading work.eth_txcounters(fast)
# Loading work.eth_txstatem(fast)
# Loading work.eth_crc(fast)
# Loading work.eth_random(fast)
# Loading work.eth_rxethmac(fast)
# Loading work.eth_rxstatem(fast)
# Loading work.eth_rxcounters(fast)
# Loading work.eth_rxaddrcheck(fast)
# Loading work.eth_crc(fast__1)
# Loading work.eth_wishbone(fast)
# Loading work.eth_spram_256x32(fast)
# Loading work.eth_fifo(fast)
# Loading work.eth_macstatus(fast)
# Loading D:/B/qsim_2021_1/uvm-1.1d\win64\uvm_dpi.dll
# Sv_Seed = 1359026893
# 
#     run -all
# ----------------------------------------------------------------
# UVM-1.1d
# (C) 2007-2013 Mentor Graphics Corporation
# (C) 2007-2013 Cadence Design Systems, Inc.
# (C) 2006-2013 Synopsys, Inc.
# (C) 2011-2013 Cypress Semiconductor Corp.
# ----------------------------------------------------------------
# 
#   ***********       IMPORTANT RELEASE NOTES         ************
# 
#   You are using a version of the UVM library that has been compiled
#   with `UVM_NO_DEPRECATED undefined.
#   See http://www.eda.org/svdb/view.php?id=3313 for more details.
# 
#   You are using a version of the UVM library that has been compiled
#   with `UVM_OBJECT_MUST_HAVE_CONSTRUCTOR undefined.
#   See http://www.eda.org/svdb/view.php?id=3770 for more details.
# 
#       (Specify +UVM_NO_RELNOTES to turn off this notice)
# 
# UVM_INFO verilog_src/questa_uvm_pkg-1.2/src/questa_uvm_pkg.sv(277) @ 0: reporter [Questa UVM] QUESTA_UVM-1.2.3
# UVM_INFO verilog_src/questa_uvm_pkg-1.2/src/questa_uvm_pkg.sv(278) @ 0: reporter [Questa UVM]  questa_uvm::init(all)
# UVM_INFO @ 0: reporter [RNTST] Running test eth_test_tx_ipgt...
# UVM_INFO repo/tb/tests/eth_tests_tx/eth_test_tx_base.sv(22) @ 0: uvm_test_top [eth_test_tx_ipgt] start of build_phase
# ** Warning: (vsim-8547) After dropping the illegal, ignore or invalid values, the values list associated with fixed-size array sub bin 'regs[14]' in Coverpoint 'cp_reg' of Covergroup instance '\/eth_cov_pkg::eth_cov_tx::m_rw_bit_cov ' has converged to empty list. The sub bin will be taken out of coverage calculation.
#    Time: 0 ps  Iteration: 7  Region: /uvm_pkg::uvm_phase::m_run_phases
# ** Warning: (vsim-8547) After dropping the illegal, ignore or invalid values, the values list associated with fixed-size array sub bin 'regs[15]' in Coverpoint 'cp_reg' of Covergroup instance '\/eth_cov_pkg::eth_cov_tx::m_rw_bit_cov ' has converged to empty list. The sub bin will be taken out of coverage calculation.
#    Time: 0 ps  Iteration: 7  Region: /uvm_pkg::uvm_phase::m_run_phases
# ** Warning: (vsim-8547) After dropping the illegal, ignore or invalid values, the values list associated with fixed-size array sub bin 'regs[6]' in Coverpoint 'cp_reg' of Covergroup instance '\/eth_cov_pkg::eth_cov_tx::m_reserved_bit_cov ' has converged to empty list. The sub bin will be taken out of coverage calculation.
#    Time: 0 ps  Iteration: 7  Region: /uvm_pkg::uvm_phase::m_run_phases
# ** Warning: (vsim-8547) After dropping the illegal, ignore or invalid values, the values list associated with fixed-size array sub bin 'regs[16]' in Coverpoint 'cp_reg' of Covergroup instance '\/eth_cov_pkg::eth_cov_tx::m_reserved_bit_cov ' has converged to empty list. The sub bin will be taken out of coverage calculation.
#    Time: 0 ps  Iteration: 7  Region: /uvm_pkg::uvm_phase::m_run_phases
# ** Warning: (vsim-8547) After dropping the illegal, ignore or invalid values, the values list associated with fixed-size array sub bin 'regs[18]' in Coverpoint 'cp_reg' of Covergroup instance '\/eth_cov_pkg::eth_cov_tx::m_reserved_bit_cov ' has converged to empty list. The sub bin will be taken out of coverage calculation.
#    Time: 0 ps  Iteration: 7  Region: /uvm_pkg::uvm_phase::m_run_phases
# ** Warning: (vsim-8547) After dropping the illegal, ignore or invalid values, the values list associated with fixed-size array sub bin 'regs[19]' in Coverpoint 'cp_reg' of Covergroup instance '\/eth_cov_pkg::eth_cov_tx::m_reserved_bit_cov ' has converged to empty list. The sub bin will be taken out of coverage calculation.
#    Time: 0 ps  Iteration: 7  Region: /uvm_pkg::uvm_phase::m_run_phases
# UVM_INFO repo/tb/tests/eth_tests_tx/eth_test_tx_base.sv(59) @ 0: uvm_test_top [eth_test_tx_ipgt] start of sim phase
# ---------------------------------------------------------------------------------
# Name                          Type                                    Size  Value
# ---------------------------------------------------------------------------------
# uvm_test_top                  eth_test_tx_ipgt                        -     @488 
#   m_env                       eth_env_tx                              -     @508 
#     m_cov_tx                  eth_cov_tx                              -     @822 
#       mii_tx_export           uvm_analysis_export                     -     @986 
#         recording_detail      integral                                32    'd1  
#       mii_tx_fifo             uvm_tlm_analysis_fifo #(T)              -     @923 
#         analysis_export       uvm_analysis_imp                        -     @962 
#           recording_detail    integral                                32    'd1  
#         get_ap                uvm_analysis_port                       -     @954 
#           recording_detail    integral                                32    'd1  
#         get_peek_export       uvm_get_peek_imp                        -     @938 
#           recording_detail    integral                                32    'd1  
#         put_ap                uvm_analysis_port                       -     @946 
#           recording_detail    integral                                32    'd1  
#         put_export            uvm_put_imp                             -     @930 
#           recording_detail    integral                                32    'd1  
#         recording_detail      integral                                32    'd1  
#       wb_m_export             uvm_analysis_export                     -     @970 
#         recording_detail      integral                                32    'd1  
#       wb_m_fifo               uvm_tlm_analysis_fifo #(T)              -     @829 
#         analysis_export       uvm_analysis_imp                        -     @868 
#           recording_detail    integral                                32    'd1  
#         get_ap                uvm_analysis_port                       -     @860 
#           recording_detail    integral                                32    'd1  
#         get_peek_export       uvm_get_peek_imp                        -     @844 
#           recording_detail    integral                                32    'd1  
#         put_ap                uvm_analysis_port                       -     @852 
#           recording_detail    integral                                32    'd1  
#         put_export            uvm_put_imp                             -     @836 
#           recording_detail    integral                                32    'd1  
#         recording_detail      integral                                32    'd1  
#       wb_s_export             uvm_analysis_export                     -     @978 
#         recording_detail      integral                                32    'd1  
#       wb_s_fifo               uvm_tlm_analysis_fifo #(T)              -     @876 
#         analysis_export       uvm_analysis_imp                        -     @915 
#           recording_detail    integral                                32    'd1  
#         get_ap                uvm_analysis_port                       -     @907 
#           recording_detail    integral                                32    'd1  
#         get_peek_export       uvm_get_peek_imp                        -     @891 
#           recording_detail    integral                                32    'd1  
#         put_ap                uvm_analysis_port                       -     @899 
#           recording_detail    integral                                32    'd1  
#         put_export            uvm_put_imp                             -     @883 
#           recording_detail    integral                                32    'd1  
#         recording_detail      integral                                32    'd1  
#       recording_detail        integral                                32    'd1  
#     m_mii_tx_agent            mii_tx_agent                            -     @808 
#       agent_a_port            uvm_analysis_port                       -     @1135
#         recording_detail      integral                                32    'd1  
#       m_driver                mii_tx_driver_hd                        -     @996 
#         rsp_port              uvm_analysis_port                       -     @1011
#           recording_detail    integral                                32    'd1  
#         seq_item_port         uvm_seq_item_pull_port                  -     @1003
#           recording_detail    integral                                32    'd1  
#         recording_detail      integral                                32    'd1  
#       m_monitor               mii_tx_monitor_base                     -     @1128
#         monitor_tr_a_port     uvm_analysis_port                       -     @1143
#           recording_detail    integral                                32    'd1  
#         recording_detail      integral                                32    'd1  
#       m_sequencer             mii_tx_sequencer_base                   -     @1019
#         rsp_export            uvm_analysis_export                     -     @1026
#           recording_detail    integral                                32    'd1  
#         seq_item_export       uvm_seq_item_pull_imp                   -     @1120
#           recording_detail    integral                                32    'd1  
#         recording_detail      integral                                32    'd1  
#         arbitration_queue     array                                   0     -    
#         lock_queue            array                                   0     -    
#         num_last_reqs         integral                                32    'd1  
#         num_last_rsps         integral                                32    'd1  
#       recording_detail        integral                                32    'd1  
#     m_predictor               uvm_reg_predictor #(uvm_sequence_item)  -     @779 
#       bus_in                  uvm_analysis_imp                        -     @786 
#         recording_detail      integral                                32    'd1  
#       reg_ap                  uvm_analysis_port                       -     @794 
#         recording_detail      integral                                32    'd1  
#       recording_detail        integral                                32    'd1  
#     m_tx_sb                   eth_tx_scoreboard                       -     @815 
#       mii_tx_export           uvm_analysis_export                     -     @1258
#         recording_detail      integral                                32    'd1  
#       mii_tx_fifo             uvm_tlm_analysis_fifo #(T)              -     @1203
#         analysis_export       uvm_analysis_imp                        -     @1242
#           recording_detail    integral                                32    'd1  
#         get_ap                uvm_analysis_port                       -     @1234
#           recording_detail    integral                                32    'd1  
#         get_peek_export       uvm_get_peek_imp                        -     @1218
#           recording_detail    integral                                32    'd1  
#         put_ap                uvm_analysis_port                       -     @1226
#           recording_detail    integral                                32    'd1  
#         put_export            uvm_put_imp                             -     @1210
#           recording_detail    integral                                32    'd1  
#         recording_detail      integral                                32    'd1  
#       wb_m_export             uvm_analysis_export                     -     @1250
#         recording_detail      integral                                32    'd1  
#       wb_m_fifo               uvm_tlm_analysis_fifo #(T)              -     @1156
#         analysis_export       uvm_analysis_imp                        -     @1195
#           recording_detail    integral                                32    'd1  
#         get_ap                uvm_analysis_port                       -     @1187
#           recording_detail    integral                                32    'd1  
#         get_peek_export       uvm_get_peek_imp                        -     @1171
#           recording_detail    integral                                32    'd1  
#         put_ap                uvm_analysis_port                       -     @1179
#           recording_detail    integral                                32    'd1  
#         put_export            uvm_put_imp                             -     @1163
#           recording_detail    integral                                32    'd1  
#         recording_detail      integral                                32    'd1  
#       wb_s_imp                uvm_analysis_imp                        -     @1266
#         recording_detail      integral                                32    'd1  
#       recording_detail        integral                                32    'd1  
#     m_v_sqr                   eth_v_sequencer                         -     @522 
#       rsp_export              uvm_analysis_export                     -     @529 
#         recording_detail      integral                                32    'd1  
#       seq_item_export         uvm_seq_item_pull_imp                   -     @623 
#         recording_detail      integral                                32    'd1  
#       recording_detail        integral                                32    'd1  
#       arbitration_queue       array                                   0     -    
#       lock_queue              array                                   0     -    
#       num_last_reqs           integral                                32    'd1  
#       num_last_rsps           integral                                32    'd1  
#     m_wb_m_agent              wb_m_agent                              -     @638 
#       a_port                  uvm_analysis_port                       -     @1421
#         recording_detail      integral                                32    'd1  
#       m_driver                wb_m_driver_base                        -     @1391
#         rsp_port              uvm_analysis_port                       -     @1406
#           recording_detail    integral                                32    'd1  
#         seq_item_port         uvm_seq_item_pull_port                  -     @1398
#           recording_detail    integral                                32    'd1  
#         recording_detail      integral                                32    'd1  
#       m_monitor               wb_m_monitor_base                       -     @1414
#         request_a_port        uvm_analysis_port                       -     @1437
#           recording_detail    integral                                32    'd1  
#         transaction_a_port    uvm_analysis_port                       -     @1429
#           recording_detail    integral                                32    'd1  
#         recording_detail      integral                                32    'd1  
#       m_sequencer             wb_m_sequencer_base                     -     @1282
#         request_export        uvm_analysis_export                     -     @1497
#           recording_detail    integral                                32    'd1  
#         request_fifo          uvm_tlm_analysis_fifo #(T)              -     @1450
#           analysis_export     uvm_analysis_imp                        -     @1489
#             recording_detail  integral                                32    'd1  
#           get_ap              uvm_analysis_port                       -     @1481
#             recording_detail  integral                                32    'd1  
#           get_peek_export     uvm_get_peek_imp                        -     @1465
#             recording_detail  integral                                32    'd1  
#           put_ap              uvm_analysis_port                       -     @1473
#             recording_detail  integral                                32    'd1  
#           put_export          uvm_put_imp                             -     @1457
#             recording_detail  integral                                32    'd1  
#           recording_detail    integral                                32    'd1  
#         rsp_export            uvm_analysis_export                     -     @1289
#           recording_detail    integral                                32    'd1  
#         seq_item_export       uvm_seq_item_pull_imp                   -     @1383
#           recording_detail    integral                                32    'd1  
#         recording_detail      integral                                32    'd1  
#         arbitration_queue     array                                   0     -    
#         lock_queue            array                                   0     -    
#         num_last_reqs         integral                                32    'd1  
#         num_last_rsps         integral                                32    'd1  
#       recording_detail        integral                                32    'd1  
#     m_wb_s_agent              wb_s_agent                              -     @631 
#       a_port                  uvm_analysis_port                       -     @1650
#         recording_detail      integral                                32    'd1  
#       m_driver                wb_s_driver_base                        -     @1620
#         rsp_port              uvm_analysis_port                       -     @1635
#           recording_detail    integral                                32    'd1  
#         seq_item_port         uvm_seq_item_pull_port                  -     @1627
#           recording_detail    integral                                32    'd1  
#         recording_detail      integral                                32    'd1  
#       m_monitor               wb_s_monitor_base                       -     @1643
#         a_port                uvm_analysis_port                       -     @1660
#           recording_detail    integral                                32    'd1  
#         bd_status_ap          uvm_analysis_port                       -     @1668
#           recording_detail    integral                                32    'd1  
#         recording_detail      integral                                32    'd1  
#       m_sequencer             wb_s_sequencer_base                     -     @1511
#         rsp_export            uvm_analysis_export                     -     @1518
#           recording_detail    integral                                32    'd1  
#         seq_item_export       uvm_seq_item_pull_imp                   -     @1612
#           recording_detail    integral                                32    'd1  
#         recording_detail      integral                                32    'd1  
#         arbitration_queue     array                                   0     -    
#         lock_queue            array                                   0     -    
#         num_last_reqs         integral                                32    'd1  
#         num_last_rsps         integral                                32    'd1  
#       recording_detail        integral                                32    'd1  
#     recording_detail          integral                                32    'd1  
#   recording_detail            integral                                32    'd1  
# ---------------------------------------------------------------------------------
# 
#### Factory Configuration (*)
# 
# No instance overrides are registered with this factory
# 
# Type Overrides:
# 
#   Requested Type      Override Type      
#   ------------------  -------------------
#   wb_m_seq_base       wb_m_seq_wr_rd
#   wb_s_seq_base       wb_s_seq_tx_ipgt
#   mii_tx_driver_base  mii_tx_driver_hd
#   eth_v_seq_tx        eth_v_seq_tx_active
# 
# All types registered with the factory: 129 total
# (types without type names will not be printed)
# 
#   Type Name
#   ---------
#   bd_mem
#   dma_mem
#   eth_collconf_reg
#   eth_cov_tx
#   eth_ctrlmoder_reg
#   eth_env_base
#   eth_env_config_obj
#   eth_env_rx
#   eth_env_tx
#   eth_hash0_reg
#   eth_hash1_reg
#   eth_int_mask_reg
#   eth_int_source_reg
#   eth_ipgr1_reg
#   eth_ipgr2_reg
#   eth_ipgt_reg
#   eth_mac_addr0_reg
#   eth_mac_addr1_reg
#   eth_miiaddress_reg
#   eth_miicommand_reg
#   eth_miimoder_reg
#   eth_miirx_data_reg
#   eth_miistatus_reg
#   eth_miitx_data_reg
#   eth_moder_reg
#   eth_packetlen_reg
#   eth_reg_block
#   eth_rx_scoreboard
#   eth_test_tx_base
#   eth_test_tx_bd_num
#   eth_test_tx_dcrc
#   eth_test_tx_hugen
#   eth_test_tx_ipgt
#   eth_test_tx_moder
#   eth_test_tx_nopre
#   eth_test_tx_pad
#   eth_test_tx_smoke
#   eth_tx_bd_num_reg
#   eth_tx_scoreboard
#   eth_tx_scoreboard_config_obj
#   eth_txctrl_reg
#   eth_v_seq_base
#   eth_v_seq_tx
#   eth_v_seq_tx_active
#   eth_v_sequencer
#   eth_wb_adapter
#   mdio_config_obj
#   mii_rx_agent
#   mii_rx_config_obj
#   mii_rx_driver_base
#   mii_rx_monitor_base
#   mii_rx_seq_item
#   mii_rx_sequencer_base
#   mii_tx_agent
#   mii_tx_config_obj
#   mii_tx_driver_base
#   mii_tx_driver_hd
#   mii_tx_monitor_base
#   mii_tx_seq_base
#   mii_tx_seq_item_base
#   mii_tx_sequencer_base
#   questa_uvm_recorder
#   wb_m_agent
#   wb_m_config_obj
#   wb_m_driver_base
#   wb_m_monitor_base
#   wb_m_seq_base
#   wb_m_seq_item_base
#   wb_m_seq_smoke
#   wb_m_seq_wr_rd
#   wb_m_sequencer_base
#   wb_s_agent
#   wb_s_basic_tx_seq
#   wb_s_config_obj
#   wb_s_control_frame_tx_seq
#   wb_s_driver_base
#   wb_s_monitor_base
#   wb_s_seq_base
#   wb_s_seq_tx_bd_num
#   wb_s_seq_tx_dcrc
#   wb_s_seq_tx_hugen
#   wb_s_seq_tx_ipgt
#   wb_s_seq_tx_moder
#   wb_s_seq_tx_no_pre
#   wb_s_seq_tx_pad
#   wb_s_sequencer_base
# (*) Types with no associated type name will be printed as <unknown>
# 
####
# 
# **************************************************************************
# * Questa UVM Transaction Recording Turned ON.                            *
# * recording_detail has been set.                                         *
# *  To turn off, set 'recording_detail' to off:                           *
# * uvm_config_db#(int)            ::set(null, "", "recording_detail", 0); *
# * uvm_config_db#(uvm_bitstream_t)::set(null, "", "recording_detail", 0); *
# **************************************************************************
# ** Warning: (vsim-WLF-5000) WLF file currently in use: vsim.wlf
#           File in use by: mwael  Hostname: MOHAMMAD-LAPTOP  ProcessID: 9636
#           Attempting to use alternate WLF file "./wlftjznj1v".
# ** Warning: (vsim-WLF-5001) Could not open WLF file: vsim.wlf
#           Using alternate file: ./wlftjznj1v
# UVM_INFO repo/tb/scoreboards/eth_tx_scoreboard/eth_tx_scoreboard.sv(413) @ 0: uvm_test_top.m_env.m_tx_sb [eth_tx_scoreboard] Tx scoreboard raised objection
# UVM_INFO repo/tb/virtual_seq_sqr/eth_v_seq_tx.sv(15) @ 0: uvm_test_top.m_env.m_v_sqr@@m_v_seq_tx [eth_v_seq_tx_active] Executing virtual sequence
# UVM_INFO repo/tb/agents/wb_m/wb_m_monitor_base.sv(101) @ 50000: uvm_test_top.m_env.m_wb_m_agent.m_monitor [wb_m_monitor_base] Begin monitoring after reset deassertion
# UVM_INFO repo/tb/agents/mii_tx/mii_tx_monitor_base.sv(58) @ 50000: uvm_test_top.m_env.m_mii_tx_agent.m_monitor [mii_tx_monitor_base] Begin monitoring after reset deassertion
# UVM_INFO repo/tb/agents/mii_tx/mii_tx_driver_base.sv(56) @ 60000: uvm_test_top.m_env.m_mii_tx_agent.m_driver [DRIVER] Reset deasserted — starting stimulus
# UVM_INFO repo/tb/sequences/wb_s_seq/wb_s_basic_tx_seq.sv(247) @ 117500: uvm_test_top.m_env.m_wb_s_agent.m_sequencer@@m_wb_s_seq_base [TX_CONFIG]  Configuring TX BD[0] - LEN=0x0030, PTR=0x040c1038, IRQ=0, WR=0, PAD=0, CRC=1
# UVM_INFO repo/tb/sequences/wb_s_seq/wb_s_basic_tx_seq.sv(247) @ 197500: uvm_test_top.m_env.m_wb_s_agent.m_sequencer@@m_wb_s_seq_base [TX_CONFIG]  Configuring TX BD[1] - LEN=0x0015, PTR=0x2ef26990, IRQ=0, WR=0, PAD=1, CRC=1
# UVM_INFO repo/tb/sequences/wb_s_seq/wb_s_basic_tx_seq.sv(247) @ 277500: uvm_test_top.m_env.m_wb_s_agent.m_sequencer@@m_wb_s_seq_base [TX_CONFIG]  Configuring TX BD[2] - LEN=0x0005, PTR=0x9970ecdc, IRQ=0, WR=0, PAD=0, CRC=0
# UVM_INFO repo/tb/sequences/wb_s_seq/wb_s_basic_tx_seq.sv(247) @ 357500: uvm_test_top.m_env.m_wb_s_agent.m_sequencer@@m_wb_s_seq_base [TX_CONFIG]  Configuring TX BD[3] - LEN=0x000d, PTR=0xf41ee83c, IRQ=0, WR=1, PAD=0, CRC=0
# UVM_INFO repo/tb/sequences/wb_s_seq/wb_s_basic_tx_seq.sv(148) @ 357500: uvm_test_top.m_env.m_wb_s_agent.m_sequencer@@m_wb_s_seq_base [TX_CONFIG] Configuring TX registers
# UVM_INFO repo/tb/sequences/wb_s_seq/wb_s_basic_tx_seq.sv(200) @ 512500: uvm_test_top.m_env.m_wb_s_agent.m_sequencer@@m_wb_s_seq_base [TX_CONFIG] MODER: FULLD=0, TXEN=1, BDNUM = 4, NOPRE=0, CRCEN=1, PAD=1, HUGEN=0, NOBCKOF=0, EXDF=0, IPGT = 0, MAXFL = 1518, MINFL = 64
# UVM_INFO repo/tb/sequences/wb_s_seq/wb_s_seq_tx_ipgt.sv(63) @ 512500: uvm_test_top.m_env.m_wb_s_agent.m_sequencer@@m_wb_s_seq_base [wb_s_seq_tx_ipgt] TX BD Num configuration completed
# UVM_INFO repo/tb/scoreboards/eth_tx_scoreboard/eth_tx_scoreboard.sv(831) @ 512500: uvm_test_top.m_env.m_tx_sb [eth_tx_scoreboard] TXEN asserted
# UVM_INFO repo/tb/scoreboards/eth_tx_scoreboard/eth_tx_scoreboard.sv(1196) @ 512500: uvm_test_top.m_env.m_tx_sb [eth_tx_scoreboard] TX BD[0] LEN=48 RD=1 IRQ=0 WR=0 PAD=1 CRC=1 PTR=0x040c1038
# UVM_INFO repo/tb/scoreboards/eth_tx_scoreboard/eth_tx_scoreboard.sv(684) @ 512500: uvm_test_top.m_env.m_tx_sb [eth_tx_scoreboard] Added 12 padding bytes (frame length = 60)
# UVM_INFO repo/tb/virtual_seq_sqr/eth_v_seq_tx.sv(25) @ 512500: uvm_test_top.m_env.m_v_sqr@@m_v_seq_tx [eth_v_seq_tx_active] virtual sequence completed
# UVM_INFO repo/tb/virtual_seq_sqr/eth_v_seq_tx_active.sv(11) @ 512500: uvm_test_top.m_env.m_v_sqr@@m_v_seq_tx [eth_v_seq_tx_active] Executing virtual sequence
# UVM_INFO repo/tb/virtual_seq_sqr/eth_v_seq_tx_active.sv(18) @ 512500: uvm_test_top.m_env.m_v_sqr@@m_v_seq_tx [eth_v_seq_tx_active] virtual sequence completed
# UVM_INFO repo/tb/scoreboards/eth_tx_scoreboard/eth_tx_scoreboard.sv(1291) @ 940000: uvm_test_top.m_env.m_tx_sb [eth_tx_scoreboard] Comp_pack: MTXEN asserted
# UVM_INFO repo/tb/scoreboards/eth_tx_scoreboard/eth_tx_scoreboard.sv(916) @ 6668100: uvm_test_top.m_env.m_tx_sb [eth_tx_scoreboard] TX BD[0] completed
# UVM_INFO repo/tb/scoreboards/eth_tx_scoreboard/eth_tx_scoreboard.sv(1364) @ 6700000: uvm_test_top.m_env.m_tx_sb [eth_tx_scoreboard] Captured 72 bytes from MII
# UVM_INFO repo/tb/scoreboards/eth_tx_scoreboard/eth_tx_scoreboard.sv(1531) @ 6700000: uvm_test_top.m_env.m_tx_sb [eth_tx_scoreboard] Packet comparison PASSED (72 bytes)
# UVM_INFO repo/tb/scoreboards/eth_tx_scoreboard/eth_tx_scoreboard.sv(1196) @ 6701000: uvm_test_top.m_env.m_tx_sb [eth_tx_scoreboard] TX BD[1] LEN=21 RD=1 IRQ=0 WR=0 PAD=1 CRC=1 PTR=0x2ef26990
# UVM_INFO repo/tb/scoreboards/eth_tx_scoreboard/eth_tx_scoreboard.sv(684) @ 6701000: uvm_test_top.m_env.m_tx_sb [eth_tx_scoreboard] Added 39 padding bytes (frame length = 60)
# UVM_INFO repo/tb/scoreboards/eth_tx_scoreboard/eth_tx_scoreboard.sv(1291) @ 6980000: uvm_test_top.m_env.m_tx_sb [eth_tx_scoreboard] Comp_pack: MTXEN asserted
# UVM_INFO repo/tb/scoreboards/eth_tx_scoreboard/eth_tx_scoreboard.sv(1764) @ 6980000: uvm_test_top.m_env.m_tx_sb [eth_tx_scoreboard] Measured IPGT = 7 MII clock cycles
# UVM_INFO repo/tb/scoreboards/eth_tx_scoreboard/eth_tx_scoreboard.sv(1801) @ 6980000: uvm_test_top.m_env.m_tx_sb [eth_tx_scoreboard] IPGT PASS (3 MII cycles)
# UVM_INFO repo/tb/scoreboards/eth_tx_scoreboard/eth_tx_scoreboard.sv(916) @ 12708100: uvm_test_top.m_env.m_tx_sb [eth_tx_scoreboard] TX BD[1] completed
# UVM_INFO repo/tb/scoreboards/eth_tx_scoreboard/eth_tx_scoreboard.sv(1364) @ 12740000: uvm_test_top.m_env.m_tx_sb [eth_tx_scoreboard] Captured 72 bytes from MII
# UVM_INFO repo/tb/scoreboards/eth_tx_scoreboard/eth_tx_scoreboard.sv(1531) @ 12740000: uvm_test_top.m_env.m_tx_sb [eth_tx_scoreboard] Packet comparison PASSED (72 bytes)
# UVM_INFO repo/tb/scoreboards/eth_tx_scoreboard/eth_tx_scoreboard.sv(1196) @ 12741000: uvm_test_top.m_env.m_tx_sb [eth_tx_scoreboard] TX BD[2] LEN=5 RD=1 IRQ=0 WR=0 PAD=1 CRC=1 PTR=0x9970ecdc
# UVM_INFO repo/tb/scoreboards/eth_tx_scoreboard/eth_tx_scoreboard.sv(684) @ 12741000: uvm_test_top.m_env.m_tx_sb [eth_tx_scoreboard] Added 55 padding bytes (frame length = 60)
# UVM_INFO repo/tb/scoreboards/eth_tx_scoreboard/eth_tx_scoreboard.sv(1291) @ 13020000: uvm_test_top.m_env.m_tx_sb [eth_tx_scoreboard] Comp_pack: MTXEN asserted
# UVM_INFO repo/tb/scoreboards/eth_tx_scoreboard/eth_tx_scoreboard.sv(1764) @ 13020000: uvm_test_top.m_env.m_tx_sb [eth_tx_scoreboard] Measured IPGT = 7 MII clock cycles
# UVM_INFO repo/tb/scoreboards/eth_tx_scoreboard/eth_tx_scoreboard.sv(1801) @ 13020000: uvm_test_top.m_env.m_tx_sb [eth_tx_scoreboard] IPGT PASS (3 MII cycles)
# UVM_INFO repo/tb/scoreboards/eth_tx_scoreboard/eth_tx_scoreboard.sv(916) @ 18748100: uvm_test_top.m_env.m_tx_sb [eth_tx_scoreboard] TX BD[2] completed
# UVM_INFO repo/tb/scoreboards/eth_tx_scoreboard/eth_tx_scoreboard.sv(1364) @ 18780000: uvm_test_top.m_env.m_tx_sb [eth_tx_scoreboard] Captured 72 bytes from MII
# UVM_INFO repo/tb/scoreboards/eth_tx_scoreboard/eth_tx_scoreboard.sv(1531) @ 18780000: uvm_test_top.m_env.m_tx_sb [eth_tx_scoreboard] Packet comparison PASSED (72 bytes)
# UVM_INFO repo/tb/scoreboards/eth_tx_scoreboard/eth_tx_scoreboard.sv(1196) @ 18781000: uvm_test_top.m_env.m_tx_sb [eth_tx_scoreboard] TX BD[3] LEN=13 RD=1 IRQ=0 WR=1 PAD=1 CRC=1 PTR=0xf41ee83c
# UVM_INFO repo/tb/scoreboards/eth_tx_scoreboard/eth_tx_scoreboard.sv(684) @ 18781000: uvm_test_top.m_env.m_tx_sb [eth_tx_scoreboard] Added 47 padding bytes (frame length = 60)
# UVM_INFO repo/tb/scoreboards/eth_tx_scoreboard/eth_tx_scoreboard.sv(1291) @ 19060000: uvm_test_top.m_env.m_tx_sb [eth_tx_scoreboard] Comp_pack: MTXEN asserted
# UVM_INFO repo/tb/scoreboards/eth_tx_scoreboard/eth_tx_scoreboard.sv(1764) @ 19060000: uvm_test_top.m_env.m_tx_sb [eth_tx_scoreboard] Measured IPGT = 7 MII clock cycles
# UVM_INFO repo/tb/scoreboards/eth_tx_scoreboard/eth_tx_scoreboard.sv(1801) @ 19060000: uvm_test_top.m_env.m_tx_sb [eth_tx_scoreboard] IPGT PASS (3 MII cycles)
# UVM_INFO repo/tb/scoreboards/eth_tx_scoreboard/eth_tx_scoreboard.sv(916) @ 24788100: uvm_test_top.m_env.m_tx_sb [eth_tx_scoreboard] TX BD[3] completed
# UVM_INFO repo/tb/scoreboards/eth_tx_scoreboard/eth_tx_scoreboard.sv(1364) @ 24820000: uvm_test_top.m_env.m_tx_sb [eth_tx_scoreboard] Captured 72 bytes from MII
# UVM_INFO repo/tb/scoreboards/eth_tx_scoreboard/eth_tx_scoreboard.sv(1531) @ 24820000: uvm_test_top.m_env.m_tx_sb [eth_tx_scoreboard] Packet comparison PASSED (72 bytes)
# UVM_INFO repo/tb/scoreboards/eth_tx_scoreboard/eth_tx_scoreboard.sv(439) @ 24820200: uvm_test_top.m_env.m_tx_sb [eth_tx_scoreboard] Tx scoreboard dropped objection
# UVM_INFO verilog_src/uvm-1.1d/src/base/uvm_objection.svh(1267) @ 24820200: reporter [TEST_DONE] 'run' phase is ready to proceed to the 'extract' phase
# UVM_INFO repo/tb/agents/wb_m/wb_m_driver_base.sv(108) @ 24820200: uvm_test_top.m_env.m_wb_m_agent.m_driver [wb_m_driver_base] Drived 4954 active transactions
# UVM_INFO repo/tb/agents/wb_m/wb_m_monitor_base.sv(130) @ 24820200: uvm_test_top.m_env.m_wb_m_agent.m_monitor [wb_m_monitor_base] Monitored 4954 TRANSACTIONS
# 
# --- UVM Report Summary ---
# 
# ** Report counts by severity
# UVM_INFO :   55
# UVM_WARNING :    0
# UVM_ERROR :    0
# UVM_FATAL :    0
# ** Report counts by id
# [DRIVER]     1
# [Questa UVM]     2
# [RNTST]     1
# [TEST_DONE]     1
# [TX_CONFIG]     6
# [eth_test_tx_ipgt]     2
# [eth_tx_scoreboard]    33
# [eth_v_seq_tx_active]     4
# [mii_tx_monitor_base]     1
# [wb_m_driver_base]     1
# [wb_m_monitor_base]     2
# [wb_s_seq_tx_ipgt]     1
# ** Note: $finish    : D:/B/qsim_2021_1/win64/../verilog_src/uvm-1.1d/src/base/uvm_root.svh(430)
#    Time: 24820200 ps  Iteration: 57  Instance: /eth_tb
# Break in Task uvm_pkg/uvm_root::run_test at D:/B/qsim_2021_1/win64/../verilog_src/uvm-1.1d/src/base/uvm_root.svh line 430
# Stopped at D:/B/qsim_2021_1/win64/../verilog_src/uvm-1.1d/src/base/uvm_root.svh line 430
#  
#     coverage save $CODE_UCDB -codeAll -instance eth_tb.dut
#     coverage save $FUNC_UCDB -cvg -directive -assert
#     transcript file ""
#     

# End time: 19:36:35 on Jul 16,2026, Elapsed time: 0:00:42
# Errors: 0, Warnings: 8
# vsim -c -voptargs="+acc" work.eth_tb -coverage -classdebug -sv_seed random -uvmcontrol=all "+uvm_set_verbosity=uvm_test_top.m_env.*,_ALL_,UVM_MEDIUM,time,0" "+UVM_TESTNAME=eth_test_tx_ipgt" -onfinish stop -do "
#     run -all; 
#     coverage save $CODE_UCDB -codeAll -instance eth_tb.dut
#     coverage save $FUNC_UCDB -cvg -directive -assert
#     transcript file ""
#     " 
# Start time: 19:36:36 on Jul 16,2026
# ** Note: (vsim-8009) Loading existing optimized design _opt
# Loading sv_std.std
# Loading work.wb_m_if(fast)
# Loading work.wb_s_if(fast)
# Loading work.mii_tx_if(fast)
# Loading mtiUvm.uvm_pkg(fast)
# Loading work.eth_glob_pkg(fast)
# Loading work.mii_rx_seq_item_pkg(fast)
# Loading work.mii_tx_seq_item_pkg(fast)
# Loading work.wb_m_seq_item_pkg(fast)
# Loading work.wb_s_seq_item_pkg(fast)
# Loading work.eth_ral_pkg(fast)
# Loading work.eth_cov_pkg(fast)
# Loading work.mdio_if(fast)
# Loading work.mii_rx_if(fast)
# Loading work.eth_config_pkg(fast)
# Loading work.eth_rx_scoreboard_pkg(fast)
# Loading work.eth_tx_scoreboard_pkg(fast)
# Loading work.mii_tx_seq_pkg(fast)
# Loading work.wb_s_seq_pkg(fast)
# Loading work.wb_m_agent_pkg(fast)
# Loading work.wb_m_seq_pkg(fast)
# Loading work.mii_rx_agent_pkg(fast)
# Loading work.mii_tx_agent_pkg(fast)
# Loading work.wb_s_agent_pkg(fast)
# Loading work.eth_v_seq_sqr_pkg(fast)
# Loading work.eth_env_pkg(fast)
# Loading work.eth_test_tx_pkg(fast)
# Loading mtiUvm.questa_uvm_pkg(fast)
# Loading work.eth_tb(fast)
# Loading work.wb_s_if(fast__2)
# Loading work.wb_m_if(fast__2)
# Loading work.mii_tx_if(fast__2)
# Loading work.mii_rx_if(fast__2)
# Loading work.eth_top(fast)
# Loading work.eth_miim(fast)
# Loading work.eth_clockgen(fast)
# Loading work.eth_shiftreg(fast)
# Loading work.eth_outputcontrol(fast)
# Loading work.eth_registers(fast)
# Loading work.eth_register(fast)
# Loading work.eth_register(fast__1)
# Loading work.eth_register(fast__2)
# Loading work.eth_register(fast__3)
# Loading work.eth_register(fast__4)
# Loading work.eth_register(fast__5)
# Loading work.eth_register(fast__6)
# Loading work.eth_register(fast__7)
# Loading work.eth_register(fast__8)
# Loading work.eth_register(fast__9)
# Loading work.eth_register(fast__10)
# Loading work.eth_register(fast__11)
# Loading work.eth_register(fast__12)
# Loading work.eth_register(fast__13)
# Loading work.eth_register(fast__14)
# Loading work.eth_maccontrol(fast)
# Loading work.eth_receivecontrol(fast)
# Loading work.eth_transmitcontrol(fast)
# Loading work.eth_txethmac(fast)
# Loading work.eth_txcounters(fast)
# Loading work.eth_txstatem(fast)
# Loading work.eth_crc(fast)
# Loading work.eth_random(fast)
# Loading work.eth_rxethmac(fast)
# Loading work.eth_rxstatem(fast)
# Loading work.eth_rxcounters(fast)
# Loading work.eth_rxaddrcheck(fast)
# Loading work.eth_crc(fast__1)
# Loading work.eth_wishbone(fast)
# Loading work.eth_spram_256x32(fast)
# Loading work.eth_fifo(fast)
# Loading work.eth_macstatus(fast)
# Loading D:/B/qsim_2021_1/uvm-1.1d\win64\uvm_dpi.dll
# Sv_Seed = 161565573
# 
#     run -all
# ----------------------------------------------------------------
# UVM-1.1d
# (C) 2007-2013 Mentor Graphics Corporation
# (C) 2007-2013 Cadence Design Systems, Inc.
# (C) 2006-2013 Synopsys, Inc.
# (C) 2011-2013 Cypress Semiconductor Corp.
# ----------------------------------------------------------------
# 
#   ***********       IMPORTANT RELEASE NOTES         ************
# 
#   You are using a version of the UVM library that has been compiled
#   with `UVM_NO_DEPRECATED undefined.
#   See http://www.eda.org/svdb/view.php?id=3313 for more details.
# 
#   You are using a version of the UVM library that has been compiled
#   with `UVM_OBJECT_MUST_HAVE_CONSTRUCTOR undefined.
#   See http://www.eda.org/svdb/view.php?id=3770 for more details.
# 
#       (Specify +UVM_NO_RELNOTES to turn off this notice)
# 
# UVM_INFO verilog_src/questa_uvm_pkg-1.2/src/questa_uvm_pkg.sv(277) @ 0: reporter [Questa UVM] QUESTA_UVM-1.2.3
# UVM_INFO verilog_src/questa_uvm_pkg-1.2/src/questa_uvm_pkg.sv(278) @ 0: reporter [Questa UVM]  questa_uvm::init(all)
# UVM_INFO @ 0: reporter [RNTST] Running test eth_test_tx_ipgt...
# UVM_INFO repo/tb/tests/eth_tests_tx/eth_test_tx_base.sv(22) @ 0: uvm_test_top [eth_test_tx_ipgt] start of build_phase
# ** Warning: (vsim-8547) After dropping the illegal, ignore or invalid values, the values list associated with fixed-size array sub bin 'regs[14]' in Coverpoint 'cp_reg' of Covergroup instance '\/eth_cov_pkg::eth_cov_tx::m_rw_bit_cov ' has converged to empty list. The sub bin will be taken out of coverage calculation.
#    Time: 0 ps  Iteration: 7  Region: /uvm_pkg::uvm_phase::m_run_phases
# ** Warning: (vsim-8547) After dropping the illegal, ignore or invalid values, the values list associated with fixed-size array sub bin 'regs[15]' in Coverpoint 'cp_reg' of Covergroup instance '\/eth_cov_pkg::eth_cov_tx::m_rw_bit_cov ' has converged to empty list. The sub bin will be taken out of coverage calculation.
#    Time: 0 ps  Iteration: 7  Region: /uvm_pkg::uvm_phase::m_run_phases
# ** Warning: (vsim-8547) After dropping the illegal, ignore or invalid values, the values list associated with fixed-size array sub bin 'regs[6]' in Coverpoint 'cp_reg' of Covergroup instance '\/eth_cov_pkg::eth_cov_tx::m_reserved_bit_cov ' has converged to empty list. The sub bin will be taken out of coverage calculation.
#    Time: 0 ps  Iteration: 7  Region: /uvm_pkg::uvm_phase::m_run_phases
# ** Warning: (vsim-8547) After dropping the illegal, ignore or invalid values, the values list associated with fixed-size array sub bin 'regs[16]' in Coverpoint 'cp_reg' of Covergroup instance '\/eth_cov_pkg::eth_cov_tx::m_reserved_bit_cov ' has converged to empty list. The sub bin will be taken out of coverage calculation.
#    Time: 0 ps  Iteration: 7  Region: /uvm_pkg::uvm_phase::m_run_phases
# ** Warning: (vsim-8547) After dropping the illegal, ignore or invalid values, the values list associated with fixed-size array sub bin 'regs[18]' in Coverpoint 'cp_reg' of Covergroup instance '\/eth_cov_pkg::eth_cov_tx::m_reserved_bit_cov ' has converged to empty list. The sub bin will be taken out of coverage calculation.
#    Time: 0 ps  Iteration: 7  Region: /uvm_pkg::uvm_phase::m_run_phases
# ** Warning: (vsim-8547) After dropping the illegal, ignore or invalid values, the values list associated with fixed-size array sub bin 'regs[19]' in Coverpoint 'cp_reg' of Covergroup instance '\/eth_cov_pkg::eth_cov_tx::m_reserved_bit_cov ' has converged to empty list. The sub bin will be taken out of coverage calculation.
#    Time: 0 ps  Iteration: 7  Region: /uvm_pkg::uvm_phase::m_run_phases
# UVM_INFO repo/tb/tests/eth_tests_tx/eth_test_tx_base.sv(59) @ 0: uvm_test_top [eth_test_tx_ipgt] start of sim phase
# ---------------------------------------------------------------------------------
# Name                          Type                                    Size  Value
# ---------------------------------------------------------------------------------
# uvm_test_top                  eth_test_tx_ipgt                        -     @488 
#   m_env                       eth_env_tx                              -     @508 
#     m_cov_tx                  eth_cov_tx                              -     @822 
#       mii_tx_export           uvm_analysis_export                     -     @986 
#         recording_detail      integral                                32    'd1  
#       mii_tx_fifo             uvm_tlm_analysis_fifo #(T)              -     @923 
#         analysis_export       uvm_analysis_imp                        -     @962 
#           recording_detail    integral                                32    'd1  
#         get_ap                uvm_analysis_port                       -     @954 
#           recording_detail    integral                                32    'd1  
#         get_peek_export       uvm_get_peek_imp                        -     @938 
#           recording_detail    integral                                32    'd1  
#         put_ap                uvm_analysis_port                       -     @946 
#           recording_detail    integral                                32    'd1  
#         put_export            uvm_put_imp                             -     @930 
#           recording_detail    integral                                32    'd1  
#         recording_detail      integral                                32    'd1  
#       wb_m_export             uvm_analysis_export                     -     @970 
#         recording_detail      integral                                32    'd1  
#       wb_m_fifo               uvm_tlm_analysis_fifo #(T)              -     @829 
#         analysis_export       uvm_analysis_imp                        -     @868 
#           recording_detail    integral                                32    'd1  
#         get_ap                uvm_analysis_port                       -     @860 
#           recording_detail    integral                                32    'd1  
#         get_peek_export       uvm_get_peek_imp                        -     @844 
#           recording_detail    integral                                32    'd1  
#         put_ap                uvm_analysis_port                       -     @852 
#           recording_detail    integral                                32    'd1  
#         put_export            uvm_put_imp                             -     @836 
#           recording_detail    integral                                32    'd1  
#         recording_detail      integral                                32    'd1  
#       wb_s_export             uvm_analysis_export                     -     @978 
#         recording_detail      integral                                32    'd1  
#       wb_s_fifo               uvm_tlm_analysis_fifo #(T)              -     @876 
#         analysis_export       uvm_analysis_imp                        -     @915 
#           recording_detail    integral                                32    'd1  
#         get_ap                uvm_analysis_port                       -     @907 
#           recording_detail    integral                                32    'd1  
#         get_peek_export       uvm_get_peek_imp                        -     @891 
#           recording_detail    integral                                32    'd1  
#         put_ap                uvm_analysis_port                       -     @899 
#           recording_detail    integral                                32    'd1  
#         put_export            uvm_put_imp                             -     @883 
#           recording_detail    integral                                32    'd1  
#         recording_detail      integral                                32    'd1  
#       recording_detail        integral                                32    'd1  
#     m_mii_tx_agent            mii_tx_agent                            -     @808 
#       agent_a_port            uvm_analysis_port                       -     @1135
#         recording_detail      integral                                32    'd1  
#       m_driver                mii_tx_driver_hd                        -     @996 
#         rsp_port              uvm_analysis_port                       -     @1011
#           recording_detail    integral                                32    'd1  
#         seq_item_port         uvm_seq_item_pull_port                  -     @1003
#           recording_detail    integral                                32    'd1  
#         recording_detail      integral                                32    'd1  
#       m_monitor               mii_tx_monitor_base                     -     @1128
#         monitor_tr_a_port     uvm_analysis_port                       -     @1143
#           recording_detail    integral                                32    'd1  
#         recording_detail      integral                                32    'd1  
#       m_sequencer             mii_tx_sequencer_base                   -     @1019
#         rsp_export            uvm_analysis_export                     -     @1026
#           recording_detail    integral                                32    'd1  
#         seq_item_export       uvm_seq_item_pull_imp                   -     @1120
#           recording_detail    integral                                32    'd1  
#         recording_detail      integral                                32    'd1  
#         arbitration_queue     array                                   0     -    
#         lock_queue            array                                   0     -    
#         num_last_reqs         integral                                32    'd1  
#         num_last_rsps         integral                                32    'd1  
#       recording_detail        integral                                32    'd1  
#     m_predictor               uvm_reg_predictor #(uvm_sequence_item)  -     @779 
#       bus_in                  uvm_analysis_imp                        -     @786 
#         recording_detail      integral                                32    'd1  
#       reg_ap                  uvm_analysis_port                       -     @794 
#         recording_detail      integral                                32    'd1  
#       recording_detail        integral                                32    'd1  
#     m_tx_sb                   eth_tx_scoreboard                       -     @815 
#       mii_tx_export           uvm_analysis_export                     -     @1258
#         recording_detail      integral                                32    'd1  
#       mii_tx_fifo             uvm_tlm_analysis_fifo #(T)              -     @1203
#         analysis_export       uvm_analysis_imp                        -     @1242
#           recording_detail    integral                                32    'd1  
#         get_ap                uvm_analysis_port                       -     @1234
#           recording_detail    integral                                32    'd1  
#         get_peek_export       uvm_get_peek_imp                        -     @1218
#           recording_detail    integral                                32    'd1  
#         put_ap                uvm_analysis_port                       -     @1226
#           recording_detail    integral                                32    'd1  
#         put_export            uvm_put_imp                             -     @1210
#           recording_detail    integral                                32    'd1  
#         recording_detail      integral                                32    'd1  
#       wb_m_export             uvm_analysis_export                     -     @1250
#         recording_detail      integral                                32    'd1  
#       wb_m_fifo               uvm_tlm_analysis_fifo #(T)              -     @1156
#         analysis_export       uvm_analysis_imp                        -     @1195
#           recording_detail    integral                                32    'd1  
#         get_ap                uvm_analysis_port                       -     @1187
#           recording_detail    integral                                32    'd1  
#         get_peek_export       uvm_get_peek_imp                        -     @1171
#           recording_detail    integral                                32    'd1  
#         put_ap                uvm_analysis_port                       -     @1179
#           recording_detail    integral                                32    'd1  
#         put_export            uvm_put_imp                             -     @1163
#           recording_detail    integral                                32    'd1  
#         recording_detail      integral                                32    'd1  
#       wb_s_imp                uvm_analysis_imp                        -     @1266
#         recording_detail      integral                                32    'd1  
#       recording_detail        integral                                32    'd1  
#     m_v_sqr                   eth_v_sequencer                         -     @522 
#       rsp_export              uvm_analysis_export                     -     @529 
#         recording_detail      integral                                32    'd1  
#       seq_item_export         uvm_seq_item_pull_imp                   -     @623 
#         recording_detail      integral                                32    'd1  
#       recording_detail        integral                                32    'd1  
#       arbitration_queue       array                                   0     -    
#       lock_queue              array                                   0     -    
#       num_last_reqs           integral                                32    'd1  
#       num_last_rsps           integral                                32    'd1  
#     m_wb_m_agent              wb_m_agent                              -     @638 
#       a_port                  uvm_analysis_port                       -     @1421
#         recording_detail      integral                                32    'd1  
#       m_driver                wb_m_driver_base                        -     @1391
#         rsp_port              uvm_analysis_port                       -     @1406
#           recording_detail    integral                                32    'd1  
#         seq_item_port         uvm_seq_item_pull_port                  -     @1398
#           recording_detail    integral                                32    'd1  
#         recording_detail      integral                                32    'd1  
#       m_monitor               wb_m_monitor_base                       -     @1414
#         request_a_port        uvm_analysis_port                       -     @1437
#           recording_detail    integral                                32    'd1  
#         transaction_a_port    uvm_analysis_port                       -     @1429
#           recording_detail    integral                                32    'd1  
#         recording_detail      integral                                32    'd1  
#       m_sequencer             wb_m_sequencer_base                     -     @1282
#         request_export        uvm_analysis_export                     -     @1497
#           recording_detail    integral                                32    'd1  
#         request_fifo          uvm_tlm_analysis_fifo #(T)              -     @1450
#           analysis_export     uvm_analysis_imp                        -     @1489
#             recording_detail  integral                                32    'd1  
#           get_ap              uvm_analysis_port                       -     @1481
#             recording_detail  integral                                32    'd1  
#           get_peek_export     uvm_get_peek_imp                        -     @1465
#             recording_detail  integral                                32    'd1  
#           put_ap              uvm_analysis_port                       -     @1473
#             recording_detail  integral                                32    'd1  
#           put_export          uvm_put_imp                             -     @1457
#             recording_detail  integral                                32    'd1  
#           recording_detail    integral                                32    'd1  
#         rsp_export            uvm_analysis_export                     -     @1289
#           recording_detail    integral                                32    'd1  
#         seq_item_export       uvm_seq_item_pull_imp                   -     @1383
#           recording_detail    integral                                32    'd1  
#         recording_detail      integral                                32    'd1  
#         arbitration_queue     array                                   0     -    
#         lock_queue            array                                   0     -    
#         num_last_reqs         integral                                32    'd1  
#         num_last_rsps         integral                                32    'd1  
#       recording_detail        integral                                32    'd1  
#     m_wb_s_agent              wb_s_agent                              -     @631 
#       a_port                  uvm_analysis_port                       -     @1650
#         recording_detail      integral                                32    'd1  
#       m_driver                wb_s_driver_base                        -     @1620
#         rsp_port              uvm_analysis_port                       -     @1635
#           recording_detail    integral                                32    'd1  
#         seq_item_port         uvm_seq_item_pull_port                  -     @1627
#           recording_detail    integral                                32    'd1  
#         recording_detail      integral                                32    'd1  
#       m_monitor               wb_s_monitor_base                       -     @1643
#         a_port                uvm_analysis_port                       -     @1660
#           recording_detail    integral                                32    'd1  
#         bd_status_ap          uvm_analysis_port                       -     @1668
#           recording_detail    integral                                32    'd1  
#         recording_detail      integral                                32    'd1  
#       m_sequencer             wb_s_sequencer_base                     -     @1511
#         rsp_export            uvm_analysis_export                     -     @1518
#           recording_detail    integral                                32    'd1  
#         seq_item_export       uvm_seq_item_pull_imp                   -     @1612
#           recording_detail    integral                                32    'd1  
#         recording_detail      integral                                32    'd1  
#         arbitration_queue     array                                   0     -    
#         lock_queue            array                                   0     -    
#         num_last_reqs         integral                                32    'd1  
#         num_last_rsps         integral                                32    'd1  
#       recording_detail        integral                                32    'd1  
#     recording_detail          integral                                32    'd1  
#   recording_detail            integral                                32    'd1  
# ---------------------------------------------------------------------------------
# 
#### Factory Configuration (*)
# 
# No instance overrides are registered with this factory
# 
# Type Overrides:
# 
#   Requested Type      Override Type      
#   ------------------  -------------------
#   wb_m_seq_base       wb_m_seq_wr_rd
#   wb_s_seq_base       wb_s_seq_tx_ipgt
#   mii_tx_driver_base  mii_tx_driver_hd
#   eth_v_seq_tx        eth_v_seq_tx_active
# 
# All types registered with the factory: 129 total
# (types without type names will not be printed)
# 
#   Type Name
#   ---------
#   bd_mem
#   dma_mem
#   eth_collconf_reg
#   eth_cov_tx
#   eth_ctrlmoder_reg
#   eth_env_base
#   eth_env_config_obj
#   eth_env_rx
#   eth_env_tx
#   eth_hash0_reg
#   eth_hash1_reg
#   eth_int_mask_reg
#   eth_int_source_reg
#   eth_ipgr1_reg
#   eth_ipgr2_reg
#   eth_ipgt_reg
#   eth_mac_addr0_reg
#   eth_mac_addr1_reg
#   eth_miiaddress_reg
#   eth_miicommand_reg
#   eth_miimoder_reg
#   eth_miirx_data_reg
#   eth_miistatus_reg
#   eth_miitx_data_reg
#   eth_moder_reg
#   eth_packetlen_reg
#   eth_reg_block
#   eth_rx_scoreboard
#   eth_test_tx_base
#   eth_test_tx_bd_num
#   eth_test_tx_dcrc
#   eth_test_tx_hugen
#   eth_test_tx_ipgt
#   eth_test_tx_moder
#   eth_test_tx_nopre
#   eth_test_tx_pad
#   eth_test_tx_smoke
#   eth_tx_bd_num_reg
#   eth_tx_scoreboard
#   eth_tx_scoreboard_config_obj
#   eth_txctrl_reg
#   eth_v_seq_base
#   eth_v_seq_tx
#   eth_v_seq_tx_active
#   eth_v_sequencer
#   eth_wb_adapter
#   mdio_config_obj
#   mii_rx_agent
#   mii_rx_config_obj
#   mii_rx_driver_base
#   mii_rx_monitor_base
#   mii_rx_seq_item
#   mii_rx_sequencer_base
#   mii_tx_agent
#   mii_tx_config_obj
#   mii_tx_driver_base
#   mii_tx_driver_hd
#   mii_tx_monitor_base
#   mii_tx_seq_base
#   mii_tx_seq_item_base
#   mii_tx_sequencer_base
#   questa_uvm_recorder
#   wb_m_agent
#   wb_m_config_obj
#   wb_m_driver_base
#   wb_m_monitor_base
#   wb_m_seq_base
#   wb_m_seq_item_base
#   wb_m_seq_smoke
#   wb_m_seq_wr_rd
#   wb_m_sequencer_base
#   wb_s_agent
#   wb_s_basic_tx_seq
#   wb_s_config_obj
#   wb_s_control_frame_tx_seq
#   wb_s_driver_base
#   wb_s_monitor_base
#   wb_s_seq_base
#   wb_s_seq_tx_bd_num
#   wb_s_seq_tx_dcrc
#   wb_s_seq_tx_hugen
#   wb_s_seq_tx_ipgt
#   wb_s_seq_tx_moder
#   wb_s_seq_tx_no_pre
#   wb_s_seq_tx_pad
#   wb_s_sequencer_base
# (*) Types with no associated type name will be printed as <unknown>
# 
####
# 
# **************************************************************************
# * Questa UVM Transaction Recording Turned ON.                            *
# * recording_detail has been set.                                         *
# *  To turn off, set 'recording_detail' to off:                           *
# * uvm_config_db#(int)            ::set(null, "", "recording_detail", 0); *
# * uvm_config_db#(uvm_bitstream_t)::set(null, "", "recording_detail", 0); *
# **************************************************************************
# ** Warning: (vsim-WLF-5000) WLF file currently in use: vsim.wlf
#           File in use by: mwael  Hostname: MOHAMMAD-LAPTOP  ProcessID: 9636
#           Attempting to use alternate WLF file "./wlft4a7zc4".
# ** Warning: (vsim-WLF-5001) Could not open WLF file: vsim.wlf
#           Using alternate file: ./wlft4a7zc4
# UVM_INFO repo/tb/scoreboards/eth_tx_scoreboard/eth_tx_scoreboard.sv(413) @ 0: uvm_test_top.m_env.m_tx_sb [eth_tx_scoreboard] Tx scoreboard raised objection
# UVM_INFO repo/tb/virtual_seq_sqr/eth_v_seq_tx.sv(15) @ 0: uvm_test_top.m_env.m_v_sqr@@m_v_seq_tx [eth_v_seq_tx_active] Executing virtual sequence
# UVM_INFO repo/tb/agents/wb_m/wb_m_monitor_base.sv(101) @ 50000: uvm_test_top.m_env.m_wb_m_agent.m_monitor [wb_m_monitor_base] Begin monitoring after reset deassertion
# UVM_INFO repo/tb/agents/mii_tx/mii_tx_monitor_base.sv(58) @ 50000: uvm_test_top.m_env.m_mii_tx_agent.m_monitor [mii_tx_monitor_base] Begin monitoring after reset deassertion
# UVM_INFO repo/tb/agents/mii_tx/mii_tx_driver_base.sv(56) @ 60000: uvm_test_top.m_env.m_mii_tx_agent.m_driver [DRIVER] Reset deasserted — starting stimulus
# UVM_INFO repo/tb/sequences/wb_s_seq/wb_s_basic_tx_seq.sv(247) @ 117500: uvm_test_top.m_env.m_wb_s_agent.m_sequencer@@m_wb_s_seq_base [TX_CONFIG]  Configuring TX BD[0] - LEN=0x0030, PTR=0x2d388ca4, IRQ=0, WR=0, PAD=0, CRC=0
# UVM_INFO repo/tb/sequences/wb_s_seq/wb_s_basic_tx_seq.sv(247) @ 197500: uvm_test_top.m_env.m_wb_s_agent.m_sequencer@@m_wb_s_seq_base [TX_CONFIG]  Configuring TX BD[1] - LEN=0x0047, PTR=0x334a9cbc, IRQ=0, WR=0, PAD=0, CRC=1
# UVM_INFO repo/tb/sequences/wb_s_seq/wb_s_basic_tx_seq.sv(247) @ 277500: uvm_test_top.m_env.m_wb_s_agent.m_sequencer@@m_wb_s_seq_base [TX_CONFIG]  Configuring TX BD[2] - LEN=0x000b, PTR=0x8811a138, IRQ=0, WR=0, PAD=0, CRC=1
# UVM_INFO repo/tb/sequences/wb_s_seq/wb_s_basic_tx_seq.sv(247) @ 357500: uvm_test_top.m_env.m_wb_s_agent.m_sequencer@@m_wb_s_seq_base [TX_CONFIG]  Configuring TX BD[3] - LEN=0x004f, PTR=0xe6165bc0, IRQ=0, WR=1, PAD=0, CRC=1
# UVM_INFO repo/tb/sequences/wb_s_seq/wb_s_basic_tx_seq.sv(148) @ 357500: uvm_test_top.m_env.m_wb_s_agent.m_sequencer@@m_wb_s_seq_base [TX_CONFIG] Configuring TX registers
# UVM_INFO repo/tb/sequences/wb_s_seq/wb_s_basic_tx_seq.sv(200) @ 512500: uvm_test_top.m_env.m_wb_s_agent.m_sequencer@@m_wb_s_seq_base [TX_CONFIG] MODER: FULLD=0, TXEN=1, BDNUM = 4, NOPRE=0, CRCEN=1, PAD=1, HUGEN=0, NOBCKOF=0, EXDF=0, IPGT = 0, MAXFL = 1518, MINFL = 64
# UVM_INFO repo/tb/sequences/wb_s_seq/wb_s_seq_tx_ipgt.sv(63) @ 512500: uvm_test_top.m_env.m_wb_s_agent.m_sequencer@@m_wb_s_seq_base [wb_s_seq_tx_ipgt] TX BD Num configuration completed
# UVM_INFO repo/tb/scoreboards/eth_tx_scoreboard/eth_tx_scoreboard.sv(831) @ 512500: uvm_test_top.m_env.m_tx_sb [eth_tx_scoreboard] TXEN asserted
# UVM_INFO repo/tb/scoreboards/eth_tx_scoreboard/eth_tx_scoreboard.sv(1196) @ 512500: uvm_test_top.m_env.m_tx_sb [eth_tx_scoreboard] TX BD[0] LEN=48 RD=1 IRQ=0 WR=0 PAD=1 CRC=1 PTR=0x2d388ca4
# UVM_INFO repo/tb/scoreboards/eth_tx_scoreboard/eth_tx_scoreboard.sv(684) @ 512500: uvm_test_top.m_env.m_tx_sb [eth_tx_scoreboard] Added 12 padding bytes (frame length = 60)
# UVM_INFO repo/tb/virtual_seq_sqr/eth_v_seq_tx.sv(25) @ 512500: uvm_test_top.m_env.m_v_sqr@@m_v_seq_tx [eth_v_seq_tx_active] virtual sequence completed
# UVM_INFO repo/tb/virtual_seq_sqr/eth_v_seq_tx_active.sv(11) @ 512500: uvm_test_top.m_env.m_v_sqr@@m_v_seq_tx [eth_v_seq_tx_active] Executing virtual sequence
# UVM_INFO repo/tb/virtual_seq_sqr/eth_v_seq_tx_active.sv(18) @ 512500: uvm_test_top.m_env.m_v_sqr@@m_v_seq_tx [eth_v_seq_tx_active] virtual sequence completed
# UVM_INFO repo/tb/scoreboards/eth_tx_scoreboard/eth_tx_scoreboard.sv(1291) @ 940000: uvm_test_top.m_env.m_tx_sb [eth_tx_scoreboard] Comp_pack: MTXEN asserted
# UVM_INFO repo/tb/scoreboards/eth_tx_scoreboard/eth_tx_scoreboard.sv(916) @ 6668100: uvm_test_top.m_env.m_tx_sb [eth_tx_scoreboard] TX BD[0] completed
# UVM_INFO repo/tb/scoreboards/eth_tx_scoreboard/eth_tx_scoreboard.sv(1364) @ 6700000: uvm_test_top.m_env.m_tx_sb [eth_tx_scoreboard] Captured 72 bytes from MII
# UVM_INFO repo/tb/scoreboards/eth_tx_scoreboard/eth_tx_scoreboard.sv(1531) @ 6700000: uvm_test_top.m_env.m_tx_sb [eth_tx_scoreboard] Packet comparison PASSED (72 bytes)
# UVM_INFO repo/tb/scoreboards/eth_tx_scoreboard/eth_tx_scoreboard.sv(1196) @ 6701000: uvm_test_top.m_env.m_tx_sb [eth_tx_scoreboard] TX BD[1] LEN=71 RD=1 IRQ=0 WR=0 PAD=1 CRC=1 PTR=0x334a9cbc
# UVM_INFO repo/tb/scoreboards/eth_tx_scoreboard/eth_tx_scoreboard.sv(1291) @ 7020000: uvm_test_top.m_env.m_tx_sb [eth_tx_scoreboard] Comp_pack: MTXEN asserted
# UVM_INFO repo/tb/scoreboards/eth_tx_scoreboard/eth_tx_scoreboard.sv(1764) @ 7020000: uvm_test_top.m_env.m_tx_sb [eth_tx_scoreboard] Measured IPGT = 8 MII clock cycles
# UVM_INFO repo/tb/scoreboards/eth_tx_scoreboard/eth_tx_scoreboard.sv(1801) @ 7020000: uvm_test_top.m_env.m_tx_sb [eth_tx_scoreboard] IPGT PASS (3 MII cycles)
# UVM_INFO repo/tb/scoreboards/eth_tx_scoreboard/eth_tx_scoreboard.sv(916) @ 13628100: uvm_test_top.m_env.m_tx_sb [eth_tx_scoreboard] TX BD[1] completed
# UVM_INFO repo/tb/scoreboards/eth_tx_scoreboard/eth_tx_scoreboard.sv(1364) @ 13660000: uvm_test_top.m_env.m_tx_sb [eth_tx_scoreboard] Captured 83 bytes from MII
# UVM_INFO repo/tb/scoreboards/eth_tx_scoreboard/eth_tx_scoreboard.sv(1531) @ 13660000: uvm_test_top.m_env.m_tx_sb [eth_tx_scoreboard] Packet comparison PASSED (83 bytes)
# UVM_INFO repo/tb/scoreboards/eth_tx_scoreboard/eth_tx_scoreboard.sv(1196) @ 13661000: uvm_test_top.m_env.m_tx_sb [eth_tx_scoreboard] TX BD[2] LEN=11 RD=1 IRQ=0 WR=0 PAD=1 CRC=1 PTR=0x8811a138
# UVM_INFO repo/tb/scoreboards/eth_tx_scoreboard/eth_tx_scoreboard.sv(684) @ 13661000: uvm_test_top.m_env.m_tx_sb [eth_tx_scoreboard] Added 49 padding bytes (frame length = 60)
# UVM_INFO repo/tb/scoreboards/eth_tx_scoreboard/eth_tx_scoreboard.sv(1291) @ 13940000: uvm_test_top.m_env.m_tx_sb [eth_tx_scoreboard] Comp_pack: MTXEN asserted
# UVM_INFO repo/tb/scoreboards/eth_tx_scoreboard/eth_tx_scoreboard.sv(1764) @ 13940000: uvm_test_top.m_env.m_tx_sb [eth_tx_scoreboard] Measured IPGT = 7 MII clock cycles
# UVM_INFO repo/tb/scoreboards/eth_tx_scoreboard/eth_tx_scoreboard.sv(1801) @ 13940000: uvm_test_top.m_env.m_tx_sb [eth_tx_scoreboard] IPGT PASS (3 MII cycles)
# UVM_INFO repo/tb/scoreboards/eth_tx_scoreboard/eth_tx_scoreboard.sv(916) @ 19668100: uvm_test_top.m_env.m_tx_sb [eth_tx_scoreboard] TX BD[2] completed
# UVM_INFO repo/tb/scoreboards/eth_tx_scoreboard/eth_tx_scoreboard.sv(1364) @ 19700000: uvm_test_top.m_env.m_tx_sb [eth_tx_scoreboard] Captured 72 bytes from MII
# UVM_INFO repo/tb/scoreboards/eth_tx_scoreboard/eth_tx_scoreboard.sv(1531) @ 19700000: uvm_test_top.m_env.m_tx_sb [eth_tx_scoreboard] Packet comparison PASSED (72 bytes)
# UVM_INFO repo/tb/scoreboards/eth_tx_scoreboard/eth_tx_scoreboard.sv(1196) @ 19701000: uvm_test_top.m_env.m_tx_sb [eth_tx_scoreboard] TX BD[3] LEN=79 RD=1 IRQ=0 WR=1 PAD=1 CRC=1 PTR=0xe6165bc0
# UVM_INFO repo/tb/scoreboards/eth_tx_scoreboard/eth_tx_scoreboard.sv(1291) @ 20020000: uvm_test_top.m_env.m_tx_sb [eth_tx_scoreboard] Comp_pack: MTXEN asserted
# UVM_INFO repo/tb/scoreboards/eth_tx_scoreboard/eth_tx_scoreboard.sv(1764) @ 20020000: uvm_test_top.m_env.m_tx_sb [eth_tx_scoreboard] Measured IPGT = 8 MII clock cycles
# UVM_INFO repo/tb/scoreboards/eth_tx_scoreboard/eth_tx_scoreboard.sv(1801) @ 20020000: uvm_test_top.m_env.m_tx_sb [eth_tx_scoreboard] IPGT PASS (3 MII cycles)
# UVM_INFO repo/tb/scoreboards/eth_tx_scoreboard/eth_tx_scoreboard.sv(916) @ 27268100: uvm_test_top.m_env.m_tx_sb [eth_tx_scoreboard] TX BD[3] completed
# UVM_INFO repo/tb/scoreboards/eth_tx_scoreboard/eth_tx_scoreboard.sv(1364) @ 27300000: uvm_test_top.m_env.m_tx_sb [eth_tx_scoreboard] Captured 91 bytes from MII
# UVM_INFO repo/tb/scoreboards/eth_tx_scoreboard/eth_tx_scoreboard.sv(1531) @ 27300000: uvm_test_top.m_env.m_tx_sb [eth_tx_scoreboard] Packet comparison PASSED (91 bytes)
# UVM_INFO repo/tb/scoreboards/eth_tx_scoreboard/eth_tx_scoreboard.sv(439) @ 27300200: uvm_test_top.m_env.m_tx_sb [eth_tx_scoreboard] Tx scoreboard dropped objection
# UVM_INFO verilog_src/uvm-1.1d/src/base/uvm_objection.svh(1267) @ 27300200: reporter [TEST_DONE] 'run' phase is ready to proceed to the 'extract' phase
# UVM_INFO repo/tb/agents/wb_m/wb_m_driver_base.sv(108) @ 27300200: uvm_test_top.m_env.m_wb_m_agent.m_driver [wb_m_driver_base] Drived 5450 active transactions
# UVM_INFO repo/tb/agents/wb_m/wb_m_monitor_base.sv(130) @ 27300200: uvm_test_top.m_env.m_wb_m_agent.m_monitor [wb_m_monitor_base] Monitored 5450 TRANSACTIONS
# 
# --- UVM Report Summary ---
# 
# ** Report counts by severity
# UVM_INFO :   53
# UVM_WARNING :    0
# UVM_ERROR :    0
# UVM_FATAL :    0
# ** Report counts by id
# [DRIVER]     1
# [Questa UVM]     2
# [RNTST]     1
# [TEST_DONE]     1
# [TX_CONFIG]     6
# [eth_test_tx_ipgt]     2
# [eth_tx_scoreboard]    31
# [eth_v_seq_tx_active]     4
# [mii_tx_monitor_base]     1
# [wb_m_driver_base]     1
# [wb_m_monitor_base]     2
# [wb_s_seq_tx_ipgt]     1
# ** Note: $finish    : D:/B/qsim_2021_1/win64/../verilog_src/uvm-1.1d/src/base/uvm_root.svh(430)
#    Time: 27300200 ps  Iteration: 57  Instance: /eth_tb
# Break in Task uvm_pkg/uvm_root::run_test at D:/B/qsim_2021_1/win64/../verilog_src/uvm-1.1d/src/base/uvm_root.svh line 430
# Stopped at D:/B/qsim_2021_1/win64/../verilog_src/uvm-1.1d/src/base/uvm_root.svh line 430
#  
#     coverage save $CODE_UCDB -codeAll -instance eth_tb.dut
#     coverage save $FUNC_UCDB -cvg -directive -assert
#     transcript file ""
#     

# End time: 19:37:20 on Jul 16,2026, Elapsed time: 0:00:44
# Errors: 0, Warnings: 8
# vsim -c -voptargs="+acc" work.eth_tb -coverage -classdebug -sv_seed random -uvmcontrol=all "+uvm_set_verbosity=uvm_test_top.m_env.*,_ALL_,UVM_MEDIUM,time,0" "+UVM_TESTNAME=eth_test_tx_ipgt" -onfinish stop -do "
#     run -all; 
#     coverage save $CODE_UCDB -codeAll -instance eth_tb.dut
#     coverage save $FUNC_UCDB -cvg -directive -assert
#     transcript file ""
#     " 
# Start time: 19:37:20 on Jul 16,2026
# ** Note: (vsim-8009) Loading existing optimized design _opt
# Loading sv_std.std
# Loading work.wb_m_if(fast)
# Loading work.wb_s_if(fast)
# Loading work.mii_tx_if(fast)
# Loading mtiUvm.uvm_pkg(fast)
# Loading work.eth_glob_pkg(fast)
# Loading work.mii_rx_seq_item_pkg(fast)
# Loading work.mii_tx_seq_item_pkg(fast)
# Loading work.wb_m_seq_item_pkg(fast)
# Loading work.wb_s_seq_item_pkg(fast)
# Loading work.eth_ral_pkg(fast)
# Loading work.eth_cov_pkg(fast)
# Loading work.mdio_if(fast)
# Loading work.mii_rx_if(fast)
# Loading work.eth_config_pkg(fast)
# Loading work.eth_rx_scoreboard_pkg(fast)
# Loading work.eth_tx_scoreboard_pkg(fast)
# Loading work.mii_tx_seq_pkg(fast)
# Loading work.wb_s_seq_pkg(fast)
# Loading work.wb_m_agent_pkg(fast)
# Loading work.wb_m_seq_pkg(fast)
# Loading work.mii_rx_agent_pkg(fast)
# Loading work.mii_tx_agent_pkg(fast)
# Loading work.wb_s_agent_pkg(fast)
# Loading work.eth_v_seq_sqr_pkg(fast)
# Loading work.eth_env_pkg(fast)
# Loading work.eth_test_tx_pkg(fast)
# Loading mtiUvm.questa_uvm_pkg(fast)
# Loading work.eth_tb(fast)
# Loading work.wb_s_if(fast__2)
# Loading work.wb_m_if(fast__2)
# Loading work.mii_tx_if(fast__2)
# Loading work.mii_rx_if(fast__2)
# Loading work.eth_top(fast)
# Loading work.eth_miim(fast)
# Loading work.eth_clockgen(fast)
# Loading work.eth_shiftreg(fast)
# Loading work.eth_outputcontrol(fast)
# Loading work.eth_registers(fast)
# Loading work.eth_register(fast)
# Loading work.eth_register(fast__1)
# Loading work.eth_register(fast__2)
# Loading work.eth_register(fast__3)
# Loading work.eth_register(fast__4)
# Loading work.eth_register(fast__5)
# Loading work.eth_register(fast__6)
# Loading work.eth_register(fast__7)
# Loading work.eth_register(fast__8)
# Loading work.eth_register(fast__9)
# Loading work.eth_register(fast__10)
# Loading work.eth_register(fast__11)
# Loading work.eth_register(fast__12)
# Loading work.eth_register(fast__13)
# Loading work.eth_register(fast__14)
# Loading work.eth_maccontrol(fast)
# Loading work.eth_receivecontrol(fast)
# Loading work.eth_transmitcontrol(fast)
# Loading work.eth_txethmac(fast)
# Loading work.eth_txcounters(fast)
# Loading work.eth_txstatem(fast)
# Loading work.eth_crc(fast)
# Loading work.eth_random(fast)
# Loading work.eth_rxethmac(fast)
# Loading work.eth_rxstatem(fast)
# Loading work.eth_rxcounters(fast)
# Loading work.eth_rxaddrcheck(fast)
# Loading work.eth_crc(fast__1)
# Loading work.eth_wishbone(fast)
# Loading work.eth_spram_256x32(fast)
# Loading work.eth_fifo(fast)
# Loading work.eth_macstatus(fast)
# Loading D:/B/qsim_2021_1/uvm-1.1d\win64\uvm_dpi.dll
# Sv_Seed = 1556171829
# 
#     run -all
# ----------------------------------------------------------------
# UVM-1.1d
# (C) 2007-2013 Mentor Graphics Corporation
# (C) 2007-2013 Cadence Design Systems, Inc.
# (C) 2006-2013 Synopsys, Inc.
# (C) 2011-2013 Cypress Semiconductor Corp.
# ----------------------------------------------------------------
# 
#   ***********       IMPORTANT RELEASE NOTES         ************
# 
#   You are using a version of the UVM library that has been compiled
#   with `UVM_NO_DEPRECATED undefined.
#   See http://www.eda.org/svdb/view.php?id=3313 for more details.
# 
#   You are using a version of the UVM library that has been compiled
#   with `UVM_OBJECT_MUST_HAVE_CONSTRUCTOR undefined.
#   See http://www.eda.org/svdb/view.php?id=3770 for more details.
# 
#       (Specify +UVM_NO_RELNOTES to turn off this notice)
# 
# UVM_INFO verilog_src/questa_uvm_pkg-1.2/src/questa_uvm_pkg.sv(277) @ 0: reporter [Questa UVM] QUESTA_UVM-1.2.3
# UVM_INFO verilog_src/questa_uvm_pkg-1.2/src/questa_uvm_pkg.sv(278) @ 0: reporter [Questa UVM]  questa_uvm::init(all)
# UVM_INFO @ 0: reporter [RNTST] Running test eth_test_tx_ipgt...
# UVM_INFO repo/tb/tests/eth_tests_tx/eth_test_tx_base.sv(22) @ 0: uvm_test_top [eth_test_tx_ipgt] start of build_phase
# ** Warning: (vsim-8547) After dropping the illegal, ignore or invalid values, the values list associated with fixed-size array sub bin 'regs[14]' in Coverpoint 'cp_reg' of Covergroup instance '\/eth_cov_pkg::eth_cov_tx::m_rw_bit_cov ' has converged to empty list. The sub bin will be taken out of coverage calculation.
#    Time: 0 ps  Iteration: 7  Region: /uvm_pkg::uvm_phase::m_run_phases
# ** Warning: (vsim-8547) After dropping the illegal, ignore or invalid values, the values list associated with fixed-size array sub bin 'regs[15]' in Coverpoint 'cp_reg' of Covergroup instance '\/eth_cov_pkg::eth_cov_tx::m_rw_bit_cov ' has converged to empty list. The sub bin will be taken out of coverage calculation.
#    Time: 0 ps  Iteration: 7  Region: /uvm_pkg::uvm_phase::m_run_phases
# ** Warning: (vsim-8547) After dropping the illegal, ignore or invalid values, the values list associated with fixed-size array sub bin 'regs[6]' in Coverpoint 'cp_reg' of Covergroup instance '\/eth_cov_pkg::eth_cov_tx::m_reserved_bit_cov ' has converged to empty list. The sub bin will be taken out of coverage calculation.
#    Time: 0 ps  Iteration: 7  Region: /uvm_pkg::uvm_phase::m_run_phases
# ** Warning: (vsim-8547) After dropping the illegal, ignore or invalid values, the values list associated with fixed-size array sub bin 'regs[16]' in Coverpoint 'cp_reg' of Covergroup instance '\/eth_cov_pkg::eth_cov_tx::m_reserved_bit_cov ' has converged to empty list. The sub bin will be taken out of coverage calculation.
#    Time: 0 ps  Iteration: 7  Region: /uvm_pkg::uvm_phase::m_run_phases
# ** Warning: (vsim-8547) After dropping the illegal, ignore or invalid values, the values list associated with fixed-size array sub bin 'regs[18]' in Coverpoint 'cp_reg' of Covergroup instance '\/eth_cov_pkg::eth_cov_tx::m_reserved_bit_cov ' has converged to empty list. The sub bin will be taken out of coverage calculation.
#    Time: 0 ps  Iteration: 7  Region: /uvm_pkg::uvm_phase::m_run_phases
# ** Warning: (vsim-8547) After dropping the illegal, ignore or invalid values, the values list associated with fixed-size array sub bin 'regs[19]' in Coverpoint 'cp_reg' of Covergroup instance '\/eth_cov_pkg::eth_cov_tx::m_reserved_bit_cov ' has converged to empty list. The sub bin will be taken out of coverage calculation.
#    Time: 0 ps  Iteration: 7  Region: /uvm_pkg::uvm_phase::m_run_phases
# UVM_INFO repo/tb/tests/eth_tests_tx/eth_test_tx_base.sv(59) @ 0: uvm_test_top [eth_test_tx_ipgt] start of sim phase
# ---------------------------------------------------------------------------------
# Name                          Type                                    Size  Value
# ---------------------------------------------------------------------------------
# uvm_test_top                  eth_test_tx_ipgt                        -     @488 
#   m_env                       eth_env_tx                              -     @508 
#     m_cov_tx                  eth_cov_tx                              -     @822 
#       mii_tx_export           uvm_analysis_export                     -     @986 
#         recording_detail      integral                                32    'd1  
#       mii_tx_fifo             uvm_tlm_analysis_fifo #(T)              -     @923 
#         analysis_export       uvm_analysis_imp                        -     @962 
#           recording_detail    integral                                32    'd1  
#         get_ap                uvm_analysis_port                       -     @954 
#           recording_detail    integral                                32    'd1  
#         get_peek_export       uvm_get_peek_imp                        -     @938 
#           recording_detail    integral                                32    'd1  
#         put_ap                uvm_analysis_port                       -     @946 
#           recording_detail    integral                                32    'd1  
#         put_export            uvm_put_imp                             -     @930 
#           recording_detail    integral                                32    'd1  
#         recording_detail      integral                                32    'd1  
#       wb_m_export             uvm_analysis_export                     -     @970 
#         recording_detail      integral                                32    'd1  
#       wb_m_fifo               uvm_tlm_analysis_fifo #(T)              -     @829 
#         analysis_export       uvm_analysis_imp                        -     @868 
#           recording_detail    integral                                32    'd1  
#         get_ap                uvm_analysis_port                       -     @860 
#           recording_detail    integral                                32    'd1  
#         get_peek_export       uvm_get_peek_imp                        -     @844 
#           recording_detail    integral                                32    'd1  
#         put_ap                uvm_analysis_port                       -     @852 
#           recording_detail    integral                                32    'd1  
#         put_export            uvm_put_imp                             -     @836 
#           recording_detail    integral                                32    'd1  
#         recording_detail      integral                                32    'd1  
#       wb_s_export             uvm_analysis_export                     -     @978 
#         recording_detail      integral                                32    'd1  
#       wb_s_fifo               uvm_tlm_analysis_fifo #(T)              -     @876 
#         analysis_export       uvm_analysis_imp                        -     @915 
#           recording_detail    integral                                32    'd1  
#         get_ap                uvm_analysis_port                       -     @907 
#           recording_detail    integral                                32    'd1  
#         get_peek_export       uvm_get_peek_imp                        -     @891 
#           recording_detail    integral                                32    'd1  
#         put_ap                uvm_analysis_port                       -     @899 
#           recording_detail    integral                                32    'd1  
#         put_export            uvm_put_imp                             -     @883 
#           recording_detail    integral                                32    'd1  
#         recording_detail      integral                                32    'd1  
#       recording_detail        integral                                32    'd1  
#     m_mii_tx_agent            mii_tx_agent                            -     @808 
#       agent_a_port            uvm_analysis_port                       -     @1135
#         recording_detail      integral                                32    'd1  
#       m_driver                mii_tx_driver_hd                        -     @996 
#         rsp_port              uvm_analysis_port                       -     @1011
#           recording_detail    integral                                32    'd1  
#         seq_item_port         uvm_seq_item_pull_port                  -     @1003
#           recording_detail    integral                                32    'd1  
#         recording_detail      integral                                32    'd1  
#       m_monitor               mii_tx_monitor_base                     -     @1128
#         monitor_tr_a_port     uvm_analysis_port                       -     @1143
#           recording_detail    integral                                32    'd1  
#         recording_detail      integral                                32    'd1  
#       m_sequencer             mii_tx_sequencer_base                   -     @1019
#         rsp_export            uvm_analysis_export                     -     @1026
#           recording_detail    integral                                32    'd1  
#         seq_item_export       uvm_seq_item_pull_imp                   -     @1120
#           recording_detail    integral                                32    'd1  
#         recording_detail      integral                                32    'd1  
#         arbitration_queue     array                                   0     -    
#         lock_queue            array                                   0     -    
#         num_last_reqs         integral                                32    'd1  
#         num_last_rsps         integral                                32    'd1  
#       recording_detail        integral                                32    'd1  
#     m_predictor               uvm_reg_predictor #(uvm_sequence_item)  -     @779 
#       bus_in                  uvm_analysis_imp                        -     @786 
#         recording_detail      integral                                32    'd1  
#       reg_ap                  uvm_analysis_port                       -     @794 
#         recording_detail      integral                                32    'd1  
#       recording_detail        integral                                32    'd1  
#     m_tx_sb                   eth_tx_scoreboard                       -     @815 
#       mii_tx_export           uvm_analysis_export                     -     @1258
#         recording_detail      integral                                32    'd1  
#       mii_tx_fifo             uvm_tlm_analysis_fifo #(T)              -     @1203
#         analysis_export       uvm_analysis_imp                        -     @1242
#           recording_detail    integral                                32    'd1  
#         get_ap                uvm_analysis_port                       -     @1234
#           recording_detail    integral                                32    'd1  
#         get_peek_export       uvm_get_peek_imp                        -     @1218
#           recording_detail    integral                                32    'd1  
#         put_ap                uvm_analysis_port                       -     @1226
#           recording_detail    integral                                32    'd1  
#         put_export            uvm_put_imp                             -     @1210
#           recording_detail    integral                                32    'd1  
#         recording_detail      integral                                32    'd1  
#       wb_m_export             uvm_analysis_export                     -     @1250
#         recording_detail      integral                                32    'd1  
#       wb_m_fifo               uvm_tlm_analysis_fifo #(T)              -     @1156
#         analysis_export       uvm_analysis_imp                        -     @1195
#           recording_detail    integral                                32    'd1  
#         get_ap                uvm_analysis_port                       -     @1187
#           recording_detail    integral                                32    'd1  
#         get_peek_export       uvm_get_peek_imp                        -     @1171
#           recording_detail    integral                                32    'd1  
#         put_ap                uvm_analysis_port                       -     @1179
#           recording_detail    integral                                32    'd1  
#         put_export            uvm_put_imp                             -     @1163
#           recording_detail    integral                                32    'd1  
#         recording_detail      integral                                32    'd1  
#       wb_s_imp                uvm_analysis_imp                        -     @1266
#         recording_detail      integral                                32    'd1  
#       recording_detail        integral                                32    'd1  
#     m_v_sqr                   eth_v_sequencer                         -     @522 
#       rsp_export              uvm_analysis_export                     -     @529 
#         recording_detail      integral                                32    'd1  
#       seq_item_export         uvm_seq_item_pull_imp                   -     @623 
#         recording_detail      integral                                32    'd1  
#       recording_detail        integral                                32    'd1  
#       arbitration_queue       array                                   0     -    
#       lock_queue              array                                   0     -    
#       num_last_reqs           integral                                32    'd1  
#       num_last_rsps           integral                                32    'd1  
#     m_wb_m_agent              wb_m_agent                              -     @638 
#       a_port                  uvm_analysis_port                       -     @1421
#         recording_detail      integral                                32    'd1  
#       m_driver                wb_m_driver_base                        -     @1391
#         rsp_port              uvm_analysis_port                       -     @1406
#           recording_detail    integral                                32    'd1  
#         seq_item_port         uvm_seq_item_pull_port                  -     @1398
#           recording_detail    integral                                32    'd1  
#         recording_detail      integral                                32    'd1  
#       m_monitor               wb_m_monitor_base                       -     @1414
#         request_a_port        uvm_analysis_port                       -     @1437
#           recording_detail    integral                                32    'd1  
#         transaction_a_port    uvm_analysis_port                       -     @1429
#           recording_detail    integral                                32    'd1  
#         recording_detail      integral                                32    'd1  
#       m_sequencer             wb_m_sequencer_base                     -     @1282
#         request_export        uvm_analysis_export                     -     @1497
#           recording_detail    integral                                32    'd1  
#         request_fifo          uvm_tlm_analysis_fifo #(T)              -     @1450
#           analysis_export     uvm_analysis_imp                        -     @1489
#             recording_detail  integral                                32    'd1  
#           get_ap              uvm_analysis_port                       -     @1481
#             recording_detail  integral                                32    'd1  
#           get_peek_export     uvm_get_peek_imp                        -     @1465
#             recording_detail  integral                                32    'd1  
#           put_ap              uvm_analysis_port                       -     @1473
#             recording_detail  integral                                32    'd1  
#           put_export          uvm_put_imp                             -     @1457
#             recording_detail  integral                                32    'd1  
#           recording_detail    integral                                32    'd1  
#         rsp_export            uvm_analysis_export                     -     @1289
#           recording_detail    integral                                32    'd1  
#         seq_item_export       uvm_seq_item_pull_imp                   -     @1383
#           recording_detail    integral                                32    'd1  
#         recording_detail      integral                                32    'd1  
#         arbitration_queue     array                                   0     -    
#         lock_queue            array                                   0     -    
#         num_last_reqs         integral                                32    'd1  
#         num_last_rsps         integral                                32    'd1  
#       recording_detail        integral                                32    'd1  
#     m_wb_s_agent              wb_s_agent                              -     @631 
#       a_port                  uvm_analysis_port                       -     @1650
#         recording_detail      integral                                32    'd1  
#       m_driver                wb_s_driver_base                        -     @1620
#         rsp_port              uvm_analysis_port                       -     @1635
#           recording_detail    integral                                32    'd1  
#         seq_item_port         uvm_seq_item_pull_port                  -     @1627
#           recording_detail    integral                                32    'd1  
#         recording_detail      integral                                32    'd1  
#       m_monitor               wb_s_monitor_base                       -     @1643
#         a_port                uvm_analysis_port                       -     @1660
#           recording_detail    integral                                32    'd1  
#         bd_status_ap          uvm_analysis_port                       -     @1668
#           recording_detail    integral                                32    'd1  
#         recording_detail      integral                                32    'd1  
#       m_sequencer             wb_s_sequencer_base                     -     @1511
#         rsp_export            uvm_analysis_export                     -     @1518
#           recording_detail    integral                                32    'd1  
#         seq_item_export       uvm_seq_item_pull_imp                   -     @1612
#           recording_detail    integral                                32    'd1  
#         recording_detail      integral                                32    'd1  
#         arbitration_queue     array                                   0     -    
#         lock_queue            array                                   0     -    
#         num_last_reqs         integral                                32    'd1  
#         num_last_rsps         integral                                32    'd1  
#       recording_detail        integral                                32    'd1  
#     recording_detail          integral                                32    'd1  
#   recording_detail            integral                                32    'd1  
# ---------------------------------------------------------------------------------
# 
#### Factory Configuration (*)
# 
# No instance overrides are registered with this factory
# 
# Type Overrides:
# 
#   Requested Type      Override Type      
#   ------------------  -------------------
#   wb_m_seq_base       wb_m_seq_wr_rd
#   wb_s_seq_base       wb_s_seq_tx_ipgt
#   mii_tx_driver_base  mii_tx_driver_hd
#   eth_v_seq_tx        eth_v_seq_tx_active
# 
# All types registered with the factory: 129 total
# (types without type names will not be printed)
# 
#   Type Name
#   ---------
#   bd_mem
#   dma_mem
#   eth_collconf_reg
#   eth_cov_tx
#   eth_ctrlmoder_reg
#   eth_env_base
#   eth_env_config_obj
#   eth_env_rx
#   eth_env_tx
#   eth_hash0_reg
#   eth_hash1_reg
#   eth_int_mask_reg
#   eth_int_source_reg
#   eth_ipgr1_reg
#   eth_ipgr2_reg
#   eth_ipgt_reg
#   eth_mac_addr0_reg
#   eth_mac_addr1_reg
#   eth_miiaddress_reg
#   eth_miicommand_reg
#   eth_miimoder_reg
#   eth_miirx_data_reg
#   eth_miistatus_reg
#   eth_miitx_data_reg
#   eth_moder_reg
#   eth_packetlen_reg
#   eth_reg_block
#   eth_rx_scoreboard
#   eth_test_tx_base
#   eth_test_tx_bd_num
#   eth_test_tx_dcrc
#   eth_test_tx_hugen
#   eth_test_tx_ipgt
#   eth_test_tx_moder
#   eth_test_tx_nopre
#   eth_test_tx_pad
#   eth_test_tx_smoke
#   eth_tx_bd_num_reg
#   eth_tx_scoreboard
#   eth_tx_scoreboard_config_obj
#   eth_txctrl_reg
#   eth_v_seq_base
#   eth_v_seq_tx
#   eth_v_seq_tx_active
#   eth_v_sequencer
#   eth_wb_adapter
#   mdio_config_obj
#   mii_rx_agent
#   mii_rx_config_obj
#   mii_rx_driver_base
#   mii_rx_monitor_base
#   mii_rx_seq_item
#   mii_rx_sequencer_base
#   mii_tx_agent
#   mii_tx_config_obj
#   mii_tx_driver_base
#   mii_tx_driver_hd
#   mii_tx_monitor_base
#   mii_tx_seq_base
#   mii_tx_seq_item_base
#   mii_tx_sequencer_base
#   questa_uvm_recorder
#   wb_m_agent
#   wb_m_config_obj
#   wb_m_driver_base
#   wb_m_monitor_base
#   wb_m_seq_base
#   wb_m_seq_item_base
#   wb_m_seq_smoke
#   wb_m_seq_wr_rd
#   wb_m_sequencer_base
#   wb_s_agent
#   wb_s_basic_tx_seq
#   wb_s_config_obj
#   wb_s_control_frame_tx_seq
#   wb_s_driver_base
#   wb_s_monitor_base
#   wb_s_seq_base
#   wb_s_seq_tx_bd_num
#   wb_s_seq_tx_dcrc
#   wb_s_seq_tx_hugen
#   wb_s_seq_tx_ipgt
#   wb_s_seq_tx_moder
#   wb_s_seq_tx_no_pre
#   wb_s_seq_tx_pad
#   wb_s_sequencer_base
# (*) Types with no associated type name will be printed as <unknown>
# 
####
# 
# **************************************************************************
# * Questa UVM Transaction Recording Turned ON.                            *
# * recording_detail has been set.                                         *
# *  To turn off, set 'recording_detail' to off:                           *
# * uvm_config_db#(int)            ::set(null, "", "recording_detail", 0); *
# * uvm_config_db#(uvm_bitstream_t)::set(null, "", "recording_detail", 0); *
# **************************************************************************
# ** Warning: (vsim-WLF-5000) WLF file currently in use: vsim.wlf
#           File in use by: mwael  Hostname: MOHAMMAD-LAPTOP  ProcessID: 9636
#           Attempting to use alternate WLF file "./wlftffiyaf".
# ** Warning: (vsim-WLF-5001) Could not open WLF file: vsim.wlf
#           Using alternate file: ./wlftffiyaf
# UVM_INFO repo/tb/scoreboards/eth_tx_scoreboard/eth_tx_scoreboard.sv(413) @ 0: uvm_test_top.m_env.m_tx_sb [eth_tx_scoreboard] Tx scoreboard raised objection
# UVM_INFO repo/tb/virtual_seq_sqr/eth_v_seq_tx.sv(15) @ 0: uvm_test_top.m_env.m_v_sqr@@m_v_seq_tx [eth_v_seq_tx_active] Executing virtual sequence
# UVM_INFO repo/tb/agents/wb_m/wb_m_monitor_base.sv(101) @ 50000: uvm_test_top.m_env.m_wb_m_agent.m_monitor [wb_m_monitor_base] Begin monitoring after reset deassertion
# UVM_INFO repo/tb/agents/mii_tx/mii_tx_monitor_base.sv(58) @ 50000: uvm_test_top.m_env.m_mii_tx_agent.m_monitor [mii_tx_monitor_base] Begin monitoring after reset deassertion
# UVM_INFO repo/tb/agents/mii_tx/mii_tx_driver_base.sv(56) @ 60000: uvm_test_top.m_env.m_mii_tx_agent.m_driver [DRIVER] Reset deasserted — starting stimulus
# UVM_INFO repo/tb/sequences/wb_s_seq/wb_s_basic_tx_seq.sv(247) @ 117500: uvm_test_top.m_env.m_wb_s_agent.m_sequencer@@m_wb_s_seq_base [TX_CONFIG]  Configuring TX BD[0] - LEN=0x0022, PTR=0xebd0fad8, IRQ=0, WR=0, PAD=0, CRC=1
# UVM_INFO repo/tb/sequences/wb_s_seq/wb_s_basic_tx_seq.sv(247) @ 197500: uvm_test_top.m_env.m_wb_s_agent.m_sequencer@@m_wb_s_seq_base [TX_CONFIG]  Configuring TX BD[1] - LEN=0x005b, PTR=0xfb8e18f8, IRQ=0, WR=0, PAD=0, CRC=1
# UVM_INFO repo/tb/sequences/wb_s_seq/wb_s_basic_tx_seq.sv(247) @ 277500: uvm_test_top.m_env.m_wb_s_agent.m_sequencer@@m_wb_s_seq_base [TX_CONFIG]  Configuring TX BD[2] - LEN=0x0055, PTR=0xfefba858, IRQ=0, WR=0, PAD=0, CRC=0
# UVM_INFO repo/tb/sequences/wb_s_seq/wb_s_basic_tx_seq.sv(247) @ 357500: uvm_test_top.m_env.m_wb_s_agent.m_sequencer@@m_wb_s_seq_base [TX_CONFIG]  Configuring TX BD[3] - LEN=0x004d, PTR=0xfff0894c, IRQ=0, WR=1, PAD=1, CRC=1
# UVM_INFO repo/tb/sequences/wb_s_seq/wb_s_basic_tx_seq.sv(148) @ 357500: uvm_test_top.m_env.m_wb_s_agent.m_sequencer@@m_wb_s_seq_base [TX_CONFIG] Configuring TX registers
# UVM_INFO repo/tb/sequences/wb_s_seq/wb_s_basic_tx_seq.sv(200) @ 512500: uvm_test_top.m_env.m_wb_s_agent.m_sequencer@@m_wb_s_seq_base [TX_CONFIG] MODER: FULLD=0, TXEN=1, BDNUM = 4, NOPRE=0, CRCEN=1, PAD=1, HUGEN=0, NOBCKOF=0, EXDF=0, IPGT = 0, MAXFL = 1518, MINFL = 64
# UVM_INFO repo/tb/sequences/wb_s_seq/wb_s_seq_tx_ipgt.sv(63) @ 512500: uvm_test_top.m_env.m_wb_s_agent.m_sequencer@@m_wb_s_seq_base [wb_s_seq_tx_ipgt] TX BD Num configuration completed
# UVM_INFO repo/tb/scoreboards/eth_tx_scoreboard/eth_tx_scoreboard.sv(831) @ 512500: uvm_test_top.m_env.m_tx_sb [eth_tx_scoreboard] TXEN asserted
# UVM_INFO repo/tb/scoreboards/eth_tx_scoreboard/eth_tx_scoreboard.sv(1196) @ 512500: uvm_test_top.m_env.m_tx_sb [eth_tx_scoreboard] TX BD[0] LEN=34 RD=1 IRQ=0 WR=0 PAD=1 CRC=1 PTR=0xebd0fad8
# UVM_INFO repo/tb/scoreboards/eth_tx_scoreboard/eth_tx_scoreboard.sv(684) @ 512500: uvm_test_top.m_env.m_tx_sb [eth_tx_scoreboard] Added 26 padding bytes (frame length = 60)
# UVM_INFO repo/tb/virtual_seq_sqr/eth_v_seq_tx.sv(25) @ 512500: uvm_test_top.m_env.m_v_sqr@@m_v_seq_tx [eth_v_seq_tx_active] virtual sequence completed
# UVM_INFO repo/tb/virtual_seq_sqr/eth_v_seq_tx_active.sv(11) @ 512500: uvm_test_top.m_env.m_v_sqr@@m_v_seq_tx [eth_v_seq_tx_active] Executing virtual sequence
# UVM_INFO repo/tb/virtual_seq_sqr/eth_v_seq_tx_active.sv(18) @ 512500: uvm_test_top.m_env.m_v_sqr@@m_v_seq_tx [eth_v_seq_tx_active] virtual sequence completed
# UVM_INFO repo/tb/scoreboards/eth_tx_scoreboard/eth_tx_scoreboard.sv(1291) @ 940000: uvm_test_top.m_env.m_tx_sb [eth_tx_scoreboard] Comp_pack: MTXEN asserted
# UVM_INFO repo/tb/scoreboards/eth_tx_scoreboard/eth_tx_scoreboard.sv(916) @ 6668100: uvm_test_top.m_env.m_tx_sb [eth_tx_scoreboard] TX BD[0] completed
# UVM_INFO repo/tb/scoreboards/eth_tx_scoreboard/eth_tx_scoreboard.sv(1364) @ 6700000: uvm_test_top.m_env.m_tx_sb [eth_tx_scoreboard] Captured 72 bytes from MII
# UVM_INFO repo/tb/scoreboards/eth_tx_scoreboard/eth_tx_scoreboard.sv(1531) @ 6700000: uvm_test_top.m_env.m_tx_sb [eth_tx_scoreboard] Packet comparison PASSED (72 bytes)
# UVM_INFO repo/tb/scoreboards/eth_tx_scoreboard/eth_tx_scoreboard.sv(1196) @ 6701000: uvm_test_top.m_env.m_tx_sb [eth_tx_scoreboard] TX BD[1] LEN=91 RD=1 IRQ=0 WR=0 PAD=1 CRC=1 PTR=0xfb8e18f8
# UVM_INFO repo/tb/scoreboards/eth_tx_scoreboard/eth_tx_scoreboard.sv(1291) @ 7020000: uvm_test_top.m_env.m_tx_sb [eth_tx_scoreboard] Comp_pack: MTXEN asserted
# UVM_INFO repo/tb/scoreboards/eth_tx_scoreboard/eth_tx_scoreboard.sv(1764) @ 7020000: uvm_test_top.m_env.m_tx_sb [eth_tx_scoreboard] Measured IPGT = 8 MII clock cycles
# UVM_INFO repo/tb/scoreboards/eth_tx_scoreboard/eth_tx_scoreboard.sv(1801) @ 7020000: uvm_test_top.m_env.m_tx_sb [eth_tx_scoreboard] IPGT PASS (3 MII cycles)
# UVM_INFO repo/tb/scoreboards/eth_tx_scoreboard/eth_tx_scoreboard.sv(916) @ 15228100: uvm_test_top.m_env.m_tx_sb [eth_tx_scoreboard] TX BD[1] completed
# UVM_INFO repo/tb/scoreboards/eth_tx_scoreboard/eth_tx_scoreboard.sv(1364) @ 15260000: uvm_test_top.m_env.m_tx_sb [eth_tx_scoreboard] Captured 103 bytes from MII
# UVM_INFO repo/tb/scoreboards/eth_tx_scoreboard/eth_tx_scoreboard.sv(1531) @ 15260000: uvm_test_top.m_env.m_tx_sb [eth_tx_scoreboard] Packet comparison PASSED (103 bytes)
# UVM_INFO repo/tb/scoreboards/eth_tx_scoreboard/eth_tx_scoreboard.sv(1196) @ 15261000: uvm_test_top.m_env.m_tx_sb [eth_tx_scoreboard] TX BD[2] LEN=85 RD=1 IRQ=0 WR=0 PAD=1 CRC=1 PTR=0xfefba858
# UVM_INFO repo/tb/scoreboards/eth_tx_scoreboard/eth_tx_scoreboard.sv(1291) @ 15580000: uvm_test_top.m_env.m_tx_sb [eth_tx_scoreboard] Comp_pack: MTXEN asserted
# UVM_INFO repo/tb/scoreboards/eth_tx_scoreboard/eth_tx_scoreboard.sv(1764) @ 15580000: uvm_test_top.m_env.m_tx_sb [eth_tx_scoreboard] Measured IPGT = 8 MII clock cycles
# UVM_INFO repo/tb/scoreboards/eth_tx_scoreboard/eth_tx_scoreboard.sv(1801) @ 15580000: uvm_test_top.m_env.m_tx_sb [eth_tx_scoreboard] IPGT PASS (3 MII cycles)
# UVM_INFO repo/tb/scoreboards/eth_tx_scoreboard/eth_tx_scoreboard.sv(916) @ 23308100: uvm_test_top.m_env.m_tx_sb [eth_tx_scoreboard] TX BD[2] completed
# UVM_INFO repo/tb/scoreboards/eth_tx_scoreboard/eth_tx_scoreboard.sv(1364) @ 23340000: uvm_test_top.m_env.m_tx_sb [eth_tx_scoreboard] Captured 97 bytes from MII
# UVM_INFO repo/tb/scoreboards/eth_tx_scoreboard/eth_tx_scoreboard.sv(1531) @ 23340000: uvm_test_top.m_env.m_tx_sb [eth_tx_scoreboard] Packet comparison PASSED (97 bytes)
# UVM_INFO repo/tb/scoreboards/eth_tx_scoreboard/eth_tx_scoreboard.sv(1196) @ 23341000: uvm_test_top.m_env.m_tx_sb [eth_tx_scoreboard] TX BD[3] LEN=77 RD=1 IRQ=0 WR=1 PAD=1 CRC=1 PTR=0xfff0894c
# UVM_INFO repo/tb/scoreboards/eth_tx_scoreboard/eth_tx_scoreboard.sv(1291) @ 23660000: uvm_test_top.m_env.m_tx_sb [eth_tx_scoreboard] Comp_pack: MTXEN asserted
# UVM_INFO repo/tb/scoreboards/eth_tx_scoreboard/eth_tx_scoreboard.sv(1764) @ 23660000: uvm_test_top.m_env.m_tx_sb [eth_tx_scoreboard] Measured IPGT = 8 MII clock cycles
# UVM_INFO repo/tb/scoreboards/eth_tx_scoreboard/eth_tx_scoreboard.sv(1801) @ 23660000: uvm_test_top.m_env.m_tx_sb [eth_tx_scoreboard] IPGT PASS (3 MII cycles)
# UVM_INFO repo/tb/scoreboards/eth_tx_scoreboard/eth_tx_scoreboard.sv(916) @ 30748100: uvm_test_top.m_env.m_tx_sb [eth_tx_scoreboard] TX BD[3] completed
# UVM_INFO repo/tb/scoreboards/eth_tx_scoreboard/eth_tx_scoreboard.sv(1364) @ 30780000: uvm_test_top.m_env.m_tx_sb [eth_tx_scoreboard] Captured 89 bytes from MII
# UVM_INFO repo/tb/scoreboards/eth_tx_scoreboard/eth_tx_scoreboard.sv(1531) @ 30780000: uvm_test_top.m_env.m_tx_sb [eth_tx_scoreboard] Packet comparison PASSED (89 bytes)
# UVM_INFO repo/tb/scoreboards/eth_tx_scoreboard/eth_tx_scoreboard.sv(439) @ 30780200: uvm_test_top.m_env.m_tx_sb [eth_tx_scoreboard] Tx scoreboard dropped objection
# UVM_INFO verilog_src/uvm-1.1d/src/base/uvm_objection.svh(1267) @ 30780200: reporter [TEST_DONE] 'run' phase is ready to proceed to the 'extract' phase
# UVM_INFO repo/tb/agents/wb_m/wb_m_driver_base.sv(108) @ 30780200: uvm_test_top.m_env.m_wb_m_agent.m_driver [wb_m_driver_base] Drived 6146 active transactions
# UVM_INFO repo/tb/agents/wb_m/wb_m_monitor_base.sv(130) @ 30780200: uvm_test_top.m_env.m_wb_m_agent.m_monitor [wb_m_monitor_base] Monitored 6146 TRANSACTIONS
# 
# --- UVM Report Summary ---
# 
# ** Report counts by severity
# UVM_INFO :   52
# UVM_WARNING :    0
# UVM_ERROR :    0
# UVM_FATAL :    0
# ** Report counts by id
# [DRIVER]     1
# [Questa UVM]     2
# [RNTST]     1
# [TEST_DONE]     1
# [TX_CONFIG]     6
# [eth_test_tx_ipgt]     2
# [eth_tx_scoreboard]    30
# [eth_v_seq_tx_active]     4
# [mii_tx_monitor_base]     1
# [wb_m_driver_base]     1
# [wb_m_monitor_base]     2
# [wb_s_seq_tx_ipgt]     1
# ** Note: $finish    : D:/B/qsim_2021_1/win64/../verilog_src/uvm-1.1d/src/base/uvm_root.svh(430)
#    Time: 30780200 ps  Iteration: 57  Instance: /eth_tb
# Break in Task uvm_pkg/uvm_root::run_test at D:/B/qsim_2021_1/win64/../verilog_src/uvm-1.1d/src/base/uvm_root.svh line 430
# Stopped at D:/B/qsim_2021_1/win64/../verilog_src/uvm-1.1d/src/base/uvm_root.svh line 430
#  
#     coverage save $CODE_UCDB -codeAll -instance eth_tb.dut
#     coverage save $FUNC_UCDB -cvg -directive -assert
#     transcript file ""
#     

# End time: 19:38:06 on Jul 16,2026, Elapsed time: 0:00:46
# Errors: 0, Warnings: 8
# vsim -c -voptargs="+acc" work.eth_tb -coverage -classdebug -sv_seed random -uvmcontrol=all "+uvm_set_verbosity=uvm_test_top.m_env.*,_ALL_,UVM_MEDIUM,time,0" "+UVM_TESTNAME=eth_test_tx_ipgt" -onfinish stop -do "
#     run -all; 
#     coverage save $CODE_UCDB -codeAll -instance eth_tb.dut
#     coverage save $FUNC_UCDB -cvg -directive -assert
#     transcript file ""
#     " 
# Start time: 19:38:06 on Jul 16,2026
# ** Note: (vsim-8009) Loading existing optimized design _opt
# Loading sv_std.std
# Loading work.wb_m_if(fast)
# Loading work.wb_s_if(fast)
# Loading work.mii_tx_if(fast)
# Loading mtiUvm.uvm_pkg(fast)
# Loading work.eth_glob_pkg(fast)
# Loading work.mii_rx_seq_item_pkg(fast)
# Loading work.mii_tx_seq_item_pkg(fast)
# Loading work.wb_m_seq_item_pkg(fast)
# Loading work.wb_s_seq_item_pkg(fast)
# Loading work.eth_ral_pkg(fast)
# Loading work.eth_cov_pkg(fast)
# Loading work.mdio_if(fast)
# Loading work.mii_rx_if(fast)
# Loading work.eth_config_pkg(fast)
# Loading work.eth_rx_scoreboard_pkg(fast)
# Loading work.eth_tx_scoreboard_pkg(fast)
# Loading work.mii_tx_seq_pkg(fast)
# Loading work.wb_s_seq_pkg(fast)
# Loading work.wb_m_agent_pkg(fast)
# Loading work.wb_m_seq_pkg(fast)
# Loading work.mii_rx_agent_pkg(fast)
# Loading work.mii_tx_agent_pkg(fast)
# Loading work.wb_s_agent_pkg(fast)
# Loading work.eth_v_seq_sqr_pkg(fast)
# Loading work.eth_env_pkg(fast)
# Loading work.eth_test_tx_pkg(fast)
# Loading mtiUvm.questa_uvm_pkg(fast)
# Loading work.eth_tb(fast)
# Loading work.wb_s_if(fast__2)
# Loading work.wb_m_if(fast__2)
# Loading work.mii_tx_if(fast__2)
# Loading work.mii_rx_if(fast__2)
# Loading work.eth_top(fast)
# Loading work.eth_miim(fast)
# Loading work.eth_clockgen(fast)
# Loading work.eth_shiftreg(fast)
# Loading work.eth_outputcontrol(fast)
# Loading work.eth_registers(fast)
# Loading work.eth_register(fast)
# Loading work.eth_register(fast__1)
# Loading work.eth_register(fast__2)
# Loading work.eth_register(fast__3)
# Loading work.eth_register(fast__4)
# Loading work.eth_register(fast__5)
# Loading work.eth_register(fast__6)
# Loading work.eth_register(fast__7)
# Loading work.eth_register(fast__8)
# Loading work.eth_register(fast__9)
# Loading work.eth_register(fast__10)
# Loading work.eth_register(fast__11)
# Loading work.eth_register(fast__12)
# Loading work.eth_register(fast__13)
# Loading work.eth_register(fast__14)
# Loading work.eth_maccontrol(fast)
# Loading work.eth_receivecontrol(fast)
# Loading work.eth_transmitcontrol(fast)
# Loading work.eth_txethmac(fast)
# Loading work.eth_txcounters(fast)
# Loading work.eth_txstatem(fast)
# Loading work.eth_crc(fast)
# Loading work.eth_random(fast)
# Loading work.eth_rxethmac(fast)
# Loading work.eth_rxstatem(fast)
# Loading work.eth_rxcounters(fast)
# Loading work.eth_rxaddrcheck(fast)
# Loading work.eth_crc(fast__1)
# Loading work.eth_wishbone(fast)
# Loading work.eth_spram_256x32(fast)
# Loading work.eth_fifo(fast)
# Loading work.eth_macstatus(fast)
# Loading D:/B/qsim_2021_1/uvm-1.1d\win64\uvm_dpi.dll
# Sv_Seed = 1807832449
# 
#     run -all
# ----------------------------------------------------------------
# UVM-1.1d
# (C) 2007-2013 Mentor Graphics Corporation
# (C) 2007-2013 Cadence Design Systems, Inc.
# (C) 2006-2013 Synopsys, Inc.
# (C) 2011-2013 Cypress Semiconductor Corp.
# ----------------------------------------------------------------
# 
#   ***********       IMPORTANT RELEASE NOTES         ************
# 
#   You are using a version of the UVM library that has been compiled
#   with `UVM_NO_DEPRECATED undefined.
#   See http://www.eda.org/svdb/view.php?id=3313 for more details.
# 
#   You are using a version of the UVM library that has been compiled
#   with `UVM_OBJECT_MUST_HAVE_CONSTRUCTOR undefined.
#   See http://www.eda.org/svdb/view.php?id=3770 for more details.
# 
#       (Specify +UVM_NO_RELNOTES to turn off this notice)
# 
# UVM_INFO verilog_src/questa_uvm_pkg-1.2/src/questa_uvm_pkg.sv(277) @ 0: reporter [Questa UVM] QUESTA_UVM-1.2.3
# UVM_INFO verilog_src/questa_uvm_pkg-1.2/src/questa_uvm_pkg.sv(278) @ 0: reporter [Questa UVM]  questa_uvm::init(all)
# UVM_INFO @ 0: reporter [RNTST] Running test eth_test_tx_ipgt...
# UVM_INFO repo/tb/tests/eth_tests_tx/eth_test_tx_base.sv(22) @ 0: uvm_test_top [eth_test_tx_ipgt] start of build_phase
# ** Warning: (vsim-8547) After dropping the illegal, ignore or invalid values, the values list associated with fixed-size array sub bin 'regs[14]' in Coverpoint 'cp_reg' of Covergroup instance '\/eth_cov_pkg::eth_cov_tx::m_rw_bit_cov ' has converged to empty list. The sub bin will be taken out of coverage calculation.
#    Time: 0 ps  Iteration: 7  Region: /uvm_pkg::uvm_phase::m_run_phases
# ** Warning: (vsim-8547) After dropping the illegal, ignore or invalid values, the values list associated with fixed-size array sub bin 'regs[15]' in Coverpoint 'cp_reg' of Covergroup instance '\/eth_cov_pkg::eth_cov_tx::m_rw_bit_cov ' has converged to empty list. The sub bin will be taken out of coverage calculation.
#    Time: 0 ps  Iteration: 7  Region: /uvm_pkg::uvm_phase::m_run_phases
# ** Warning: (vsim-8547) After dropping the illegal, ignore or invalid values, the values list associated with fixed-size array sub bin 'regs[6]' in Coverpoint 'cp_reg' of Covergroup instance '\/eth_cov_pkg::eth_cov_tx::m_reserved_bit_cov ' has converged to empty list. The sub bin will be taken out of coverage calculation.
#    Time: 0 ps  Iteration: 7  Region: /uvm_pkg::uvm_phase::m_run_phases
# ** Warning: (vsim-8547) After dropping the illegal, ignore or invalid values, the values list associated with fixed-size array sub bin 'regs[16]' in Coverpoint 'cp_reg' of Covergroup instance '\/eth_cov_pkg::eth_cov_tx::m_reserved_bit_cov ' has converged to empty list. The sub bin will be taken out of coverage calculation.
#    Time: 0 ps  Iteration: 7  Region: /uvm_pkg::uvm_phase::m_run_phases
# ** Warning: (vsim-8547) After dropping the illegal, ignore or invalid values, the values list associated with fixed-size array sub bin 'regs[18]' in Coverpoint 'cp_reg' of Covergroup instance '\/eth_cov_pkg::eth_cov_tx::m_reserved_bit_cov ' has converged to empty list. The sub bin will be taken out of coverage calculation.
#    Time: 0 ps  Iteration: 7  Region: /uvm_pkg::uvm_phase::m_run_phases
# ** Warning: (vsim-8547) After dropping the illegal, ignore or invalid values, the values list associated with fixed-size array sub bin 'regs[19]' in Coverpoint 'cp_reg' of Covergroup instance '\/eth_cov_pkg::eth_cov_tx::m_reserved_bit_cov ' has converged to empty list. The sub bin will be taken out of coverage calculation.
#    Time: 0 ps  Iteration: 7  Region: /uvm_pkg::uvm_phase::m_run_phases
# UVM_INFO repo/tb/tests/eth_tests_tx/eth_test_tx_base.sv(59) @ 0: uvm_test_top [eth_test_tx_ipgt] start of sim phase
# ---------------------------------------------------------------------------------
# Name                          Type                                    Size  Value
# ---------------------------------------------------------------------------------
# uvm_test_top                  eth_test_tx_ipgt                        -     @488 
#   m_env                       eth_env_tx                              -     @508 
#     m_cov_tx                  eth_cov_tx                              -     @822 
#       mii_tx_export           uvm_analysis_export                     -     @986 
#         recording_detail      integral                                32    'd1  
#       mii_tx_fifo             uvm_tlm_analysis_fifo #(T)              -     @923 
#         analysis_export       uvm_analysis_imp                        -     @962 
#           recording_detail    integral                                32    'd1  
#         get_ap                uvm_analysis_port                       -     @954 
#           recording_detail    integral                                32    'd1  
#         get_peek_export       uvm_get_peek_imp                        -     @938 
#           recording_detail    integral                                32    'd1  
#         put_ap                uvm_analysis_port                       -     @946 
#           recording_detail    integral                                32    'd1  
#         put_export            uvm_put_imp                             -     @930 
#           recording_detail    integral                                32    'd1  
#         recording_detail      integral                                32    'd1  
#       wb_m_export             uvm_analysis_export                     -     @970 
#         recording_detail      integral                                32    'd1  
#       wb_m_fifo               uvm_tlm_analysis_fifo #(T)              -     @829 
#         analysis_export       uvm_analysis_imp                        -     @868 
#           recording_detail    integral                                32    'd1  
#         get_ap                uvm_analysis_port                       -     @860 
#           recording_detail    integral                                32    'd1  
#         get_peek_export       uvm_get_peek_imp                        -     @844 
#           recording_detail    integral                                32    'd1  
#         put_ap                uvm_analysis_port                       -     @852 
#           recording_detail    integral                                32    'd1  
#         put_export            uvm_put_imp                             -     @836 
#           recording_detail    integral                                32    'd1  
#         recording_detail      integral                                32    'd1  
#       wb_s_export             uvm_analysis_export                     -     @978 
#         recording_detail      integral                                32    'd1  
#       wb_s_fifo               uvm_tlm_analysis_fifo #(T)              -     @876 
#         analysis_export       uvm_analysis_imp                        -     @915 
#           recording_detail    integral                                32    'd1  
#         get_ap                uvm_analysis_port                       -     @907 
#           recording_detail    integral                                32    'd1  
#         get_peek_export       uvm_get_peek_imp                        -     @891 
#           recording_detail    integral                                32    'd1  
#         put_ap                uvm_analysis_port                       -     @899 
#           recording_detail    integral                                32    'd1  
#         put_export            uvm_put_imp                             -     @883 
#           recording_detail    integral                                32    'd1  
#         recording_detail      integral                                32    'd1  
#       recording_detail        integral                                32    'd1  
#     m_mii_tx_agent            mii_tx_agent                            -     @808 
#       agent_a_port            uvm_analysis_port                       -     @1135
#         recording_detail      integral                                32    'd1  
#       m_driver                mii_tx_driver_hd                        -     @996 
#         rsp_port              uvm_analysis_port                       -     @1011
#           recording_detail    integral                                32    'd1  
#         seq_item_port         uvm_seq_item_pull_port                  -     @1003
#           recording_detail    integral                                32    'd1  
#         recording_detail      integral                                32    'd1  
#       m_monitor               mii_tx_monitor_base                     -     @1128
#         monitor_tr_a_port     uvm_analysis_port                       -     @1143
#           recording_detail    integral                                32    'd1  
#         recording_detail      integral                                32    'd1  
#       m_sequencer             mii_tx_sequencer_base                   -     @1019
#         rsp_export            uvm_analysis_export                     -     @1026
#           recording_detail    integral                                32    'd1  
#         seq_item_export       uvm_seq_item_pull_imp                   -     @1120
#           recording_detail    integral                                32    'd1  
#         recording_detail      integral                                32    'd1  
#         arbitration_queue     array                                   0     -    
#         lock_queue            array                                   0     -    
#         num_last_reqs         integral                                32    'd1  
#         num_last_rsps         integral                                32    'd1  
#       recording_detail        integral                                32    'd1  
#     m_predictor               uvm_reg_predictor #(uvm_sequence_item)  -     @779 
#       bus_in                  uvm_analysis_imp                        -     @786 
#         recording_detail      integral                                32    'd1  
#       reg_ap                  uvm_analysis_port                       -     @794 
#         recording_detail      integral                                32    'd1  
#       recording_detail        integral                                32    'd1  
#     m_tx_sb                   eth_tx_scoreboard                       -     @815 
#       mii_tx_export           uvm_analysis_export                     -     @1258
#         recording_detail      integral                                32    'd1  
#       mii_tx_fifo             uvm_tlm_analysis_fifo #(T)              -     @1203
#         analysis_export       uvm_analysis_imp                        -     @1242
#           recording_detail    integral                                32    'd1  
#         get_ap                uvm_analysis_port                       -     @1234
#           recording_detail    integral                                32    'd1  
#         get_peek_export       uvm_get_peek_imp                        -     @1218
#           recording_detail    integral                                32    'd1  
#         put_ap                uvm_analysis_port                       -     @1226
#           recording_detail    integral                                32    'd1  
#         put_export            uvm_put_imp                             -     @1210
#           recording_detail    integral                                32    'd1  
#         recording_detail      integral                                32    'd1  
#       wb_m_export             uvm_analysis_export                     -     @1250
#         recording_detail      integral                                32    'd1  
#       wb_m_fifo               uvm_tlm_analysis_fifo #(T)              -     @1156
#         analysis_export       uvm_analysis_imp                        -     @1195
#           recording_detail    integral                                32    'd1  
#         get_ap                uvm_analysis_port                       -     @1187
#           recording_detail    integral                                32    'd1  
#         get_peek_export       uvm_get_peek_imp                        -     @1171
#           recording_detail    integral                                32    'd1  
#         put_ap                uvm_analysis_port                       -     @1179
#           recording_detail    integral                                32    'd1  
#         put_export            uvm_put_imp                             -     @1163
#           recording_detail    integral                                32    'd1  
#         recording_detail      integral                                32    'd1  
#       wb_s_imp                uvm_analysis_imp                        -     @1266
#         recording_detail      integral                                32    'd1  
#       recording_detail        integral                                32    'd1  
#     m_v_sqr                   eth_v_sequencer                         -     @522 
#       rsp_export              uvm_analysis_export                     -     @529 
#         recording_detail      integral                                32    'd1  
#       seq_item_export         uvm_seq_item_pull_imp                   -     @623 
#         recording_detail      integral                                32    'd1  
#       recording_detail        integral                                32    'd1  
#       arbitration_queue       array                                   0     -    
#       lock_queue              array                                   0     -    
#       num_last_reqs           integral                                32    'd1  
#       num_last_rsps           integral                                32    'd1  
#     m_wb_m_agent              wb_m_agent                              -     @638 
#       a_port                  uvm_analysis_port                       -     @1421
#         recording_detail      integral                                32    'd1  
#       m_driver                wb_m_driver_base                        -     @1391
#         rsp_port              uvm_analysis_port                       -     @1406
#           recording_detail    integral                                32    'd1  
#         seq_item_port         uvm_seq_item_pull_port                  -     @1398
#           recording_detail    integral                                32    'd1  
#         recording_detail      integral                                32    'd1  
#       m_monitor               wb_m_monitor_base                       -     @1414
#         request_a_port        uvm_analysis_port                       -     @1437
#           recording_detail    integral                                32    'd1  
#         transaction_a_port    uvm_analysis_port                       -     @1429
#           recording_detail    integral                                32    'd1  
#         recording_detail      integral                                32    'd1  
#       m_sequencer             wb_m_sequencer_base                     -     @1282
#         request_export        uvm_analysis_export                     -     @1497
#           recording_detail    integral                                32    'd1  
#         request_fifo          uvm_tlm_analysis_fifo #(T)              -     @1450
#           analysis_export     uvm_analysis_imp                        -     @1489
#             recording_detail  integral                                32    'd1  
#           get_ap              uvm_analysis_port                       -     @1481
#             recording_detail  integral                                32    'd1  
#           get_peek_export     uvm_get_peek_imp                        -     @1465
#             recording_detail  integral                                32    'd1  
#           put_ap              uvm_analysis_port                       -     @1473
#             recording_detail  integral                                32    'd1  
#           put_export          uvm_put_imp                             -     @1457
#             recording_detail  integral                                32    'd1  
#           recording_detail    integral                                32    'd1  
#         rsp_export            uvm_analysis_export                     -     @1289
#           recording_detail    integral                                32    'd1  
#         seq_item_export       uvm_seq_item_pull_imp                   -     @1383
#           recording_detail    integral                                32    'd1  
#         recording_detail      integral                                32    'd1  
#         arbitration_queue     array                                   0     -    
#         lock_queue            array                                   0     -    
#         num_last_reqs         integral                                32    'd1  
#         num_last_rsps         integral                                32    'd1  
#       recording_detail        integral                                32    'd1  
#     m_wb_s_agent              wb_s_agent                              -     @631 
#       a_port                  uvm_analysis_port                       -     @1650
#         recording_detail      integral                                32    'd1  
#       m_driver                wb_s_driver_base                        -     @1620
#         rsp_port              uvm_analysis_port                       -     @1635
#           recording_detail    integral                                32    'd1  
#         seq_item_port         uvm_seq_item_pull_port                  -     @1627
#           recording_detail    integral                                32    'd1  
#         recording_detail      integral                                32    'd1  
#       m_monitor               wb_s_monitor_base                       -     @1643
#         a_port                uvm_analysis_port                       -     @1660
#           recording_detail    integral                                32    'd1  
#         bd_status_ap          uvm_analysis_port                       -     @1668
#           recording_detail    integral                                32    'd1  
#         recording_detail      integral                                32    'd1  
#       m_sequencer             wb_s_sequencer_base                     -     @1511
#         rsp_export            uvm_analysis_export                     -     @1518
#           recording_detail    integral                                32    'd1  
#         seq_item_export       uvm_seq_item_pull_imp                   -     @1612
#           recording_detail    integral                                32    'd1  
#         recording_detail      integral                                32    'd1  
#         arbitration_queue     array                                   0     -    
#         lock_queue            array                                   0     -    
#         num_last_reqs         integral                                32    'd1  
#         num_last_rsps         integral                                32    'd1  
#       recording_detail        integral                                32    'd1  
#     recording_detail          integral                                32    'd1  
#   recording_detail            integral                                32    'd1  
# ---------------------------------------------------------------------------------
# 
#### Factory Configuration (*)
# 
# No instance overrides are registered with this factory
# 
# Type Overrides:
# 
#   Requested Type      Override Type      
#   ------------------  -------------------
#   wb_m_seq_base       wb_m_seq_wr_rd
#   wb_s_seq_base       wb_s_seq_tx_ipgt
#   mii_tx_driver_base  mii_tx_driver_hd
#   eth_v_seq_tx        eth_v_seq_tx_active
# 
# All types registered with the factory: 129 total
# (types without type names will not be printed)
# 
#   Type Name
#   ---------
#   bd_mem
#   dma_mem
#   eth_collconf_reg
#   eth_cov_tx
#   eth_ctrlmoder_reg
#   eth_env_base
#   eth_env_config_obj
#   eth_env_rx
#   eth_env_tx
#   eth_hash0_reg
#   eth_hash1_reg
#   eth_int_mask_reg
#   eth_int_source_reg
#   eth_ipgr1_reg
#   eth_ipgr2_reg
#   eth_ipgt_reg
#   eth_mac_addr0_reg
#   eth_mac_addr1_reg
#   eth_miiaddress_reg
#   eth_miicommand_reg
#   eth_miimoder_reg
#   eth_miirx_data_reg
#   eth_miistatus_reg
#   eth_miitx_data_reg
#   eth_moder_reg
#   eth_packetlen_reg
#   eth_reg_block
#   eth_rx_scoreboard
#   eth_test_tx_base
#   eth_test_tx_bd_num
#   eth_test_tx_dcrc
#   eth_test_tx_hugen
#   eth_test_tx_ipgt
#   eth_test_tx_moder
#   eth_test_tx_nopre
#   eth_test_tx_pad
#   eth_test_tx_smoke
#   eth_tx_bd_num_reg
#   eth_tx_scoreboard
#   eth_tx_scoreboard_config_obj
#   eth_txctrl_reg
#   eth_v_seq_base
#   eth_v_seq_tx
#   eth_v_seq_tx_active
#   eth_v_sequencer
#   eth_wb_adapter
#   mdio_config_obj
#   mii_rx_agent
#   mii_rx_config_obj
#   mii_rx_driver_base
#   mii_rx_monitor_base
#   mii_rx_seq_item
#   mii_rx_sequencer_base
#   mii_tx_agent
#   mii_tx_config_obj
#   mii_tx_driver_base
#   mii_tx_driver_hd
#   mii_tx_monitor_base
#   mii_tx_seq_base
#   mii_tx_seq_item_base
#   mii_tx_sequencer_base
#   questa_uvm_recorder
#   wb_m_agent
#   wb_m_config_obj
#   wb_m_driver_base
#   wb_m_monitor_base
#   wb_m_seq_base
#   wb_m_seq_item_base
#   wb_m_seq_smoke
#   wb_m_seq_wr_rd
#   wb_m_sequencer_base
#   wb_s_agent
#   wb_s_basic_tx_seq
#   wb_s_config_obj
#   wb_s_control_frame_tx_seq
#   wb_s_driver_base
#   wb_s_monitor_base
#   wb_s_seq_base
#   wb_s_seq_tx_bd_num
#   wb_s_seq_tx_dcrc
#   wb_s_seq_tx_hugen
#   wb_s_seq_tx_ipgt
#   wb_s_seq_tx_moder
#   wb_s_seq_tx_no_pre
#   wb_s_seq_tx_pad
#   wb_s_sequencer_base
# (*) Types with no associated type name will be printed as <unknown>
# 
####
# 
# **************************************************************************
# * Questa UVM Transaction Recording Turned ON.                            *
# * recording_detail has been set.                                         *
# *  To turn off, set 'recording_detail' to off:                           *
# * uvm_config_db#(int)            ::set(null, "", "recording_detail", 0); *
# * uvm_config_db#(uvm_bitstream_t)::set(null, "", "recording_detail", 0); *
# **************************************************************************
# ** Warning: (vsim-WLF-5000) WLF file currently in use: vsim.wlf
#           File in use by: mwael  Hostname: MOHAMMAD-LAPTOP  ProcessID: 9636
#           Attempting to use alternate WLF file "./wlft1k2a51".
# ** Warning: (vsim-WLF-5001) Could not open WLF file: vsim.wlf
#           Using alternate file: ./wlft1k2a51
# UVM_INFO repo/tb/scoreboards/eth_tx_scoreboard/eth_tx_scoreboard.sv(413) @ 0: uvm_test_top.m_env.m_tx_sb [eth_tx_scoreboard] Tx scoreboard raised objection
# UVM_INFO repo/tb/virtual_seq_sqr/eth_v_seq_tx.sv(15) @ 0: uvm_test_top.m_env.m_v_sqr@@m_v_seq_tx [eth_v_seq_tx_active] Executing virtual sequence
# UVM_INFO repo/tb/agents/wb_m/wb_m_monitor_base.sv(101) @ 50000: uvm_test_top.m_env.m_wb_m_agent.m_monitor [wb_m_monitor_base] Begin monitoring after reset deassertion
# UVM_INFO repo/tb/agents/mii_tx/mii_tx_monitor_base.sv(58) @ 50000: uvm_test_top.m_env.m_mii_tx_agent.m_monitor [mii_tx_monitor_base] Begin monitoring after reset deassertion
# UVM_INFO repo/tb/agents/mii_tx/mii_tx_driver_base.sv(56) @ 60000: uvm_test_top.m_env.m_mii_tx_agent.m_driver [DRIVER] Reset deasserted — starting stimulus
# UVM_INFO repo/tb/sequences/wb_s_seq/wb_s_basic_tx_seq.sv(247) @ 117500: uvm_test_top.m_env.m_wb_s_agent.m_sequencer@@m_wb_s_seq_base [TX_CONFIG]  Configuring TX BD[0] - LEN=0x0048, PTR=0x00be0be0, IRQ=0, WR=0, PAD=0, CRC=0
# UVM_INFO repo/tb/sequences/wb_s_seq/wb_s_basic_tx_seq.sv(247) @ 197500: uvm_test_top.m_env.m_wb_s_agent.m_sequencer@@m_wb_s_seq_base [TX_CONFIG]  Configuring TX BD[1] - LEN=0x000f, PTR=0x01448da0, IRQ=0, WR=0, PAD=0, CRC=1
# UVM_INFO repo/tb/sequences/wb_s_seq/wb_s_basic_tx_seq.sv(247) @ 277500: uvm_test_top.m_env.m_wb_s_agent.m_sequencer@@m_wb_s_seq_base [TX_CONFIG]  Configuring TX BD[2] - LEN=0x003c, PTR=0x4227faa8, IRQ=0, WR=0, PAD=0, CRC=0
# UVM_INFO repo/tb/sequences/wb_s_seq/wb_s_basic_tx_seq.sv(247) @ 357500: uvm_test_top.m_env.m_wb_s_agent.m_sequencer@@m_wb_s_seq_base [TX_CONFIG]  Configuring TX BD[3] - LEN=0x0012, PTR=0x9a6f58ec, IRQ=0, WR=1, PAD=1, CRC=0
# UVM_INFO repo/tb/sequences/wb_s_seq/wb_s_basic_tx_seq.sv(148) @ 357500: uvm_test_top.m_env.m_wb_s_agent.m_sequencer@@m_wb_s_seq_base [TX_CONFIG] Configuring TX registers
# UVM_INFO repo/tb/sequences/wb_s_seq/wb_s_basic_tx_seq.sv(200) @ 512500: uvm_test_top.m_env.m_wb_s_agent.m_sequencer@@m_wb_s_seq_base [TX_CONFIG] MODER: FULLD=1, TXEN=1, BDNUM = 4, NOPRE=0, CRCEN=1, PAD=1, HUGEN=0, NOBCKOF=0, EXDF=0, IPGT = 32, MAXFL = 1518, MINFL = 64
# UVM_INFO repo/tb/sequences/wb_s_seq/wb_s_seq_tx_ipgt.sv(63) @ 512500: uvm_test_top.m_env.m_wb_s_agent.m_sequencer@@m_wb_s_seq_base [wb_s_seq_tx_ipgt] TX BD Num configuration completed
# UVM_INFO repo/tb/scoreboards/eth_tx_scoreboard/eth_tx_scoreboard.sv(831) @ 512500: uvm_test_top.m_env.m_tx_sb [eth_tx_scoreboard] TXEN asserted
# UVM_INFO repo/tb/scoreboards/eth_tx_scoreboard/eth_tx_scoreboard.sv(1196) @ 512500: uvm_test_top.m_env.m_tx_sb [eth_tx_scoreboard] TX BD[0] LEN=72 RD=1 IRQ=0 WR=0 PAD=1 CRC=1 PTR=0x00be0be0
# UVM_INFO repo/tb/virtual_seq_sqr/eth_v_seq_tx.sv(25) @ 512500: uvm_test_top.m_env.m_v_sqr@@m_v_seq_tx [eth_v_seq_tx_active] virtual sequence completed
# UVM_INFO repo/tb/virtual_seq_sqr/eth_v_seq_tx_active.sv(11) @ 512500: uvm_test_top.m_env.m_v_sqr@@m_v_seq_tx [eth_v_seq_tx_active] Executing virtual sequence
# UVM_INFO repo/tb/virtual_seq_sqr/eth_v_seq_tx_active.sv(18) @ 512500: uvm_test_top.m_env.m_v_sqr@@m_v_seq_tx [eth_v_seq_tx_active] virtual sequence completed
# UVM_INFO repo/tb/scoreboards/eth_tx_scoreboard/eth_tx_scoreboard.sv(1291) @ 1500000: uvm_test_top.m_env.m_tx_sb [eth_tx_scoreboard] Comp_pack: MTXEN asserted
# UVM_INFO repo/tb/scoreboards/eth_tx_scoreboard/eth_tx_scoreboard.sv(916) @ 8188100: uvm_test_top.m_env.m_tx_sb [eth_tx_scoreboard] TX BD[0] completed
# UVM_INFO repo/tb/scoreboards/eth_tx_scoreboard/eth_tx_scoreboard.sv(1364) @ 8220000: uvm_test_top.m_env.m_tx_sb [eth_tx_scoreboard] Captured 84 bytes from MII
# UVM_INFO repo/tb/scoreboards/eth_tx_scoreboard/eth_tx_scoreboard.sv(1531) @ 8220000: uvm_test_top.m_env.m_tx_sb [eth_tx_scoreboard] Packet comparison PASSED (84 bytes)
# UVM_INFO repo/tb/scoreboards/eth_tx_scoreboard/eth_tx_scoreboard.sv(1196) @ 8221000: uvm_test_top.m_env.m_tx_sb [eth_tx_scoreboard] TX BD[1] LEN=15 RD=1 IRQ=0 WR=0 PAD=1 CRC=1 PTR=0x01448da0
# UVM_INFO repo/tb/scoreboards/eth_tx_scoreboard/eth_tx_scoreboard.sv(684) @ 8221000: uvm_test_top.m_env.m_tx_sb [eth_tx_scoreboard] Added 45 padding bytes (frame length = 60)
# UVM_INFO repo/tb/scoreboards/eth_tx_scoreboard/eth_tx_scoreboard.sv(1291) @ 9620000: uvm_test_top.m_env.m_tx_sb [eth_tx_scoreboard] Comp_pack: MTXEN asserted
# UVM_INFO repo/tb/scoreboards/eth_tx_scoreboard/eth_tx_scoreboard.sv(1764) @ 9620000: uvm_test_top.m_env.m_tx_sb [eth_tx_scoreboard] Measured IPGT = 35 MII clock cycles
# UVM_ERROR repo/tb/scoreboards/eth_tx_scoreboard/eth_tx_scoreboard.sv(1786) @ 9620000: uvm_test_top.m_env.m_tx_sb [eth_tx_scoreboard] IPGT mismatch
#                     Mode           : Full Duplex
#                     Register IPGT  : 0x20
#                     Expected       : 38 MII cycles
#                     Measured       : 35 MII cycles
# UVM_INFO repo/tb/scoreboards/eth_tx_scoreboard/eth_tx_scoreboard.sv(916) @ 15348100: uvm_test_top.m_env.m_tx_sb [eth_tx_scoreboard] TX BD[1] completed
# UVM_INFO repo/tb/scoreboards/eth_tx_scoreboard/eth_tx_scoreboard.sv(1364) @ 15380000: uvm_test_top.m_env.m_tx_sb [eth_tx_scoreboard] Captured 72 bytes from MII
# UVM_INFO repo/tb/scoreboards/eth_tx_scoreboard/eth_tx_scoreboard.sv(1531) @ 15380000: uvm_test_top.m_env.m_tx_sb [eth_tx_scoreboard] Packet comparison PASSED (72 bytes)
# UVM_INFO repo/tb/scoreboards/eth_tx_scoreboard/eth_tx_scoreboard.sv(1196) @ 15381000: uvm_test_top.m_env.m_tx_sb [eth_tx_scoreboard] TX BD[2] LEN=60 RD=1 IRQ=0 WR=0 PAD=1 CRC=1 PTR=0x4227faa8
# UVM_INFO repo/tb/scoreboards/eth_tx_scoreboard/eth_tx_scoreboard.sv(1291) @ 16780000: uvm_test_top.m_env.m_tx_sb [eth_tx_scoreboard] Comp_pack: MTXEN asserted
# UVM_INFO repo/tb/scoreboards/eth_tx_scoreboard/eth_tx_scoreboard.sv(1764) @ 16780000: uvm_test_top.m_env.m_tx_sb [eth_tx_scoreboard] Measured IPGT = 35 MII clock cycles
# UVM_ERROR repo/tb/scoreboards/eth_tx_scoreboard/eth_tx_scoreboard.sv(1786) @ 16780000: uvm_test_top.m_env.m_tx_sb [eth_tx_scoreboard] IPGT mismatch
#                     Mode           : Full Duplex
#                     Register IPGT  : 0x20
#                     Expected       : 38 MII cycles
#                     Measured       : 35 MII cycles
# UVM_INFO repo/tb/scoreboards/eth_tx_scoreboard/eth_tx_scoreboard.sv(916) @ 22508100: uvm_test_top.m_env.m_tx_sb [eth_tx_scoreboard] TX BD[2] completed
# UVM_INFO repo/tb/scoreboards/eth_tx_scoreboard/eth_tx_scoreboard.sv(1364) @ 22540000: uvm_test_top.m_env.m_tx_sb [eth_tx_scoreboard] Captured 72 bytes from MII
# UVM_INFO repo/tb/scoreboards/eth_tx_scoreboard/eth_tx_scoreboard.sv(1531) @ 22540000: uvm_test_top.m_env.m_tx_sb [eth_tx_scoreboard] Packet comparison PASSED (72 bytes)
# UVM_INFO repo/tb/scoreboards/eth_tx_scoreboard/eth_tx_scoreboard.sv(1196) @ 22541000: uvm_test_top.m_env.m_tx_sb [eth_tx_scoreboard] TX BD[3] LEN=18 RD=1 IRQ=0 WR=1 PAD=1 CRC=1 PTR=0x9a6f58ec
# UVM_INFO repo/tb/scoreboards/eth_tx_scoreboard/eth_tx_scoreboard.sv(684) @ 22541000: uvm_test_top.m_env.m_tx_sb [eth_tx_scoreboard] Added 42 padding bytes (frame length = 60)
# UVM_INFO repo/tb/scoreboards/eth_tx_scoreboard/eth_tx_scoreboard.sv(1291) @ 23940000: uvm_test_top.m_env.m_tx_sb [eth_tx_scoreboard] Comp_pack: MTXEN asserted
# UVM_INFO repo/tb/scoreboards/eth_tx_scoreboard/eth_tx_scoreboard.sv(1764) @ 23940000: uvm_test_top.m_env.m_tx_sb [eth_tx_scoreboard] Measured IPGT = 35 MII clock cycles
# UVM_ERROR repo/tb/scoreboards/eth_tx_scoreboard/eth_tx_scoreboard.sv(1786) @ 23940000: uvm_test_top.m_env.m_tx_sb [eth_tx_scoreboard] IPGT mismatch
#                     Mode           : Full Duplex
#                     Register IPGT  : 0x20
#                     Expected       : 38 MII cycles
#                     Measured       : 35 MII cycles
# UVM_INFO repo/tb/scoreboards/eth_tx_scoreboard/eth_tx_scoreboard.sv(916) @ 29668100: uvm_test_top.m_env.m_tx_sb [eth_tx_scoreboard] TX BD[3] completed
# UVM_INFO repo/tb/scoreboards/eth_tx_scoreboard/eth_tx_scoreboard.sv(1364) @ 29700000: uvm_test_top.m_env.m_tx_sb [eth_tx_scoreboard] Captured 72 bytes from MII
# UVM_INFO repo/tb/scoreboards/eth_tx_scoreboard/eth_tx_scoreboard.sv(1531) @ 29700000: uvm_test_top.m_env.m_tx_sb [eth_tx_scoreboard] Packet comparison PASSED (72 bytes)
# UVM_INFO repo/tb/scoreboards/eth_tx_scoreboard/eth_tx_scoreboard.sv(439) @ 29700200: uvm_test_top.m_env.m_tx_sb [eth_tx_scoreboard] Tx scoreboard dropped objection
# UVM_INFO verilog_src/uvm-1.1d/src/base/uvm_objection.svh(1267) @ 29700200: reporter [TEST_DONE] 'run' phase is ready to proceed to the 'extract' phase
# UVM_INFO repo/tb/agents/wb_m/wb_m_driver_base.sv(108) @ 29700200: uvm_test_top.m_env.m_wb_m_agent.m_driver [wb_m_driver_base] Drived 5930 active transactions
# UVM_INFO repo/tb/agents/wb_m/wb_m_monitor_base.sv(130) @ 29700200: uvm_test_top.m_env.m_wb_m_agent.m_monitor [wb_m_monitor_base] Monitored 5930 TRANSACTIONS
# 
# --- UVM Report Summary ---
# 
# ** Report counts by severity
# UVM_INFO :   50
# UVM_WARNING :    0
# UVM_ERROR :    3
# UVM_FATAL :    0
# ** Report counts by id
# [DRIVER]     1
# [Questa UVM]     2
# [RNTST]     1
# [TEST_DONE]     1
# [TX_CONFIG]     6
# [eth_test_tx_ipgt]     2
# [eth_tx_scoreboard]    31
# [eth_v_seq_tx_active]     4
# [mii_tx_monitor_base]     1
# [wb_m_driver_base]     1
# [wb_m_monitor_base]     2
# [wb_s_seq_tx_ipgt]     1
# ** Note: $finish    : D:/B/qsim_2021_1/win64/../verilog_src/uvm-1.1d/src/base/uvm_root.svh(430)
#    Time: 29700200 ps  Iteration: 57  Instance: /eth_tb
# Break in Task uvm_pkg/uvm_root::run_test at D:/B/qsim_2021_1/win64/../verilog_src/uvm-1.1d/src/base/uvm_root.svh line 430
# Stopped at D:/B/qsim_2021_1/win64/../verilog_src/uvm-1.1d/src/base/uvm_root.svh line 430
#  
#     coverage save $CODE_UCDB -codeAll -instance eth_tb.dut
#     coverage save $FUNC_UCDB -cvg -directive -assert
#     transcript file ""
#     

# End time: 19:38:51 on Jul 16,2026, Elapsed time: 0:00:45
# Errors: 0, Warnings: 8
# vsim -c -voptargs="+acc" work.eth_tb -coverage -classdebug -sv_seed random -uvmcontrol=all "+uvm_set_verbosity=uvm_test_top.m_env.*,_ALL_,UVM_MEDIUM,time,0" "+UVM_TESTNAME=eth_test_tx_ipgt" -onfinish stop -do "
#     run -all; 
#     coverage save $CODE_UCDB -codeAll -instance eth_tb.dut
#     coverage save $FUNC_UCDB -cvg -directive -assert
#     transcript file ""
#     " 
# Start time: 19:38:52 on Jul 16,2026
# ** Note: (vsim-8009) Loading existing optimized design _opt
# Loading sv_std.std
# Loading work.wb_m_if(fast)
# Loading work.wb_s_if(fast)
# Loading work.mii_tx_if(fast)
# Loading mtiUvm.uvm_pkg(fast)
# Loading work.eth_glob_pkg(fast)
# Loading work.mii_rx_seq_item_pkg(fast)
# Loading work.mii_tx_seq_item_pkg(fast)
# Loading work.wb_m_seq_item_pkg(fast)
# Loading work.wb_s_seq_item_pkg(fast)
# Loading work.eth_ral_pkg(fast)
# Loading work.eth_cov_pkg(fast)
# Loading work.mdio_if(fast)
# Loading work.mii_rx_if(fast)
# Loading work.eth_config_pkg(fast)
# Loading work.eth_rx_scoreboard_pkg(fast)
# Loading work.eth_tx_scoreboard_pkg(fast)
# Loading work.mii_tx_seq_pkg(fast)
# Loading work.wb_s_seq_pkg(fast)
# Loading work.wb_m_agent_pkg(fast)
# Loading work.wb_m_seq_pkg(fast)
# Loading work.mii_rx_agent_pkg(fast)
# Loading work.mii_tx_agent_pkg(fast)
# Loading work.wb_s_agent_pkg(fast)
# Loading work.eth_v_seq_sqr_pkg(fast)
# Loading work.eth_env_pkg(fast)
# Loading work.eth_test_tx_pkg(fast)
# Loading mtiUvm.questa_uvm_pkg(fast)
# Loading work.eth_tb(fast)
# Loading work.wb_s_if(fast__2)
# Loading work.wb_m_if(fast__2)
# Loading work.mii_tx_if(fast__2)
# Loading work.mii_rx_if(fast__2)
# Loading work.eth_top(fast)
# Loading work.eth_miim(fast)
# Loading work.eth_clockgen(fast)
# Loading work.eth_shiftreg(fast)
# Loading work.eth_outputcontrol(fast)
# Loading work.eth_registers(fast)
# Loading work.eth_register(fast)
# Loading work.eth_register(fast__1)
# Loading work.eth_register(fast__2)
# Loading work.eth_register(fast__3)
# Loading work.eth_register(fast__4)
# Loading work.eth_register(fast__5)
# Loading work.eth_register(fast__6)
# Loading work.eth_register(fast__7)
# Loading work.eth_register(fast__8)
# Loading work.eth_register(fast__9)
# Loading work.eth_register(fast__10)
# Loading work.eth_register(fast__11)
# Loading work.eth_register(fast__12)
# Loading work.eth_register(fast__13)
# Loading work.eth_register(fast__14)
# Loading work.eth_maccontrol(fast)
# Loading work.eth_receivecontrol(fast)
# Loading work.eth_transmitcontrol(fast)
# Loading work.eth_txethmac(fast)
# Loading work.eth_txcounters(fast)
# Loading work.eth_txstatem(fast)
# Loading work.eth_crc(fast)
# Loading work.eth_random(fast)
# Loading work.eth_rxethmac(fast)
# Loading work.eth_rxstatem(fast)
# Loading work.eth_rxcounters(fast)
# Loading work.eth_rxaddrcheck(fast)
# Loading work.eth_crc(fast__1)
# Loading work.eth_wishbone(fast)
# Loading work.eth_spram_256x32(fast)
# Loading work.eth_fifo(fast)
# Loading work.eth_macstatus(fast)
# Loading D:/B/qsim_2021_1/uvm-1.1d\win64\uvm_dpi.dll
# Sv_Seed = 226587569
# 
#     run -all
# ----------------------------------------------------------------
# UVM-1.1d
# (C) 2007-2013 Mentor Graphics Corporation
# (C) 2007-2013 Cadence Design Systems, Inc.
# (C) 2006-2013 Synopsys, Inc.
# (C) 2011-2013 Cypress Semiconductor Corp.
# ----------------------------------------------------------------
# 
#   ***********       IMPORTANT RELEASE NOTES         ************
# 
#   You are using a version of the UVM library that has been compiled
#   with `UVM_NO_DEPRECATED undefined.
#   See http://www.eda.org/svdb/view.php?id=3313 for more details.
# 
#   You are using a version of the UVM library that has been compiled
#   with `UVM_OBJECT_MUST_HAVE_CONSTRUCTOR undefined.
#   See http://www.eda.org/svdb/view.php?id=3770 for more details.
# 
#       (Specify +UVM_NO_RELNOTES to turn off this notice)
# 
# UVM_INFO verilog_src/questa_uvm_pkg-1.2/src/questa_uvm_pkg.sv(277) @ 0: reporter [Questa UVM] QUESTA_UVM-1.2.3
# UVM_INFO verilog_src/questa_uvm_pkg-1.2/src/questa_uvm_pkg.sv(278) @ 0: reporter [Questa UVM]  questa_uvm::init(all)
# UVM_INFO @ 0: reporter [RNTST] Running test eth_test_tx_ipgt...
# UVM_INFO repo/tb/tests/eth_tests_tx/eth_test_tx_base.sv(22) @ 0: uvm_test_top [eth_test_tx_ipgt] start of build_phase
# ** Warning: (vsim-8547) After dropping the illegal, ignore or invalid values, the values list associated with fixed-size array sub bin 'regs[14]' in Coverpoint 'cp_reg' of Covergroup instance '\/eth_cov_pkg::eth_cov_tx::m_rw_bit_cov ' has converged to empty list. The sub bin will be taken out of coverage calculation.
#    Time: 0 ps  Iteration: 7  Region: /uvm_pkg::uvm_phase::m_run_phases
# ** Warning: (vsim-8547) After dropping the illegal, ignore or invalid values, the values list associated with fixed-size array sub bin 'regs[15]' in Coverpoint 'cp_reg' of Covergroup instance '\/eth_cov_pkg::eth_cov_tx::m_rw_bit_cov ' has converged to empty list. The sub bin will be taken out of coverage calculation.
#    Time: 0 ps  Iteration: 7  Region: /uvm_pkg::uvm_phase::m_run_phases
# ** Warning: (vsim-8547) After dropping the illegal, ignore or invalid values, the values list associated with fixed-size array sub bin 'regs[6]' in Coverpoint 'cp_reg' of Covergroup instance '\/eth_cov_pkg::eth_cov_tx::m_reserved_bit_cov ' has converged to empty list. The sub bin will be taken out of coverage calculation.
#    Time: 0 ps  Iteration: 7  Region: /uvm_pkg::uvm_phase::m_run_phases
# ** Warning: (vsim-8547) After dropping the illegal, ignore or invalid values, the values list associated with fixed-size array sub bin 'regs[16]' in Coverpoint 'cp_reg' of Covergroup instance '\/eth_cov_pkg::eth_cov_tx::m_reserved_bit_cov ' has converged to empty list. The sub bin will be taken out of coverage calculation.
#    Time: 0 ps  Iteration: 7  Region: /uvm_pkg::uvm_phase::m_run_phases
# ** Warning: (vsim-8547) After dropping the illegal, ignore or invalid values, the values list associated with fixed-size array sub bin 'regs[18]' in Coverpoint 'cp_reg' of Covergroup instance '\/eth_cov_pkg::eth_cov_tx::m_reserved_bit_cov ' has converged to empty list. The sub bin will be taken out of coverage calculation.
#    Time: 0 ps  Iteration: 7  Region: /uvm_pkg::uvm_phase::m_run_phases
# ** Warning: (vsim-8547) After dropping the illegal, ignore or invalid values, the values list associated with fixed-size array sub bin 'regs[19]' in Coverpoint 'cp_reg' of Covergroup instance '\/eth_cov_pkg::eth_cov_tx::m_reserved_bit_cov ' has converged to empty list. The sub bin will be taken out of coverage calculation.
#    Time: 0 ps  Iteration: 7  Region: /uvm_pkg::uvm_phase::m_run_phases
# UVM_INFO repo/tb/tests/eth_tests_tx/eth_test_tx_base.sv(59) @ 0: uvm_test_top [eth_test_tx_ipgt] start of sim phase
# ---------------------------------------------------------------------------------
# Name                          Type                                    Size  Value
# ---------------------------------------------------------------------------------
# uvm_test_top                  eth_test_tx_ipgt                        -     @488 
#   m_env                       eth_env_tx                              -     @508 
#     m_cov_tx                  eth_cov_tx                              -     @822 
#       mii_tx_export           uvm_analysis_export                     -     @986 
#         recording_detail      integral                                32    'd1  
#       mii_tx_fifo             uvm_tlm_analysis_fifo #(T)              -     @923 
#         analysis_export       uvm_analysis_imp                        -     @962 
#           recording_detail    integral                                32    'd1  
#         get_ap                uvm_analysis_port                       -     @954 
#           recording_detail    integral                                32    'd1  
#         get_peek_export       uvm_get_peek_imp                        -     @938 
#           recording_detail    integral                                32    'd1  
#         put_ap                uvm_analysis_port                       -     @946 
#           recording_detail    integral                                32    'd1  
#         put_export            uvm_put_imp                             -     @930 
#           recording_detail    integral                                32    'd1  
#         recording_detail      integral                                32    'd1  
#       wb_m_export             uvm_analysis_export                     -     @970 
#         recording_detail      integral                                32    'd1  
#       wb_m_fifo               uvm_tlm_analysis_fifo #(T)              -     @829 
#         analysis_export       uvm_analysis_imp                        -     @868 
#           recording_detail    integral                                32    'd1  
#         get_ap                uvm_analysis_port                       -     @860 
#           recording_detail    integral                                32    'd1  
#         get_peek_export       uvm_get_peek_imp                        -     @844 
#           recording_detail    integral                                32    'd1  
#         put_ap                uvm_analysis_port                       -     @852 
#           recording_detail    integral                                32    'd1  
#         put_export            uvm_put_imp                             -     @836 
#           recording_detail    integral                                32    'd1  
#         recording_detail      integral                                32    'd1  
#       wb_s_export             uvm_analysis_export                     -     @978 
#         recording_detail      integral                                32    'd1  
#       wb_s_fifo               uvm_tlm_analysis_fifo #(T)              -     @876 
#         analysis_export       uvm_analysis_imp                        -     @915 
#           recording_detail    integral                                32    'd1  
#         get_ap                uvm_analysis_port                       -     @907 
#           recording_detail    integral                                32    'd1  
#         get_peek_export       uvm_get_peek_imp                        -     @891 
#           recording_detail    integral                                32    'd1  
#         put_ap                uvm_analysis_port                       -     @899 
#           recording_detail    integral                                32    'd1  
#         put_export            uvm_put_imp                             -     @883 
#           recording_detail    integral                                32    'd1  
#         recording_detail      integral                                32    'd1  
#       recording_detail        integral                                32    'd1  
#     m_mii_tx_agent            mii_tx_agent                            -     @808 
#       agent_a_port            uvm_analysis_port                       -     @1135
#         recording_detail      integral                                32    'd1  
#       m_driver                mii_tx_driver_hd                        -     @996 
#         rsp_port              uvm_analysis_port                       -     @1011
#           recording_detail    integral                                32    'd1  
#         seq_item_port         uvm_seq_item_pull_port                  -     @1003
#           recording_detail    integral                                32    'd1  
#         recording_detail      integral                                32    'd1  
#       m_monitor               mii_tx_monitor_base                     -     @1128
#         monitor_tr_a_port     uvm_analysis_port                       -     @1143
#           recording_detail    integral                                32    'd1  
#         recording_detail      integral                                32    'd1  
#       m_sequencer             mii_tx_sequencer_base                   -     @1019
#         rsp_export            uvm_analysis_export                     -     @1026
#           recording_detail    integral                                32    'd1  
#         seq_item_export       uvm_seq_item_pull_imp                   -     @1120
#           recording_detail    integral                                32    'd1  
#         recording_detail      integral                                32    'd1  
#         arbitration_queue     array                                   0     -    
#         lock_queue            array                                   0     -    
#         num_last_reqs         integral                                32    'd1  
#         num_last_rsps         integral                                32    'd1  
#       recording_detail        integral                                32    'd1  
#     m_predictor               uvm_reg_predictor #(uvm_sequence_item)  -     @779 
#       bus_in                  uvm_analysis_imp                        -     @786 
#         recording_detail      integral                                32    'd1  
#       reg_ap                  uvm_analysis_port                       -     @794 
#         recording_detail      integral                                32    'd1  
#       recording_detail        integral                                32    'd1  
#     m_tx_sb                   eth_tx_scoreboard                       -     @815 
#       mii_tx_export           uvm_analysis_export                     -     @1258
#         recording_detail      integral                                32    'd1  
#       mii_tx_fifo             uvm_tlm_analysis_fifo #(T)              -     @1203
#         analysis_export       uvm_analysis_imp                        -     @1242
#           recording_detail    integral                                32    'd1  
#         get_ap                uvm_analysis_port                       -     @1234
#           recording_detail    integral                                32    'd1  
#         get_peek_export       uvm_get_peek_imp                        -     @1218
#           recording_detail    integral                                32    'd1  
#         put_ap                uvm_analysis_port                       -     @1226
#           recording_detail    integral                                32    'd1  
#         put_export            uvm_put_imp                             -     @1210
#           recording_detail    integral                                32    'd1  
#         recording_detail      integral                                32    'd1  
#       wb_m_export             uvm_analysis_export                     -     @1250
#         recording_detail      integral                                32    'd1  
#       wb_m_fifo               uvm_tlm_analysis_fifo #(T)              -     @1156
#         analysis_export       uvm_analysis_imp                        -     @1195
#           recording_detail    integral                                32    'd1  
#         get_ap                uvm_analysis_port                       -     @1187
#           recording_detail    integral                                32    'd1  
#         get_peek_export       uvm_get_peek_imp                        -     @1171
#           recording_detail    integral                                32    'd1  
#         put_ap                uvm_analysis_port                       -     @1179
#           recording_detail    integral                                32    'd1  
#         put_export            uvm_put_imp                             -     @1163
#           recording_detail    integral                                32    'd1  
#         recording_detail      integral                                32    'd1  
#       wb_s_imp                uvm_analysis_imp                        -     @1266
#         recording_detail      integral                                32    'd1  
#       recording_detail        integral                                32    'd1  
#     m_v_sqr                   eth_v_sequencer                         -     @522 
#       rsp_export              uvm_analysis_export                     -     @529 
#         recording_detail      integral                                32    'd1  
#       seq_item_export         uvm_seq_item_pull_imp                   -     @623 
#         recording_detail      integral                                32    'd1  
#       recording_detail        integral                                32    'd1  
#       arbitration_queue       array                                   0     -    
#       lock_queue              array                                   0     -    
#       num_last_reqs           integral                                32    'd1  
#       num_last_rsps           integral                                32    'd1  
#     m_wb_m_agent              wb_m_agent                              -     @638 
#       a_port                  uvm_analysis_port                       -     @1421
#         recording_detail      integral                                32    'd1  
#       m_driver                wb_m_driver_base                        -     @1391
#         rsp_port              uvm_analysis_port                       -     @1406
#           recording_detail    integral                                32    'd1  
#         seq_item_port         uvm_seq_item_pull_port                  -     @1398
#           recording_detail    integral                                32    'd1  
#         recording_detail      integral                                32    'd1  
#       m_monitor               wb_m_monitor_base                       -     @1414
#         request_a_port        uvm_analysis_port                       -     @1437
#           recording_detail    integral                                32    'd1  
#         transaction_a_port    uvm_analysis_port                       -     @1429
#           recording_detail    integral                                32    'd1  
#         recording_detail      integral                                32    'd1  
#       m_sequencer             wb_m_sequencer_base                     -     @1282
#         request_export        uvm_analysis_export                     -     @1497
#           recording_detail    integral                                32    'd1  
#         request_fifo          uvm_tlm_analysis_fifo #(T)              -     @1450
#           analysis_export     uvm_analysis_imp                        -     @1489
#             recording_detail  integral                                32    'd1  
#           get_ap              uvm_analysis_port                       -     @1481
#             recording_detail  integral                                32    'd1  
#           get_peek_export     uvm_get_peek_imp                        -     @1465
#             recording_detail  integral                                32    'd1  
#           put_ap              uvm_analysis_port                       -     @1473
#             recording_detail  integral                                32    'd1  
#           put_export          uvm_put_imp                             -     @1457
#             recording_detail  integral                                32    'd1  
#           recording_detail    integral                                32    'd1  
#         rsp_export            uvm_analysis_export                     -     @1289
#           recording_detail    integral                                32    'd1  
#         seq_item_export       uvm_seq_item_pull_imp                   -     @1383
#           recording_detail    integral                                32    'd1  
#         recording_detail      integral                                32    'd1  
#         arbitration_queue     array                                   0     -    
#         lock_queue            array                                   0     -    
#         num_last_reqs         integral                                32    'd1  
#         num_last_rsps         integral                                32    'd1  
#       recording_detail        integral                                32    'd1  
#     m_wb_s_agent              wb_s_agent                              -     @631 
#       a_port                  uvm_analysis_port                       -     @1650
#         recording_detail      integral                                32    'd1  
#       m_driver                wb_s_driver_base                        -     @1620
#         rsp_port              uvm_analysis_port                       -     @1635
#           recording_detail    integral                                32    'd1  
#         seq_item_port         uvm_seq_item_pull_port                  -     @1627
#           recording_detail    integral                                32    'd1  
#         recording_detail      integral                                32    'd1  
#       m_monitor               wb_s_monitor_base                       -     @1643
#         a_port                uvm_analysis_port                       -     @1660
#           recording_detail    integral                                32    'd1  
#         bd_status_ap          uvm_analysis_port                       -     @1668
#           recording_detail    integral                                32    'd1  
#         recording_detail      integral                                32    'd1  
#       m_sequencer             wb_s_sequencer_base                     -     @1511
#         rsp_export            uvm_analysis_export                     -     @1518
#           recording_detail    integral                                32    'd1  
#         seq_item_export       uvm_seq_item_pull_imp                   -     @1612
#           recording_detail    integral                                32    'd1  
#         recording_detail      integral                                32    'd1  
#         arbitration_queue     array                                   0     -    
#         lock_queue            array                                   0     -    
#         num_last_reqs         integral                                32    'd1  
#         num_last_rsps         integral                                32    'd1  
#       recording_detail        integral                                32    'd1  
#     recording_detail          integral                                32    'd1  
#   recording_detail            integral                                32    'd1  
# ---------------------------------------------------------------------------------
# 
#### Factory Configuration (*)
# 
# No instance overrides are registered with this factory
# 
# Type Overrides:
# 
#   Requested Type      Override Type      
#   ------------------  -------------------
#   wb_m_seq_base       wb_m_seq_wr_rd
#   wb_s_seq_base       wb_s_seq_tx_ipgt
#   mii_tx_driver_base  mii_tx_driver_hd
#   eth_v_seq_tx        eth_v_seq_tx_active
# 
# All types registered with the factory: 129 total
# (types without type names will not be printed)
# 
#   Type Name
#   ---------
#   bd_mem
#   dma_mem
#   eth_collconf_reg
#   eth_cov_tx
#   eth_ctrlmoder_reg
#   eth_env_base
#   eth_env_config_obj
#   eth_env_rx
#   eth_env_tx
#   eth_hash0_reg
#   eth_hash1_reg
#   eth_int_mask_reg
#   eth_int_source_reg
#   eth_ipgr1_reg
#   eth_ipgr2_reg
#   eth_ipgt_reg
#   eth_mac_addr0_reg
#   eth_mac_addr1_reg
#   eth_miiaddress_reg
#   eth_miicommand_reg
#   eth_miimoder_reg
#   eth_miirx_data_reg
#   eth_miistatus_reg
#   eth_miitx_data_reg
#   eth_moder_reg
#   eth_packetlen_reg
#   eth_reg_block
#   eth_rx_scoreboard
#   eth_test_tx_base
#   eth_test_tx_bd_num
#   eth_test_tx_dcrc
#   eth_test_tx_hugen
#   eth_test_tx_ipgt
#   eth_test_tx_moder
#   eth_test_tx_nopre
#   eth_test_tx_pad
#   eth_test_tx_smoke
#   eth_tx_bd_num_reg
#   eth_tx_scoreboard
#   eth_tx_scoreboard_config_obj
#   eth_txctrl_reg
#   eth_v_seq_base
#   eth_v_seq_tx
#   eth_v_seq_tx_active
#   eth_v_sequencer
#   eth_wb_adapter
#   mdio_config_obj
#   mii_rx_agent
#   mii_rx_config_obj
#   mii_rx_driver_base
#   mii_rx_monitor_base
#   mii_rx_seq_item
#   mii_rx_sequencer_base
#   mii_tx_agent
#   mii_tx_config_obj
#   mii_tx_driver_base
#   mii_tx_driver_hd
#   mii_tx_monitor_base
#   mii_tx_seq_base
#   mii_tx_seq_item_base
#   mii_tx_sequencer_base
#   questa_uvm_recorder
#   wb_m_agent
#   wb_m_config_obj
#   wb_m_driver_base
#   wb_m_monitor_base
#   wb_m_seq_base
#   wb_m_seq_item_base
#   wb_m_seq_smoke
#   wb_m_seq_wr_rd
#   wb_m_sequencer_base
#   wb_s_agent
#   wb_s_basic_tx_seq
#   wb_s_config_obj
#   wb_s_control_frame_tx_seq
#   wb_s_driver_base
#   wb_s_monitor_base
#   wb_s_seq_base
#   wb_s_seq_tx_bd_num
#   wb_s_seq_tx_dcrc
#   wb_s_seq_tx_hugen
#   wb_s_seq_tx_ipgt
#   wb_s_seq_tx_moder
#   wb_s_seq_tx_no_pre
#   wb_s_seq_tx_pad
#   wb_s_sequencer_base
# (*) Types with no associated type name will be printed as <unknown>
# 
####
# 
# **************************************************************************
# * Questa UVM Transaction Recording Turned ON.                            *
# * recording_detail has been set.                                         *
# *  To turn off, set 'recording_detail' to off:                           *
# * uvm_config_db#(int)            ::set(null, "", "recording_detail", 0); *
# * uvm_config_db#(uvm_bitstream_t)::set(null, "", "recording_detail", 0); *
# **************************************************************************
# ** Warning: (vsim-WLF-5000) WLF file currently in use: vsim.wlf
#           File in use by: mwael  Hostname: MOHAMMAD-LAPTOP  ProcessID: 9636
#           Attempting to use alternate WLF file "./wlftrbsng3".
# ** Warning: (vsim-WLF-5001) Could not open WLF file: vsim.wlf
#           Using alternate file: ./wlftrbsng3
# UVM_INFO repo/tb/scoreboards/eth_tx_scoreboard/eth_tx_scoreboard.sv(413) @ 0: uvm_test_top.m_env.m_tx_sb [eth_tx_scoreboard] Tx scoreboard raised objection
# UVM_INFO repo/tb/virtual_seq_sqr/eth_v_seq_tx.sv(15) @ 0: uvm_test_top.m_env.m_v_sqr@@m_v_seq_tx [eth_v_seq_tx_active] Executing virtual sequence
# UVM_INFO repo/tb/agents/wb_m/wb_m_monitor_base.sv(101) @ 50000: uvm_test_top.m_env.m_wb_m_agent.m_monitor [wb_m_monitor_base] Begin monitoring after reset deassertion
# UVM_INFO repo/tb/agents/mii_tx/mii_tx_monitor_base.sv(58) @ 50000: uvm_test_top.m_env.m_mii_tx_agent.m_monitor [mii_tx_monitor_base] Begin monitoring after reset deassertion
# UVM_INFO repo/tb/agents/mii_tx/mii_tx_driver_base.sv(56) @ 60000: uvm_test_top.m_env.m_mii_tx_agent.m_driver [DRIVER] Reset deasserted — starting stimulus
# UVM_INFO repo/tb/sequences/wb_s_seq/wb_s_basic_tx_seq.sv(247) @ 117500: uvm_test_top.m_env.m_wb_s_agent.m_sequencer@@m_wb_s_seq_base [TX_CONFIG]  Configuring TX BD[0] - LEN=0x003c, PTR=0x7f1cae44, IRQ=0, WR=0, PAD=1, CRC=0
# UVM_INFO repo/tb/sequences/wb_s_seq/wb_s_basic_tx_seq.sv(247) @ 197500: uvm_test_top.m_env.m_wb_s_agent.m_sequencer@@m_wb_s_seq_base [TX_CONFIG]  Configuring TX BD[1] - LEN=0x0052, PTR=0xfffffff8, IRQ=0, WR=0, PAD=0, CRC=0
# UVM_INFO repo/tb/sequences/wb_s_seq/wb_s_basic_tx_seq.sv(247) @ 277500: uvm_test_top.m_env.m_wb_s_agent.m_sequencer@@m_wb_s_seq_base [TX_CONFIG]  Configuring TX BD[2] - LEN=0x0047, PTR=0x09498238, IRQ=0, WR=0, PAD=1, CRC=0
# UVM_INFO repo/tb/sequences/wb_s_seq/wb_s_basic_tx_seq.sv(247) @ 357500: uvm_test_top.m_env.m_wb_s_agent.m_sequencer@@m_wb_s_seq_base [TX_CONFIG]  Configuring TX BD[3] - LEN=0x0060, PTR=0x10bc5d40, IRQ=0, WR=1, PAD=1, CRC=1
# UVM_INFO repo/tb/sequences/wb_s_seq/wb_s_basic_tx_seq.sv(148) @ 357500: uvm_test_top.m_env.m_wb_s_agent.m_sequencer@@m_wb_s_seq_base [TX_CONFIG] Configuring TX registers
# UVM_INFO repo/tb/sequences/wb_s_seq/wb_s_basic_tx_seq.sv(200) @ 512500: uvm_test_top.m_env.m_wb_s_agent.m_sequencer@@m_wb_s_seq_base [TX_CONFIG] MODER: FULLD=0, TXEN=1, BDNUM = 4, NOPRE=0, CRCEN=1, PAD=1, HUGEN=0, NOBCKOF=0, EXDF=0, IPGT = 32, MAXFL = 1518, MINFL = 64
# UVM_INFO repo/tb/sequences/wb_s_seq/wb_s_seq_tx_ipgt.sv(63) @ 512500: uvm_test_top.m_env.m_wb_s_agent.m_sequencer@@m_wb_s_seq_base [wb_s_seq_tx_ipgt] TX BD Num configuration completed
# UVM_INFO repo/tb/scoreboards/eth_tx_scoreboard/eth_tx_scoreboard.sv(831) @ 512500: uvm_test_top.m_env.m_tx_sb [eth_tx_scoreboard] TXEN asserted
# UVM_INFO repo/tb/scoreboards/eth_tx_scoreboard/eth_tx_scoreboard.sv(1196) @ 512500: uvm_test_top.m_env.m_tx_sb [eth_tx_scoreboard] TX BD[0] LEN=60 RD=1 IRQ=0 WR=0 PAD=1 CRC=1 PTR=0x7f1cae44
# UVM_INFO repo/tb/virtual_seq_sqr/eth_v_seq_tx.sv(25) @ 512500: uvm_test_top.m_env.m_v_sqr@@m_v_seq_tx [eth_v_seq_tx_active] virtual sequence completed
# UVM_INFO repo/tb/virtual_seq_sqr/eth_v_seq_tx_active.sv(11) @ 512500: uvm_test_top.m_env.m_v_sqr@@m_v_seq_tx [eth_v_seq_tx_active] Executing virtual sequence
# UVM_INFO repo/tb/virtual_seq_sqr/eth_v_seq_tx_active.sv(18) @ 512500: uvm_test_top.m_env.m_v_sqr@@m_v_seq_tx [eth_v_seq_tx_active] virtual sequence completed
# UVM_INFO repo/tb/scoreboards/eth_tx_scoreboard/eth_tx_scoreboard.sv(1291) @ 940000: uvm_test_top.m_env.m_tx_sb [eth_tx_scoreboard] Comp_pack: MTXEN asserted
# UVM_INFO repo/tb/scoreboards/eth_tx_scoreboard/eth_tx_scoreboard.sv(916) @ 6668100: uvm_test_top.m_env.m_tx_sb [eth_tx_scoreboard] TX BD[0] completed
# UVM_INFO repo/tb/scoreboards/eth_tx_scoreboard/eth_tx_scoreboard.sv(1364) @ 6700000: uvm_test_top.m_env.m_tx_sb [eth_tx_scoreboard] Captured 72 bytes from MII
# UVM_INFO repo/tb/scoreboards/eth_tx_scoreboard/eth_tx_scoreboard.sv(1531) @ 6700000: uvm_test_top.m_env.m_tx_sb [eth_tx_scoreboard] Packet comparison PASSED (72 bytes)
# UVM_INFO repo/tb/scoreboards/eth_tx_scoreboard/eth_tx_scoreboard.sv(1196) @ 6701000: uvm_test_top.m_env.m_tx_sb [eth_tx_scoreboard] TX BD[1] LEN=82 RD=1 IRQ=0 WR=0 PAD=1 CRC=1 PTR=0xfffffff8
# UVM_INFO repo/tb/scoreboards/eth_tx_scoreboard/eth_tx_scoreboard.sv(1291) @ 8260000: uvm_test_top.m_env.m_tx_sb [eth_tx_scoreboard] Comp_pack: MTXEN asserted
# UVM_INFO repo/tb/scoreboards/eth_tx_scoreboard/eth_tx_scoreboard.sv(1764) @ 8260000: uvm_test_top.m_env.m_tx_sb [eth_tx_scoreboard] Measured IPGT = 39 MII clock cycles
# UVM_INFO repo/tb/scoreboards/eth_tx_scoreboard/eth_tx_scoreboard.sv(1801) @ 8260000: uvm_test_top.m_env.m_tx_sb [eth_tx_scoreboard] IPGT PASS (35 MII cycles)
# UVM_INFO repo/tb/scoreboards/eth_tx_scoreboard/eth_tx_scoreboard.sv(916) @ 15748100: uvm_test_top.m_env.m_tx_sb [eth_tx_scoreboard] TX BD[1] completed
# UVM_INFO repo/tb/scoreboards/eth_tx_scoreboard/eth_tx_scoreboard.sv(1364) @ 15780000: uvm_test_top.m_env.m_tx_sb [eth_tx_scoreboard] Captured 94 bytes from MII
# UVM_INFO repo/tb/scoreboards/eth_tx_scoreboard/eth_tx_scoreboard.sv(1531) @ 15780000: uvm_test_top.m_env.m_tx_sb [eth_tx_scoreboard] Packet comparison PASSED (94 bytes)
# UVM_INFO repo/tb/scoreboards/eth_tx_scoreboard/eth_tx_scoreboard.sv(1196) @ 15781000: uvm_test_top.m_env.m_tx_sb [eth_tx_scoreboard] TX BD[2] LEN=71 RD=1 IRQ=0 WR=0 PAD=1 CRC=1 PTR=0x09498238
# UVM_INFO repo/tb/scoreboards/eth_tx_scoreboard/eth_tx_scoreboard.sv(1291) @ 17340000: uvm_test_top.m_env.m_tx_sb [eth_tx_scoreboard] Comp_pack: MTXEN asserted
# UVM_INFO repo/tb/scoreboards/eth_tx_scoreboard/eth_tx_scoreboard.sv(1764) @ 17340000: uvm_test_top.m_env.m_tx_sb [eth_tx_scoreboard] Measured IPGT = 39 MII clock cycles
# UVM_INFO repo/tb/scoreboards/eth_tx_scoreboard/eth_tx_scoreboard.sv(1801) @ 17340000: uvm_test_top.m_env.m_tx_sb [eth_tx_scoreboard] IPGT PASS (35 MII cycles)
# UVM_INFO repo/tb/scoreboards/eth_tx_scoreboard/eth_tx_scoreboard.sv(916) @ 23948100: uvm_test_top.m_env.m_tx_sb [eth_tx_scoreboard] TX BD[2] completed
# UVM_INFO repo/tb/scoreboards/eth_tx_scoreboard/eth_tx_scoreboard.sv(1364) @ 23980000: uvm_test_top.m_env.m_tx_sb [eth_tx_scoreboard] Captured 83 bytes from MII
# UVM_INFO repo/tb/scoreboards/eth_tx_scoreboard/eth_tx_scoreboard.sv(1531) @ 23980000: uvm_test_top.m_env.m_tx_sb [eth_tx_scoreboard] Packet comparison PASSED (83 bytes)
# UVM_INFO repo/tb/scoreboards/eth_tx_scoreboard/eth_tx_scoreboard.sv(1196) @ 23981000: uvm_test_top.m_env.m_tx_sb [eth_tx_scoreboard] TX BD[3] LEN=96 RD=1 IRQ=0 WR=1 PAD=1 CRC=1 PTR=0x10bc5d40
# UVM_INFO repo/tb/scoreboards/eth_tx_scoreboard/eth_tx_scoreboard.sv(1291) @ 25540000: uvm_test_top.m_env.m_tx_sb [eth_tx_scoreboard] Comp_pack: MTXEN asserted
# UVM_INFO repo/tb/scoreboards/eth_tx_scoreboard/eth_tx_scoreboard.sv(1764) @ 25540000: uvm_test_top.m_env.m_tx_sb [eth_tx_scoreboard] Measured IPGT = 39 MII clock cycles
# UVM_INFO repo/tb/scoreboards/eth_tx_scoreboard/eth_tx_scoreboard.sv(1801) @ 25540000: uvm_test_top.m_env.m_tx_sb [eth_tx_scoreboard] IPGT PASS (35 MII cycles)
# UVM_INFO repo/tb/scoreboards/eth_tx_scoreboard/eth_tx_scoreboard.sv(916) @ 34148100: uvm_test_top.m_env.m_tx_sb [eth_tx_scoreboard] TX BD[3] completed
# UVM_INFO repo/tb/scoreboards/eth_tx_scoreboard/eth_tx_scoreboard.sv(1364) @ 34180000: uvm_test_top.m_env.m_tx_sb [eth_tx_scoreboard] Captured 108 bytes from MII
# UVM_INFO repo/tb/scoreboards/eth_tx_scoreboard/eth_tx_scoreboard.sv(1531) @ 34180000: uvm_test_top.m_env.m_tx_sb [eth_tx_scoreboard] Packet comparison PASSED (108 bytes)
# UVM_INFO repo/tb/scoreboards/eth_tx_scoreboard/eth_tx_scoreboard.sv(439) @ 34180200: uvm_test_top.m_env.m_tx_sb [eth_tx_scoreboard] Tx scoreboard dropped objection
# UVM_INFO verilog_src/uvm-1.1d/src/base/uvm_objection.svh(1267) @ 34180200: reporter [TEST_DONE] 'run' phase is ready to proceed to the 'extract' phase
# UVM_INFO repo/tb/agents/wb_m/wb_m_driver_base.sv(108) @ 34180200: uvm_test_top.m_env.m_wb_m_agent.m_driver [wb_m_driver_base] Drived 6826 active transactions
# UVM_INFO repo/tb/agents/wb_m/wb_m_monitor_base.sv(130) @ 34180200: uvm_test_top.m_env.m_wb_m_agent.m_monitor [wb_m_monitor_base] Monitored 6826 TRANSACTIONS
# 
# --- UVM Report Summary ---
# 
# ** Report counts by severity
# UVM_INFO :   51
# UVM_WARNING :    0
# UVM_ERROR :    0
# UVM_FATAL :    0
# ** Report counts by id
# [DRIVER]     1
# [Questa UVM]     2
# [RNTST]     1
# [TEST_DONE]     1
# [TX_CONFIG]     6
# [eth_test_tx_ipgt]     2
# [eth_tx_scoreboard]    29
# [eth_v_seq_tx_active]     4
# [mii_tx_monitor_base]     1
# [wb_m_driver_base]     1
# [wb_m_monitor_base]     2
# [wb_s_seq_tx_ipgt]     1
# ** Note: $finish    : D:/B/qsim_2021_1/win64/../verilog_src/uvm-1.1d/src/base/uvm_root.svh(430)
#    Time: 34180200 ps  Iteration: 57  Instance: /eth_tb
# Break in Task uvm_pkg/uvm_root::run_test at D:/B/qsim_2021_1/win64/../verilog_src/uvm-1.1d/src/base/uvm_root.svh line 430
# Stopped at D:/B/qsim_2021_1/win64/../verilog_src/uvm-1.1d/src/base/uvm_root.svh line 430
#  
#     coverage save $CODE_UCDB -codeAll -instance eth_tb.dut
#     coverage save $FUNC_UCDB -cvg -directive -assert
#     transcript file ""
#     

