# 0
# QuestaSim-64 vlog 2021.1 Compiler 2021.01 Jan 19 2021
# Start time: 01:01:22 on Jul 14,2026
# vlog repo/tb/global/eth_glob_pkg.sv repo/tb/interfaces/mdio_if.sv repo/tb/interfaces/mii_rx_if.sv repo/tb/interfaces/mii_tx_if.sv repo/tb/interfaces/wb_m_if.sv repo/tb/interfaces/wb_s_if.sv repo/tb/seq_items/mii_tx/mii_tx_seq_item_pkg.sv repo/tb/seq_items/wb_m/wb_m_seq_item_pkg.sv repo/tb/seq_items/wb_s/wb_s_seq_item_pkg.sv repo/tb/seq_items/mii_rx/mii_rx_seq_item_pkg.sv repo/tb/config/eth_config_pkg.sv repo/tb/ral/eth_ral_pkg.sv repo/tb/sequences/wb_m_seq/wb_m_seq_pkg.sv repo/tb/sequences/wb_s_seq/wb_s_seq_pkg.sv repo/tb/virtual_seq_sqr/eth_v_seq_sqr_pkg.sv repo/tb/agents/mii_tx/mii_tx_agent_pkg.sv repo/tb/agents/mii_rx/mii_rx_agent_pkg.sv repo/tb/agents/wb_m/wb_m_agent_pkg.sv repo/tb/agents/wb_s/wb_s_agent_pkg.sv repo/tb/scoreboards/eth_tx_scoreboard/eth_tx_scoreboard_pkg.sv repo/tb/scoreboards/eth_rx_scoreboard/eth_rx_scoreboard_pkg.sv repo/tb/coverage/eth_cov_pkg.sv repo/tb/env/eth_env_pkg.sv repo/tb/tests/eth_tests_tx/eth_test_tx_pkg.sv repo/rtl/eth_clockgen.v repo/rtl/eth_cop.v repo/rtl/eth_crc.v repo/rtl/eth_defines.v repo/rtl/eth_fifo.v repo/rtl/eth_maccontrol.v repo/rtl/eth_macstatus.v repo/rtl/eth_miim.v repo/rtl/eth_outputcontrol.v repo/rtl/eth_random.v repo/rtl/eth_receivecontrol.v repo/rtl/eth_register.v repo/rtl/eth_registers.v repo/rtl/eth_rxaddrcheck.v repo/rtl/eth_rxcounters.v repo/rtl/eth_rxethmac.v repo/rtl/eth_rxstatem.v repo/rtl/eth_shiftreg.v repo/rtl/eth_spram_256x32.v repo/rtl/eth_top.v repo/rtl/eth_transmitcontrol.v repo/rtl/eth_txcounters.v repo/rtl/eth_txethmac.v repo/rtl/eth_txstatem.v repo/rtl/eth_wishbone.v repo/rtl/timescale.v repo/tb/top/eth_tb.sv "+cover" -covercells 
# -- Compiling package eth_glob_pkg
# ** Note: (vlog-2286) repo/tb/global/eth_glob_pkg.sv(17): Using implicit +incdir+D:/B/qsim_2021_1/uvm-1.1d/../verilog_src/uvm-1.1d/src from import uvm_pkg
# -- Importing package mtiUvm.uvm_pkg (uvm-1.1d Built-in)
# -- Compiling interface mdio_if
# -- Compiling interface mii_rx_if
# -- Compiling interface mii_tx_if
# -- Compiling interface wb_m_if
# -- Compiling interface wb_s_if
# -- Compiling package mii_tx_seq_item_pkg
# -- Importing package eth_glob_pkg
# -- Compiling package wb_m_seq_item_pkg
# -- Compiling package wb_s_seq_item_pkg
# -- Compiling package mii_rx_seq_item_pkg
# -- Compiling package eth_config_pkg
# -- Importing package eth_ral_pkg
# -- Importing package wb_s_seq_item_pkg
# -- Compiling package eth_ral_pkg
# -- Compiling package wb_m_seq_pkg
# -- Importing package wb_m_seq_item_pkg
# -- Importing package wb_m_agent_pkg
# -- Importing package eth_config_pkg
# ** Warning: repo/tb/sequences/wb_m_seq/wb_m_seq_wr_rd.sv(36): (vlog-2240) Treating stand-alone use of function 'write' as an implicit VOID cast.
# ** Warning: repo/tb/sequences/wb_m_seq/wb_m_seq_wr_rd.sv(43): (vlog-2240) Treating stand-alone use of function 'read' as an implicit VOID cast.
# -- Compiling package wb_s_seq_pkg
# ** Warning: repo/tb/sequences/wb_s_seq/wb_s_basic_tx_seq.sv(203): (vlog-2240) Treating stand-alone use of function 'write' as an implicit VOID cast.
# -- Compiling package eth_v_seq_sqr_pkg
# -- Importing package wb_s_agent_pkg
# -- Importing package mii_tx_agent_pkg
# -- Importing package mii_tx_seq_item_pkg
# -- Importing package mii_rx_agent_pkg
# -- Importing package mii_rx_seq_item_pkg
# -- Importing package wb_m_seq_pkg
# -- Importing package wb_s_seq_pkg
# -- Compiling package mii_tx_agent_pkg
# -- Compiling package mii_rx_agent_pkg
# -- Compiling package wb_m_agent_pkg
# -- Compiling package wb_s_agent_pkg
# -- Compiling package eth_tx_scoreboard_pkg
# ** Warning: repo/tb/scoreboards/eth_tx_scoreboard/eth_tx_scoreboard.sv(774): (vlog-2240) Treating stand-alone use of function 'read' as an implicit VOID cast.
# ** Warning: repo/tb/scoreboards/eth_tx_scoreboard/eth_tx_scoreboard.sv(575): (vlog-2240) Treating stand-alone use of function 'pop_front' as an implicit VOID cast.
# ** Warning: repo/tb/scoreboards/eth_tx_scoreboard/eth_tx_scoreboard.sv(739): (vlog-2240) Treating stand-alone use of function 'pop_back' as an implicit VOID cast.
# ** Warning: repo/tb/scoreboards/eth_tx_scoreboard/eth_tx_scoreboard.sv(1557): (vlog-2240) Treating stand-alone use of function 'predict' as an implicit VOID cast.
# ** Warning: repo/tb/scoreboards/eth_tx_scoreboard/eth_tx_scoreboard.sv(1566): (vlog-2240) Treating stand-alone use of function 'predict' as an implicit VOID cast.
# ** Warning: repo/tb/scoreboards/eth_tx_scoreboard/eth_tx_scoreboard.sv(1575): (vlog-2240) Treating stand-alone use of function 'predict' as an implicit VOID cast.
# ** Warning: repo/tb/scoreboards/eth_tx_scoreboard/eth_tx_scoreboard.sv(1644): (vlog-2240) Treating stand-alone use of function 'predict' as an implicit VOID cast.
# -- Compiling package eth_rx_scoreboard_pkg
# ** Warning: ** while parsing file included at repo/tb/scoreboards/eth_rx_scoreboard/eth_rx_scoreboard_pkg.sv(33)
# ** at repo/tb/scoreboards/eth_rx_scoreboard/eth_rx_scoreboard.sv(381): (vlog-2269) Unterminated string literal continues onto next line 381.
# ** Warning: ** while parsing file included at repo/tb/scoreboards/eth_rx_scoreboard/eth_rx_scoreboard_pkg.sv(33)
# ** while parsing macro expansion: 'uvm_error' starting at repo/tb/scoreboards/eth_rx_scoreboard/eth_rx_scoreboard.sv(380)
# ** at repo/tb/scoreboards/eth_rx_scoreboard/eth_rx_scoreboard.sv(380): (vlog-2643) Unterminated string literal continues onto next line.
# ** Warning: ** while parsing file included at repo/tb/scoreboards/eth_rx_scoreboard/eth_rx_scoreboard_pkg.sv(33)
# ** at repo/tb/scoreboards/eth_rx_scoreboard/eth_rx_scoreboard.sv(435): (vlog-2269) Unterminated string literal continues onto next line 435.
# ** Warning: ** while parsing file included at repo/tb/scoreboards/eth_rx_scoreboard/eth_rx_scoreboard_pkg.sv(33)
# ** while parsing macro expansion: 'uvm_info' starting at repo/tb/scoreboards/eth_rx_scoreboard/eth_rx_scoreboard.sv(434)
# ** at repo/tb/scoreboards/eth_rx_scoreboard/eth_rx_scoreboard.sv(434): (vlog-2643) Unterminated string literal continues onto next line.
# ** Warning: ** while parsing file included at repo/tb/scoreboards/eth_rx_scoreboard/eth_rx_scoreboard_pkg.sv(33)
# ** at repo/tb/scoreboards/eth_rx_scoreboard/eth_rx_scoreboard.sv(587): (vlog-2269) Unterminated string literal continues onto next line 587.
# ** Warning: ** while parsing file included at repo/tb/scoreboards/eth_rx_scoreboard/eth_rx_scoreboard_pkg.sv(33)
# ** while parsing macro expansion: 'uvm_warning' starting at repo/tb/scoreboards/eth_rx_scoreboard/eth_rx_scoreboard.sv(586)
# ** at repo/tb/scoreboards/eth_rx_scoreboard/eth_rx_scoreboard.sv(586): (vlog-2643) Unterminated string literal continues onto next line.
# -- Compiling package eth_cov_pkg
# -- Compiling package eth_env_pkg
# -- Importing package eth_v_seq_sqr_pkg
# -- Importing package eth_tx_scoreboard_pkg
# -- Importing package eth_rx_scoreboard_pkg
# -- Importing package eth_cov_pkg
# -- Compiling package eth_test_tx_pkg
# -- Importing package eth_env_pkg
# -- Compiling module eth_clockgen
# -- Compiling module eth_cop
# -- Compiling module eth_crc
# -- Compiling module eth_fifo
# -- Compiling module eth_maccontrol
# -- Compiling module eth_macstatus
# -- Compiling module eth_miim
# -- Compiling module eth_outputcontrol
# -- Compiling module eth_random
# -- Compiling module eth_receivecontrol
# -- Compiling module eth_register
# -- Compiling module eth_registers
# -- Compiling module eth_rxaddrcheck
# -- Compiling module eth_rxcounters
# -- Compiling module eth_rxethmac
# -- Compiling module eth_rxstatem
# -- Compiling module eth_shiftreg
# -- Compiling module eth_spram_256x32
# -- Compiling module eth_top
# -- Compiling module eth_transmitcontrol
# -- Compiling module eth_txcounters
# -- Compiling module eth_txethmac
# -- Compiling module eth_txstatem
# -- Compiling module eth_wishbone
# -- Compiling module eth_tb
# -- Importing package eth_test_tx_pkg
# 
# Top level modules:
# 	eth_cop
# 	eth_tb
# End time: 01:01:24 on Jul 14,2026, Elapsed time: 0:00:02
# Errors: 0, Warnings: 16
# vsim -c -voptargs="+acc" work.eth_tb -coverage -classdebug -uvmcontrol=all "+uvm_set_verbosity=uvm_test_top.m_env.*,_ALL_,UVM_MEDIUM,time,0" "+UVM_TESTNAME=eth_test_tx_smoke" -onfinish stop -do "run -all; coverage save results/tx/coverage/smoke_func_cov.ucdb -cvg -directive -assert;" 
# Start time: 01:01:24 on Jul 14,2026
# ** Note: (vsim-3812) Design is being optimized...
# ** Warning: (vopt-13408) Code coverage will be disabled for some DUs/packages/classes and source files.
# ** Warning: repo/tb/top/eth_tb.sv(72): (vopt-2685) [TFMPC] - Too few port connections for 'dut'.  Expected 35, found 27.
# ** Warning: repo/tb/top/eth_tb.sv(72): (vopt-2718) [TFMPC] - Missing connection for port 'md_padoe_o'.
# ** Warning: repo/tb/top/eth_tb.sv(72): (vopt-2718) [TFMPC] - Missing connection for port 'md_pad_o'.
# ** Warning: repo/tb/top/eth_tb.sv(72): (vopt-2718) [TFMPC] - Missing connection for port 'md_pad_i'.
# ** Warning: repo/tb/top/eth_tb.sv(72): (vopt-2718) [TFMPC] - Missing connection for port 'mdc_pad_o'.
# ** Warning: repo/tb/top/eth_tb.sv(72): (vopt-2718) [TFMPC] - Missing connection for port 'mrxerr_pad_i'.
# ** Warning: repo/tb/top/eth_tb.sv(72): (vopt-2718) [TFMPC] - Missing connection for port 'mrxdv_pad_i'.
# ** Warning: repo/tb/top/eth_tb.sv(72): (vopt-2718) [TFMPC] - Missing connection for port 'mrxd_pad_i'.
# ** Warning: repo/tb/top/eth_tb.sv(72): (vopt-2718) [TFMPC] - Missing connection for port 'mrx_clk_pad_i'.
# ** Warning: repo/tb/global/mem_model.sv(94): (vopt-2250) Function "print" has no return value assignment.
# ** Warning: repo/tb/sequences/wb_m_seq/wb_m_seq_wr_rd.sv(36): (vopt-2240) Treating stand-alone use of function 'write' as an implicit VOID cast.
# ** Warning: repo/tb/sequences/wb_m_seq/wb_m_seq_wr_rd.sv(43): (vopt-2240) Treating stand-alone use of function 'read' as an implicit VOID cast.
# ** Warning: repo/tb/sequences/wb_s_seq/wb_s_basic_tx_seq.sv(203): (vopt-2240) Treating stand-alone use of function 'write' as an implicit VOID cast.
# ** Warning: repo/tb/scoreboards/eth_tx_scoreboard/eth_tx_scoreboard.sv(774): (vopt-2240) Treating stand-alone use of function 'read' as an implicit VOID cast.
# ** Warning: repo/tb/scoreboards/eth_tx_scoreboard/eth_tx_scoreboard.sv(575): (vopt-2240) Treating stand-alone use of function 'pop_front' as an implicit VOID cast.
# ** Warning: repo/tb/scoreboards/eth_tx_scoreboard/eth_tx_scoreboard.sv(739): (vopt-2240) Treating stand-alone use of function 'pop_back' as an implicit VOID cast.
# ** Warning: repo/tb/scoreboards/eth_tx_scoreboard/eth_tx_scoreboard.sv(1557): (vopt-2240) Treating stand-alone use of function 'predict' as an implicit VOID cast.
# ** Warning: repo/tb/scoreboards/eth_tx_scoreboard/eth_tx_scoreboard.sv(1566): (vopt-2240) Treating stand-alone use of function 'predict' as an implicit VOID cast.
# ** Warning: repo/tb/scoreboards/eth_tx_scoreboard/eth_tx_scoreboard.sv(1575): (vopt-2240) Treating stand-alone use of function 'predict' as an implicit VOID cast.
# ** Warning: repo/tb/scoreboards/eth_tx_scoreboard/eth_tx_scoreboard.sv(1644): (vopt-2240) Treating stand-alone use of function 'predict' as an implicit VOID cast.
# ** Note: (vsim-12126) Error and warning message counts have been restored: Errors=0, Warnings=21.
# //  Questa Sim-64
# //  Version 2021.1 win64 Jan 19 2021
# //
# //  Copyright 1991-2021 Mentor Graphics Corporation
# //  All Rights Reserved.
# //
# //  QuestaSim and its associated documentation contain trade
# //  secrets and commercial or financial information that are the property of
# //  Mentor Graphics Corporation and are privileged, confidential,
# //  and exempt from disclosure under the Freedom of Information Act,
# //  5 U.S.C. Section 552. Furthermore, this information
# //  is prohibited from disclosure under the Trade Secrets Act,
# //  18 U.S.C. Section 1905.
# //
# Loading sv_std.std
# Loading work.wb_m_if(fast)
# Loading work.wb_s_if(fast)
# Loading work.mii_tx_if(fast)
# Loading mtiUvm.uvm_pkg(fast)
# Loading work.eth_glob_pkg(fast)
# Loading work.mii_rx_seq_item_pkg(fast)
# Loading work.mii_tx_seq_item_pkg(fast)
# Loading work.wb_m_seq_item_pkg(fast)
# Loading work.wb_s_seq_item_pkg(fast)
# Loading work.eth_ral_pkg(fast)
# Loading work.eth_cov_pkg(fast)
# Loading work.mdio_if(fast)
# Loading work.mii_rx_if(fast)
# Loading work.eth_config_pkg(fast)
# Loading work.eth_rx_scoreboard_pkg(fast)
# Loading work.eth_tx_scoreboard_pkg(fast)
# Loading work.wb_s_seq_pkg(fast)
# Loading work.wb_m_agent_pkg(fast)
# Loading work.wb_m_seq_pkg(fast)
# Loading work.mii_rx_agent_pkg(fast)
# Loading work.mii_tx_agent_pkg(fast)
# Loading work.wb_s_agent_pkg(fast)
# Loading work.eth_v_seq_sqr_pkg(fast)
# Loading work.eth_env_pkg(fast)
# Loading work.eth_test_tx_pkg(fast)
# Loading mtiUvm.questa_uvm_pkg(fast)
# Loading work.eth_tb(fast)
# Loading work.wb_s_if(fast__2)
# Loading work.mii_rx_if(fast__2)
# Loading work.wb_m_if(fast__2)
# Loading work.mii_tx_if(fast__2)
# Loading work.eth_top(fast)
# Loading work.eth_miim(fast)
# Loading work.eth_clockgen(fast)
# Loading work.eth_shiftreg(fast)
# Loading work.eth_outputcontrol(fast)
# Loading work.eth_registers(fast)
# Loading work.eth_register(fast)
# Loading work.eth_register(fast__1)
# Loading work.eth_register(fast__2)
# Loading work.eth_register(fast__3)
# Loading work.eth_register(fast__4)
# Loading work.eth_register(fast__5)
# Loading work.eth_register(fast__6)
# Loading work.eth_register(fast__7)
# Loading work.eth_register(fast__8)
# Loading work.eth_register(fast__9)
# Loading work.eth_register(fast__10)
# Loading work.eth_register(fast__11)
# Loading work.eth_register(fast__12)
# Loading work.eth_register(fast__13)
# Loading work.eth_register(fast__14)
# Loading work.eth_maccontrol(fast)
# Loading work.eth_receivecontrol(fast)
# Loading work.eth_transmitcontrol(fast)
# Loading work.eth_txethmac(fast)
# Loading work.eth_txcounters(fast)
# Loading work.eth_txstatem(fast)
# Loading work.eth_crc(fast)
# Loading work.eth_random(fast)
# Loading work.eth_rxethmac(fast)
# Loading work.eth_rxstatem(fast)
# Loading work.eth_rxcounters(fast)
# Loading work.eth_rxaddrcheck(fast)
# Loading work.eth_crc(fast__1)
# Loading work.eth_wishbone(fast)
# Loading work.eth_spram_256x32(fast)
# Loading work.eth_fifo(fast)
# Loading work.eth_macstatus(fast)
# ** Warning: (vsim-8441) Clocking block output vif.cb_mii_tx.MColl is not legal in this
# or another expression.
#    Time: 0 ps  Iteration: 0  Region: /mii_tx_agent_pkg File: repo/tb/agents/mii_tx/mii_tx_monitor_base.sv Line: 69
# ** Warning: (vsim-8441) Clocking block output vif.cb_mii_tx.MCrS is not legal in this
# or another expression.
#    Time: 0 ps  Iteration: 0  Region: /mii_tx_agent_pkg File: repo/tb/agents/mii_tx/mii_tx_monitor_base.sv Line: 70
# ** Warning: (vsim-8441) Clocking block output vif.cb_mii_tx.MCrS is not legal in this
# or another expression.
#    Time: 0 ps  Iteration: 0  Region: /mii_tx_agent_pkg File: repo/tb/agents/mii_tx/mii_tx_monitor_base.sv Line: 70
# ** Warning: (vsim-8441) Clocking block output vif.cb_mii_tx.MColl is not legal in this
# or another expression.
#    Time: 0 ps  Iteration: 0  Region: /mii_tx_agent_pkg File: repo/tb/agents/mii_tx/mii_tx_monitor_base.sv Line: 69
# Loading D:/B/qsim_2021_1/uvm-1.1d\win64\uvm_dpi.dll
# run -all
# ----------------------------------------------------------------
# UVM-1.1d
# (C) 2007-2013 Mentor Graphics Corporation
# (C) 2007-2013 Cadence Design Systems, Inc.
# (C) 2006-2013 Synopsys, Inc.
# (C) 2011-2013 Cypress Semiconductor Corp.
# ----------------------------------------------------------------
# 
#   ***********       IMPORTANT RELEASE NOTES         ************
# 
#   You are using a version of the UVM library that has been compiled
#   with `UVM_NO_DEPRECATED undefined.
#   See http://www.eda.org/svdb/view.php?id=3313 for more details.
# 
#   You are using a version of the UVM library that has been compiled
#   with `UVM_OBJECT_MUST_HAVE_CONSTRUCTOR undefined.
#   See http://www.eda.org/svdb/view.php?id=3770 for more details.
# 
#       (Specify +UVM_NO_RELNOTES to turn off this notice)
# 
# UVM_INFO verilog_src/questa_uvm_pkg-1.2/src/questa_uvm_pkg.sv(277) @ 0: reporter [Questa UVM] QUESTA_UVM-1.2.3
# UVM_INFO verilog_src/questa_uvm_pkg-1.2/src/questa_uvm_pkg.sv(278) @ 0: reporter [Questa UVM]  questa_uvm::init(all)
# UVM_INFO @ 0: reporter [RNTST] Running test eth_test_tx_smoke...
# UVM_INFO repo/tb/tests/eth_tests_tx/eth_test_tx_base.sv(22) @ 0: uvm_test_top [eth_test_tx_smoke] start of build_phase
# ** Warning: (vsim-3881) repo/tb/coverage/eth_cov_tx.sv(324): Width conversion applied in bin 'bd_config' for Coverpoint 'cp_bd_cfg'. Value '63' changed to '31 (maximum)' value.
#    Time: 0 ps  Iteration: 7  Region: /uvm_pkg::uvm_phase::m_run_phases
# ** Warning: (vsim-3882) repo/tb/coverage/eth_cov_tx.sv(324): Out of bounds value range in bin 'bd_config' for Coverpoint 'cp_bd_cfg' converted to nearest valid bounded range of [0:31].
#    Time: 0 ps  Iteration: 7  Region: /uvm_pkg::uvm_phase::m_run_phases
# ** Warning: (vsim-8474) A higher value '32' is found in bin 'bd_pad' of Coverpoint 'cp_bd_cfg'. It is invalid and will be ignored.
#    Time: 0 ps  Iteration: 7  Process: /uvm_pkg::uvm_phase::m_run_phases/#FORK#1847_4f645982 File: repo/tb/coverage/eth_cov_tx.sv Line: 326
# ** Warning: (vsim-8474) A higher value '34' is found in bin 'bd_pad' of Coverpoint 'cp_bd_cfg'. It is invalid and will be ignored.
#    Time: 0 ps  Iteration: 7  Process: /uvm_pkg::uvm_phase::m_run_phases/#FORK#1847_4f645982 File: repo/tb/coverage/eth_cov_tx.sv Line: 326
# ** Warning: (vsim-8474) A higher value '32' is found in bin 'bd_crc' of Coverpoint 'cp_bd_cfg'. It is invalid and will be ignored.
#    Time: 0 ps  Iteration: 7  Process: /uvm_pkg::uvm_phase::m_run_phases/#FORK#1847_4f645982 File: repo/tb/coverage/eth_cov_tx.sv Line: 328
# ** Warning: (vsim-8474) A higher value '33' is found in bin 'bd_crc' of Coverpoint 'cp_bd_cfg'. It is invalid and will be ignored.
#    Time: 0 ps  Iteration: 7  Process: /uvm_pkg::uvm_phase::m_run_phases/#FORK#1847_4f645982 File: repo/tb/coverage/eth_cov_tx.sv Line: 328
# ** Warning: (vsim-8474) A higher value '40' is found in bin 'rl' of Coverpoint 'cp_bd_stat'. It is invalid and will be ignored.
#    Time: 0 ps  Iteration: 7  Process: /uvm_pkg::uvm_phase::m_run_phases/#FORK#1847_4f645982 File: repo/tb/coverage/eth_cov_tx.sv Line: 413
# ** Warning: (vsim-8474) A higher value '36' is found in bin 'lc' of Coverpoint 'cp_bd_stat'. It is invalid and will be ignored.
#    Time: 0 ps  Iteration: 7  Process: /uvm_pkg::uvm_phase::m_run_phases/#FORK#1847_4f645982 File: repo/tb/coverage/eth_cov_tx.sv Line: 415
# ** Warning: (vsim-8474) A higher value '34' is found in bin 'df' of Coverpoint 'cp_bd_stat'. It is invalid and will be ignored.
#    Time: 0 ps  Iteration: 7  Process: /uvm_pkg::uvm_phase::m_run_phases/#FORK#1847_4f645982 File: repo/tb/coverage/eth_cov_tx.sv Line: 417
# UVM_INFO repo/tb/agents/mii_tx/mii_tx_agent.sv(51) @ 0: uvm_test_top.m_env.m_mii_tx_agent [build_phase] agent passive
# UVM_INFO repo/tb/agents/mii_tx/mii_tx_agent.sv(68) @ 0: uvm_test_top.m_env.m_mii_tx_agent [connect_phase] agent passive
# UVM_INFO repo/tb/tests/eth_tests_tx/eth_test_tx_base.sv(50) @ 0: uvm_test_top [eth_test_tx_smoke] start of sim phase
# ---------------------------------------------------------------------------------
# Name                          Type                                    Size  Value
# ---------------------------------------------------------------------------------
# uvm_test_top                  eth_test_tx_smoke                       -     @488 
#   m_env                       eth_env_tx                              -     @508 
#     m_cov_tx                  eth_cov_tx                              -     @822 
#       mii_tx_export           uvm_analysis_export                     -     @986 
#         recording_detail      integral                                32    'd1  
#       mii_tx_fifo             uvm_tlm_analysis_fifo #(T)              -     @923 
#         analysis_export       uvm_analysis_imp                        -     @962 
#           recording_detail    integral                                32    'd1  
#         get_ap                uvm_analysis_port                       -     @954 
#           recording_detail    integral                                32    'd1  
#         get_peek_export       uvm_get_peek_imp                        -     @938 
#           recording_detail    integral                                32    'd1  
#         put_ap                uvm_analysis_port                       -     @946 
#           recording_detail    integral                                32    'd1  
#         put_export            uvm_put_imp                             -     @930 
#           recording_detail    integral                                32    'd1  
#         recording_detail      integral                                32    'd1  
#       wb_m_export             uvm_analysis_export                     -     @970 
#         recording_detail      integral                                32    'd1  
#       wb_m_fifo               uvm_tlm_analysis_fifo #(T)              -     @829 
#         analysis_export       uvm_analysis_imp                        -     @868 
#           recording_detail    integral                                32    'd1  
#         get_ap                uvm_analysis_port                       -     @860 
#           recording_detail    integral                                32    'd1  
#         get_peek_export       uvm_get_peek_imp                        -     @844 
#           recording_detail    integral                                32    'd1  
#         put_ap                uvm_analysis_port                       -     @852 
#           recording_detail    integral                                32    'd1  
#         put_export            uvm_put_imp                             -     @836 
#           recording_detail    integral                                32    'd1  
#         recording_detail      integral                                32    'd1  
#       wb_s_export             uvm_analysis_export                     -     @978 
#         recording_detail      integral                                32    'd1  
#       wb_s_fifo               uvm_tlm_analysis_fifo #(T)              -     @876 
#         analysis_export       uvm_analysis_imp                        -     @915 
#           recording_detail    integral                                32    'd1  
#         get_ap                uvm_analysis_port                       -     @907 
#           recording_detail    integral                                32    'd1  
#         get_peek_export       uvm_get_peek_imp                        -     @891 
#           recording_detail    integral                                32    'd1  
#         put_ap                uvm_analysis_port                       -     @899 
#           recording_detail    integral                                32    'd1  
#         put_export            uvm_put_imp                             -     @883 
#           recording_detail    integral                                32    'd1  
#         recording_detail      integral                                32    'd1  
#       recording_detail        integral                                32    'd1  
#     m_mii_tx_agent            mii_tx_agent                            -     @808 
#       agent_a_port            uvm_analysis_port                       -     @1003
#         recording_detail      integral                                32    'd1  
#       m_monitor               mii_tx_monitor_base                     -     @996 
#         monitor_tr_a_port     uvm_analysis_port                       -     @1011
#           recording_detail    integral                                32    'd1  
#         recording_detail      integral                                32    'd1  
#       recording_detail        integral                                32    'd1  
#     m_predictor               uvm_reg_predictor #(uvm_sequence_item)  -     @779 
#       bus_in                  uvm_analysis_imp                        -     @786 
#         recording_detail      integral                                32    'd1  
#       reg_ap                  uvm_analysis_port                       -     @794 
#         recording_detail      integral                                32    'd1  
#       recording_detail        integral                                32    'd1  
#     m_tx_sb                   eth_tx_scoreboard                       -     @815 
#       mii_tx_export           uvm_analysis_export                     -     @1121
#         recording_detail      integral                                32    'd1  
#       mii_tx_fifo             uvm_tlm_analysis_fifo #(T)              -     @1066
#         analysis_export       uvm_analysis_imp                        -     @1105
#           recording_detail    integral                                32    'd1  
#         get_ap                uvm_analysis_port                       -     @1097
#           recording_detail    integral                                32    'd1  
#         get_peek_export       uvm_get_peek_imp                        -     @1081
#           recording_detail    integral                                32    'd1  
#         put_ap                uvm_analysis_port                       -     @1089
#           recording_detail    integral                                32    'd1  
#         put_export            uvm_put_imp                             -     @1073
#           recording_detail    integral                                32    'd1  
#         recording_detail      integral                                32    'd1  
#       wb_m_export             uvm_analysis_export                     -     @1113
#         recording_detail      integral                                32    'd1  
#       wb_m_fifo               uvm_tlm_analysis_fifo #(T)              -     @1019
#         analysis_export       uvm_analysis_imp                        -     @1058
#           recording_detail    integral                                32    'd1  
#         get_ap                uvm_analysis_port                       -     @1050
#           recording_detail    integral                                32    'd1  
#         get_peek_export       uvm_get_peek_imp                        -     @1034
#           recording_detail    integral                                32    'd1  
#         put_ap                uvm_analysis_port                       -     @1042
#           recording_detail    integral                                32    'd1  
#         put_export            uvm_put_imp                             -     @1026
#           recording_detail    integral                                32    'd1  
#         recording_detail      integral                                32    'd1  
#       wb_s_imp                uvm_analysis_imp                        -     @1129
#         recording_detail      integral                                32    'd1  
#       recording_detail        integral                                32    'd1  
#     m_v_sqr                   eth_v_sequencer                         -     @522 
#       rsp_export              uvm_analysis_export                     -     @529 
#         recording_detail      integral                                32    'd1  
#       seq_item_export         uvm_seq_item_pull_imp                   -     @623 
#         recording_detail      integral                                32    'd1  
#       recording_detail        integral                                32    'd1  
#       arbitration_queue       array                                   0     -    
#       lock_queue              array                                   0     -    
#       num_last_reqs           integral                                32    'd1  
#       num_last_rsps           integral                                32    'd1  
#     m_wb_m_agent              wb_m_agent                              -     @638 
#       a_port                  uvm_analysis_port                       -     @1284
#         recording_detail      integral                                32    'd1  
#       m_driver                wb_m_driver_base                        -     @1254
#         rsp_port              uvm_analysis_port                       -     @1269
#           recording_detail    integral                                32    'd1  
#         seq_item_port         uvm_seq_item_pull_port                  -     @1261
#           recording_detail    integral                                32    'd1  
#         recording_detail      integral                                32    'd1  
#       m_monitor               wb_m_monitor_base                       -     @1277
#         request_a_port        uvm_analysis_port                       -     @1300
#           recording_detail    integral                                32    'd1  
#         transaction_a_port    uvm_analysis_port                       -     @1292
#           recording_detail    integral                                32    'd1  
#         recording_detail      integral                                32    'd1  
#       m_sequencer             wb_m_sequencer_base                     -     @1145
#         request_export        uvm_analysis_export                     -     @1360
#           recording_detail    integral                                32    'd1  
#         request_fifo          uvm_tlm_analysis_fifo #(T)              -     @1313
#           analysis_export     uvm_analysis_imp                        -     @1352
#             recording_detail  integral                                32    'd1  
#           get_ap              uvm_analysis_port                       -     @1344
#             recording_detail  integral                                32    'd1  
#           get_peek_export     uvm_get_peek_imp                        -     @1328
#             recording_detail  integral                                32    'd1  
#           put_ap              uvm_analysis_port                       -     @1336
#             recording_detail  integral                                32    'd1  
#           put_export          uvm_put_imp                             -     @1320
#             recording_detail  integral                                32    'd1  
#           recording_detail    integral                                32    'd1  
#         rsp_export            uvm_analysis_export                     -     @1152
#           recording_detail    integral                                32    'd1  
#         seq_item_export       uvm_seq_item_pull_imp                   -     @1246
#           recording_detail    integral                                32    'd1  
#         recording_detail      integral                                32    'd1  
#         arbitration_queue     array                                   0     -    
#         lock_queue            array                                   0     -    
#         num_last_reqs         integral                                32    'd1  
#         num_last_rsps         integral                                32    'd1  
#       recording_detail        integral                                32    'd1  
#     m_wb_s_agent              wb_s_agent                              -     @631 
#       a_port                  uvm_analysis_port                       -     @1513
#         recording_detail      integral                                32    'd1  
#       m_driver                wb_s_driver_base                        -     @1483
#         rsp_port              uvm_analysis_port                       -     @1498
#           recording_detail    integral                                32    'd1  
#         seq_item_port         uvm_seq_item_pull_port                  -     @1490
#           recording_detail    integral                                32    'd1  
#         recording_detail      integral                                32    'd1  
#       m_monitor               wb_s_monitor_base                       -     @1506
#         a_port                uvm_analysis_port                       -     @1523
#           recording_detail    integral                                32    'd1  
#         bd_status_ap          uvm_analysis_port                       -     @1531
#           recording_detail    integral                                32    'd1  
#         recording_detail      integral                                32    'd1  
#       m_sequencer             wb_s_sequencer_base                     -     @1374
#         rsp_export            uvm_analysis_export                     -     @1381
#           recording_detail    integral                                32    'd1  
#         seq_item_export       uvm_seq_item_pull_imp                   -     @1475
#           recording_detail    integral                                32    'd1  
#         recording_detail      integral                                32    'd1  
#         arbitration_queue     array                                   0     -    
#         lock_queue            array                                   0     -    
#         num_last_reqs         integral                                32    'd1  
#         num_last_rsps         integral                                32    'd1  
#       recording_detail        integral                                32    'd1  
#     recording_detail          integral                                32    'd1  
#   recording_detail            integral                                32    'd1  
# ---------------------------------------------------------------------------------
# 
#### Factory Configuration (*)
# 
# No instance overrides are registered with this factory
# 
# Type Overrides:
# 
#   Requested Type  Override Type    
#   --------------  -----------------
#   wb_m_seq_base   wb_m_seq_wr_rd
#   wb_s_seq_base   wb_s_basic_tx_seq
# 
# All types registered with the factory: 111 total
# (types without type names will not be printed)
# 
#   Type Name
#   ---------
#   bd_mem
#   dma_mem
#   eth_collconf_reg
#   eth_cov_tx
#   eth_ctrlmoder_reg
#   eth_env_base
#   eth_env_config_obj
#   eth_env_rx
#   eth_env_tx
#   eth_hash0_reg
#   eth_hash1_reg
#   eth_int_mask_reg
#   eth_int_source_reg
#   eth_ipgr1_reg
#   eth_ipgr2_reg
#   eth_ipgt_reg
#   eth_mac_addr0_reg
#   eth_mac_addr1_reg
#   eth_miiaddress_reg
#   eth_miicommand_reg
#   eth_miimoder_reg
#   eth_miirx_data_reg
#   eth_miistatus_reg
#   eth_miitx_data_reg
#   eth_moder_reg
#   eth_packetlen_reg
#   eth_reg_block
#   eth_rx_scoreboard
#   eth_test_tx_base
#   eth_test_tx_smoke
#   eth_tx_bd_num_reg
#   eth_tx_scoreboard
#   eth_tx_scoreboard_config_obj
#   eth_txctrl_reg
#   eth_v_seq_base
#   eth_v_seq_tx
#   eth_v_sequencer
#   eth_wb_adapter
#   mdio_config_obj
#   mii_rx_agent
#   mii_rx_config_obj
#   mii_rx_driver_base
#   mii_rx_monitor_base
#   mii_rx_seq_item
#   mii_rx_sequencer_base
#   mii_tx_agent
#   mii_tx_config_obj
#   mii_tx_driver_base
#   mii_tx_monitor_base
#   mii_tx_seq_item_base
#   mii_tx_sequencer_base
#   questa_uvm_recorder
#   wb_m_agent
#   wb_m_config_obj
#   wb_m_driver_base
#   wb_m_monitor_base
#   wb_m_seq_base
#   wb_m_seq_item_base
#   wb_m_seq_smoke
#   wb_m_seq_wr_rd
#   wb_m_sequencer_base
#   wb_s_agent
#   wb_s_basic_tx_seq
#   wb_s_config_obj
#   wb_s_control_frame_tx_seq
#   wb_s_driver_base
#   wb_s_monitor_base
#   wb_s_seq_base
#   wb_s_sequencer_base
# (*) Types with no associated type name will be printed as <unknown>
# 
####
# 
# **************************************************************************
# * Questa UVM Transaction Recording Turned ON.                            *
# * recording_detail has been set.                                         *
# *  To turn off, set 'recording_detail' to off:                           *
# * uvm_config_db#(int)            ::set(null, "", "recording_detail", 0); *
# * uvm_config_db#(uvm_bitstream_t)::set(null, "", "recording_detail", 0); *
# **************************************************************************
# ** Warning: (vsim-WLF-5000) WLF file currently in use: vsim.wlf
#           File in use by: mwael  Hostname: MOHAMMAD-LAPTOP  ProcessID: 10104
#           Attempting to use alternate WLF file "./wlftvaavfw".
# ** Warning: (vsim-WLF-5001) Could not open WLF file: vsim.wlf
#           Using alternate file: ./wlftvaavfw
# UVM_INFO repo/tb/scoreboards/eth_tx_scoreboard/eth_tx_scoreboard.sv(412) @ 0: uvm_test_top.m_env.m_tx_sb [eth_tx_scoreboard] Tx scoreboard raised objection
# UVM_INFO repo/tb/virtual_seq_sqr/eth_v_seq_tx.sv(16) @ 0: uvm_test_top.m_env.m_v_sqr@@m_v_seq_tx [eth_v_seq_tx] Executing virtual sequence
# UVM_INFO repo/tb/agents/wb_s/wb_s_driver_base.sv(65) @ 2500: uvm_test_top.m_env.m_wb_s_agent.m_driver [wb_s_driver_base] Driving transaction: addr=0x100 dir=WRITE sel=0xf wdata=0x50b800 rdata=0x0 ack=0 err=0 inta=0
# UVM_INFO repo/tb/agents/wb_m/wb_m_monitor_base.sv(101) @ 50000: uvm_test_top.m_env.m_wb_m_agent.m_monitor [wb_m_monitor_base] Begin monitoring after reset deassertion
# UVM_INFO repo/tb/agents/mii_tx/mii_tx_monitor_base.sv(58) @ 50000: uvm_test_top.m_env.m_mii_tx_agent.m_monitor [mii_tx_monitor_base] Begin monitoring after reset deassertion
# UVM_INFO repo/tb/agents/wb_s/wb_s_driver_base.sv(65) @ 77500: uvm_test_top.m_env.m_wb_s_agent.m_driver [wb_s_driver_base] Driving transaction: addr=0x101 dir=WRITE sel=0xf wdata=0x1000 rdata=0x0 ack=0 err=0 inta=0
# UVM_INFO repo/tb/sequences/wb_s_seq/wb_s_basic_tx_seq.sv(241) @ 117500: uvm_test_top.m_env.m_wb_s_agent.m_sequencer@@m_wb_s_seq_base [TX_CONFIG]  Configuring TX BD[0] - LEN=0x0050, PTR=0x00001000, IRQ=0, WR=1, PAD=1, CRC=1
# UVM_INFO repo/tb/sequences/wb_s_seq/wb_s_basic_tx_seq.sv(144) @ 117500: uvm_test_top.m_env.m_wb_s_agent.m_sequencer@@m_wb_s_seq_base [TX_CONFIG] Configuring TX registers
# UVM_INFO repo/tb/agents/wb_s/wb_s_driver_base.sv(65) @ 117500: uvm_test_top.m_env.m_wb_s_agent.m_driver [wb_s_driver_base] Driving transaction: addr=0x3 dir=WRITE sel=0xf wdata=0x12 rdata=0x0 ack=0 err=0 inta=0
# UVM_INFO repo/tb/agents/wb_s/wb_s_driver_base.sv(65) @ 147500: uvm_test_top.m_env.m_wb_s_agent.m_driver [wb_s_driver_base] Driving transaction: addr=0x4 dir=WRITE sel=0xf wdata=0xc rdata=0x0 ack=0 err=0 inta=0
# UVM_INFO repo/tb/agents/wb_s/wb_s_driver_base.sv(65) @ 172500: uvm_test_top.m_env.m_wb_s_agent.m_driver [wb_s_driver_base] Driving transaction: addr=0x5 dir=WRITE sel=0xf wdata=0x12 rdata=0x0 ack=0 err=0 inta=0
# UVM_INFO repo/tb/agents/wb_s/wb_s_driver_base.sv(65) @ 197500: uvm_test_top.m_env.m_wb_s_agent.m_driver [wb_s_driver_base] Driving transaction: addr=0x6 dir=WRITE sel=0xf wdata=0x4005ee rdata=0x0 ack=0 err=0 inta=0
# UVM_INFO repo/tb/agents/wb_s/wb_s_driver_base.sv(65) @ 222500: uvm_test_top.m_env.m_wb_s_agent.m_driver [wb_s_driver_base] Driving transaction: addr=0x8 dir=WRITE sel=0xf wdata=0x1 rdata=0x0 ack=0 err=0 inta=0
# UVM_INFO repo/tb/agents/wb_s/wb_s_driver_base.sv(65) @ 247500: uvm_test_top.m_env.m_wb_s_agent.m_driver [wb_s_driver_base] Driving transaction: addr=0x11 dir=WRITE sel=0xf wdata=0x815e rdata=0x0 ack=0 err=0 inta=0
# UVM_INFO repo/tb/agents/wb_s/wb_s_driver_base.sv(65) @ 272500: uvm_test_top.m_env.m_wb_s_agent.m_driver [wb_s_driver_base] Driving transaction: addr=0x10 dir=WRITE sel=0xf wdata=0x9d68484 rdata=0x0 ack=0 err=0 inta=0
# UVM_INFO repo/tb/agents/wb_s/wb_s_driver_base.sv(65) @ 297500: uvm_test_top.m_env.m_wb_s_agent.m_driver [wb_s_driver_base] Driving transaction: addr=0x0 dir=WRITE sel=0xf wdata=0xa402 rdata=0x0 ack=0 err=0 inta=0
# UVM_INFO repo/tb/sequences/wb_s_seq/wb_s_basic_tx_seq.sv(194) @ 322500: uvm_test_top.m_env.m_wb_s_agent.m_sequencer@@m_wb_s_seq_base [TX_CONFIG] MODER: FULLD=1, TXEN=1, NOPRE=0, CRCEN=1, PAD=1, HUGEN=0, NOBCKOF=0
# UVM_INFO repo/tb/sequences/wb_s_seq/wb_s_basic_tx_seq.sv(112) @ 322500: uvm_test_top.m_env.m_wb_s_agent.m_sequencer@@m_wb_s_seq_base [wb_s_basic_tx_seq] Basic TX configuration completed
# UVM_INFO repo/tb/scoreboards/eth_tx_scoreboard/eth_tx_scoreboard.sv(819) @ 322500: uvm_test_top.m_env.m_tx_sb [eth_tx_scoreboard] TXEN asserted
# UVM_INFO repo/tb/scoreboards/eth_tx_scoreboard/eth_tx_scoreboard.sv(1186) @ 322500: uvm_test_top.m_env.m_tx_sb [eth_tx_scoreboard] TX BD[0] LEN=80 RD=1 IRQ=0 WR=1 PAD=1 CRC=1 PTR=0x00001000
# UVM_INFO repo/tb/virtual_seq_sqr/eth_v_seq_tx.sv(26) @ 322500: uvm_test_top.m_env.m_v_sqr@@m_v_seq_tx [eth_v_seq_tx] virtual sequence completed
# UVM_INFO repo/tb/scoreboards/eth_tx_scoreboard/eth_tx_scoreboard.sv(1281) @ 940000: uvm_test_top.m_env.m_tx_sb [eth_tx_scoreboard] Comp_pack: MTXEN asserted
# UVM_INFO repo/tb/scoreboards/eth_tx_scoreboard/eth_tx_scoreboard.sv(904) @ 8268100: uvm_test_top.m_env.m_tx_sb [eth_tx_scoreboard] TX BD[0] completed
# UVM_INFO repo/tb/scoreboards/eth_tx_scoreboard/eth_tx_scoreboard.sv(1353) @ 8300000: uvm_test_top.m_env.m_tx_sb [eth_tx_scoreboard] Captured 92 bytes from MII
# UVM_INFO repo/tb/scoreboards/eth_tx_scoreboard/eth_tx_scoreboard.sv(1520) @ 8300000: uvm_test_top.m_env.m_tx_sb [eth_tx_scoreboard] Packet comparison PASSED (92 bytes)
# UVM_INFO repo/tb/scoreboards/eth_tx_scoreboard/eth_tx_scoreboard.sv(432) @ 8300200: uvm_test_top.m_env.m_tx_sb [eth_tx_scoreboard] Tx scoreboard dropped objection
# UVM_INFO verilog_src/uvm-1.1d/src/base/uvm_objection.svh(1267) @ 8300200: reporter [TEST_DONE] 'run' phase is ready to proceed to the 'extract' phase
# UVM_INFO repo/tb/agents/wb_m/wb_m_driver_base.sv(108) @ 8300200: uvm_test_top.m_env.m_wb_m_agent.m_driver [wb_m_driver_base] Drived 1650 active transactions
# UVM_INFO repo/tb/agents/wb_m/wb_m_monitor_base.sv(130) @ 8300200: uvm_test_top.m_env.m_wb_m_agent.m_monitor [wb_m_monitor_base] Monitored 1650 TRANSACTIONS
# 
# --- UVM Report Summary ---
# 
# ** Report counts by severity
# UVM_INFO :   36
# UVM_WARNING :    0
# UVM_ERROR :    0
# UVM_FATAL :    0
# ** Report counts by id
# [Questa UVM]     2
# [RNTST]     1
# [TEST_DONE]     1
# [TX_CONFIG]     3
# [build_phase]     1
# [connect_phase]     1
# [eth_test_tx_smoke]     2
# [eth_tx_scoreboard]     8
# [eth_v_seq_tx]     2
# [mii_tx_monitor_base]     1
# [wb_m_driver_base]     1
# [wb_m_monitor_base]     2
# [wb_s_basic_tx_seq]     1
# [wb_s_driver_base]    10
# ** Note: $finish    : D:/B/qsim_2021_1/win64/../verilog_src/uvm-1.1d/src/base/uvm_root.svh(430)
#    Time: 8300200 ps  Iteration: 57  Instance: /eth_tb
# Break in Task uvm_pkg/uvm_root::run_test at D:/B/qsim_2021_1/win64/../verilog_src/uvm-1.1d/src/base/uvm_root.svh line 430
# Stopped at D:/B/qsim_2021_1/win64/../verilog_src/uvm-1.1d/src/base/uvm_root.svh line 430
#  coverage save results/tx/coverage/smoke_func_cov.ucdb -cvg -directive -assert
# ** Error: (vsim-7) Failed to open UCDB file "results/tx/coverage/smoke_func_cov.ucdb" in write mode.
# Failed to open UCDB file "results/tx/coverage/smoke_func_cov.ucdb" in write mode.
# 
# repo/results/tx/log/smoke_tx.log
# QuestaSim-64 vcover 2021.1 Coverage Utility 2021.01 Jan 19 2021
# Start time: 01:01:59 on Jul 14,2026
# vcover report smoke_func_cov.ucdb -details -annotate -all -output results/tx/coverage/smoke_func_coverage_rpt.txt 
# End time: 01:01:59 on Jul 14,2026, Elapsed time: 0:00:00
# Errors: 0, Warnings: 0
# ** UI-Msg: (vcover-7) Failed to open functional coverage report file "results/tx/coverage/smoke_func_coverage_rpt.txt" in write mode.
# Error in macro ./scripts/run_smoke.tcl line 37
# QuestaSim-64 vcover 2021.1 Coverage Utility 2021.01 Jan 19 2021
# Start time: 01:01:59 on Jul 14,2026
# vcover report smoke_func_cov.ucdb -details -annotate -all -output results/tx/coverage/smoke_func_coverage_rpt.txt 
# End time: 01:01:59 on Jul 14,2026, Elapsed time: 0:00:00
# Errors: 0, Warnings: 0
# ** UI-Msg: (vcover-7) Failed to open functional coverage report file "results/tx/coverage/smoke_func_coverage_rpt.txt" in write mode.
#     while executing
# "error [FixExecError $msg]"
#     (procedure "vcover" line 24)
#     invoked from within
# "vcover report smoke_func_cov.ucdb -details -annotate -all -output results/tx/coverage/smoke_func_coverage_rpt.txt"
# ** Warning: (vlib-34) Library already exists at "work".
# Errors: 0, Warnings: 1
# QuestaSim-64 vmap 2021.1 Lib Mapping Utility 2021.01 Jan 19 2021
# vmap work work 
# Modifying D:/B/qsim_2021_1/win64/../modelsim.ini
# ** Error: 捁散獳椠⁳敤楮摥മ
# :\짋ࢆݐ耀Charm 2020.3징ࢀ࡜耀in;D:\A\PyCh짗ࢂ७耀Community Ed집ࢌ੩耀n 2020.3.3\b짓ࢎ଻耀:\Users\mwae짝࢈ు耀pData\Local\짟ࢊ൯耀\bin;C:\User짙ࢴ๭耀ael\AppData\짛ࢶལ耀MaxRpcSize
#        Unable to replace existing ini file (D:/B/qsim_2021_1/win64/../modelsim.ini).  File can not be renamed.
# 0
# QuestaSim-64 vlog 2021.1 Compiler 2021.01 Jan 19 2021
# Start time: 01:03:01 on Jul 14,2026
# vlog repo/tb/global/eth_glob_pkg.sv repo/tb/interfaces/mdio_if.sv repo/tb/interfaces/mii_rx_if.sv repo/tb/interfaces/mii_tx_if.sv repo/tb/interfaces/wb_m_if.sv repo/tb/interfaces/wb_s_if.sv repo/tb/seq_items/mii_tx/mii_tx_seq_item_pkg.sv repo/tb/seq_items/wb_m/wb_m_seq_item_pkg.sv repo/tb/seq_items/wb_s/wb_s_seq_item_pkg.sv repo/tb/seq_items/mii_rx/mii_rx_seq_item_pkg.sv repo/tb/config/eth_config_pkg.sv repo/tb/ral/eth_ral_pkg.sv repo/tb/sequences/wb_m_seq/wb_m_seq_pkg.sv repo/tb/sequences/wb_s_seq/wb_s_seq_pkg.sv repo/tb/virtual_seq_sqr/eth_v_seq_sqr_pkg.sv repo/tb/agents/mii_tx/mii_tx_agent_pkg.sv repo/tb/agents/mii_rx/mii_rx_agent_pkg.sv repo/tb/agents/wb_m/wb_m_agent_pkg.sv repo/tb/agents/wb_s/wb_s_agent_pkg.sv repo/tb/scoreboards/eth_tx_scoreboard/eth_tx_scoreboard_pkg.sv repo/tb/scoreboards/eth_rx_scoreboard/eth_rx_scoreboard_pkg.sv repo/tb/coverage/eth_cov_pkg.sv repo/tb/env/eth_env_pkg.sv repo/tb/tests/eth_tests_tx/eth_test_tx_pkg.sv repo/rtl/eth_clockgen.v repo/rtl/eth_cop.v repo/rtl/eth_crc.v repo/rtl/eth_defines.v repo/rtl/eth_fifo.v repo/rtl/eth_maccontrol.v repo/rtl/eth_macstatus.v repo/rtl/eth_miim.v repo/rtl/eth_outputcontrol.v repo/rtl/eth_random.v repo/rtl/eth_receivecontrol.v repo/rtl/eth_register.v repo/rtl/eth_registers.v repo/rtl/eth_rxaddrcheck.v repo/rtl/eth_rxcounters.v repo/rtl/eth_rxethmac.v repo/rtl/eth_rxstatem.v repo/rtl/eth_shiftreg.v repo/rtl/eth_spram_256x32.v repo/rtl/eth_top.v repo/rtl/eth_transmitcontrol.v repo/rtl/eth_txcounters.v repo/rtl/eth_txethmac.v repo/rtl/eth_txstatem.v repo/rtl/eth_wishbone.v repo/rtl/timescale.v repo/tb/top/eth_tb.sv "+cover" -covercells 
# -- Compiling package eth_glob_pkg
# ** Note: (vlog-2286) repo/tb/global/eth_glob_pkg.sv(17): Using implicit +incdir+D:/B/qsim_2021_1/uvm-1.1d/../verilog_src/uvm-1.1d/src from import uvm_pkg
# -- Importing package mtiUvm.uvm_pkg (uvm-1.1d Built-in)
# -- Compiling interface mdio_if
# -- Compiling interface mii_rx_if
# -- Compiling interface mii_tx_if
# -- Compiling interface wb_m_if
# -- Compiling interface wb_s_if
# -- Compiling package mii_tx_seq_item_pkg
# -- Importing package eth_glob_pkg
# -- Compiling package wb_m_seq_item_pkg
# -- Compiling package wb_s_seq_item_pkg
# -- Compiling package mii_rx_seq_item_pkg
# -- Compiling package eth_config_pkg
# -- Importing package eth_ral_pkg
# -- Importing package wb_s_seq_item_pkg
# -- Compiling package eth_ral_pkg
# -- Compiling package wb_m_seq_pkg
# -- Importing package wb_m_seq_item_pkg
# -- Importing package wb_m_agent_pkg
# -- Importing package eth_config_pkg
# ** Warning: repo/tb/sequences/wb_m_seq/wb_m_seq_wr_rd.sv(36): (vlog-2240) Treating stand-alone use of function 'write' as an implicit VOID cast.
# ** Warning: repo/tb/sequences/wb_m_seq/wb_m_seq_wr_rd.sv(43): (vlog-2240) Treating stand-alone use of function 'read' as an implicit VOID cast.
# -- Compiling package wb_s_seq_pkg
# ** Warning: repo/tb/sequences/wb_s_seq/wb_s_basic_tx_seq.sv(203): (vlog-2240) Treating stand-alone use of function 'write' as an implicit VOID cast.
# -- Compiling package eth_v_seq_sqr_pkg
# -- Importing package wb_s_agent_pkg
# -- Importing package mii_tx_agent_pkg
# -- Importing package mii_tx_seq_item_pkg
# -- Importing package mii_rx_agent_pkg
# -- Importing package mii_rx_seq_item_pkg
# -- Importing package wb_m_seq_pkg
# -- Importing package wb_s_seq_pkg
# -- Compiling package mii_tx_agent_pkg
# -- Compiling package mii_rx_agent_pkg
# -- Compiling package wb_m_agent_pkg
# -- Compiling package wb_s_agent_pkg
# -- Compiling package eth_tx_scoreboard_pkg
# ** Warning: repo/tb/scoreboards/eth_tx_scoreboard/eth_tx_scoreboard.sv(774): (vlog-2240) Treating stand-alone use of function 'read' as an implicit VOID cast.
# ** Warning: repo/tb/scoreboards/eth_tx_scoreboard/eth_tx_scoreboard.sv(575): (vlog-2240) Treating stand-alone use of function 'pop_front' as an implicit VOID cast.
# ** Warning: repo/tb/scoreboards/eth_tx_scoreboard/eth_tx_scoreboard.sv(739): (vlog-2240) Treating stand-alone use of function 'pop_back' as an implicit VOID cast.
# ** Warning: repo/tb/scoreboards/eth_tx_scoreboard/eth_tx_scoreboard.sv(1557): (vlog-2240) Treating stand-alone use of function 'predict' as an implicit VOID cast.
# ** Warning: repo/tb/scoreboards/eth_tx_scoreboard/eth_tx_scoreboard.sv(1566): (vlog-2240) Treating stand-alone use of function 'predict' as an implicit VOID cast.
# ** Warning: repo/tb/scoreboards/eth_tx_scoreboard/eth_tx_scoreboard.sv(1575): (vlog-2240) Treating stand-alone use of function 'predict' as an implicit VOID cast.
# ** Warning: repo/tb/scoreboards/eth_tx_scoreboard/eth_tx_scoreboard.sv(1644): (vlog-2240) Treating stand-alone use of function 'predict' as an implicit VOID cast.
# -- Compiling package eth_rx_scoreboard_pkg
# ** Warning: ** while parsing file included at repo/tb/scoreboards/eth_rx_scoreboard/eth_rx_scoreboard_pkg.sv(33)
# ** at repo/tb/scoreboards/eth_rx_scoreboard/eth_rx_scoreboard.sv(381): (vlog-2269) Unterminated string literal continues onto next line 381.
# ** Warning: ** while parsing file included at repo/tb/scoreboards/eth_rx_scoreboard/eth_rx_scoreboard_pkg.sv(33)
# ** while parsing macro expansion: 'uvm_error' starting at repo/tb/scoreboards/eth_rx_scoreboard/eth_rx_scoreboard.sv(380)
# ** at repo/tb/scoreboards/eth_rx_scoreboard/eth_rx_scoreboard.sv(380): (vlog-2643) Unterminated string literal continues onto next line.
# ** Warning: ** while parsing file included at repo/tb/scoreboards/eth_rx_scoreboard/eth_rx_scoreboard_pkg.sv(33)
# ** at repo/tb/scoreboards/eth_rx_scoreboard/eth_rx_scoreboard.sv(435): (vlog-2269) Unterminated string literal continues onto next line 435.
# ** Warning: ** while parsing file included at repo/tb/scoreboards/eth_rx_scoreboard/eth_rx_scoreboard_pkg.sv(33)
# ** while parsing macro expansion: 'uvm_info' starting at repo/tb/scoreboards/eth_rx_scoreboard/eth_rx_scoreboard.sv(434)
# ** at repo/tb/scoreboards/eth_rx_scoreboard/eth_rx_scoreboard.sv(434): (vlog-2643) Unterminated string literal continues onto next line.
# ** Warning: ** while parsing file included at repo/tb/scoreboards/eth_rx_scoreboard/eth_rx_scoreboard_pkg.sv(33)
# ** at repo/tb/scoreboards/eth_rx_scoreboard/eth_rx_scoreboard.sv(587): (vlog-2269) Unterminated string literal continues onto next line 587.
# ** Warning: ** while parsing file included at repo/tb/scoreboards/eth_rx_scoreboard/eth_rx_scoreboard_pkg.sv(33)
# ** while parsing macro expansion: 'uvm_warning' starting at repo/tb/scoreboards/eth_rx_scoreboard/eth_rx_scoreboard.sv(586)
# ** at repo/tb/scoreboards/eth_rx_scoreboard/eth_rx_scoreboard.sv(586): (vlog-2643) Unterminated string literal continues onto next line.
# -- Compiling package eth_cov_pkg
# -- Compiling package eth_env_pkg
# -- Importing package eth_v_seq_sqr_pkg
# -- Importing package eth_tx_scoreboard_pkg
# -- Importing package eth_rx_scoreboard_pkg
# -- Importing package eth_cov_pkg
# -- Compiling package eth_test_tx_pkg
# -- Importing package eth_env_pkg
# -- Compiling module eth_clockgen
# -- Compiling module eth_cop
# -- Compiling module eth_crc
# -- Compiling module eth_fifo
# -- Compiling module eth_maccontrol
# -- Compiling module eth_macstatus
# -- Compiling module eth_miim
# -- Compiling module eth_outputcontrol
# -- Compiling module eth_random
# -- Compiling module eth_receivecontrol
# -- Compiling module eth_register
# -- Compiling module eth_registers
# -- Compiling module eth_rxaddrcheck
# -- Compiling module eth_rxcounters
# -- Compiling module eth_rxethmac
# -- Compiling module eth_rxstatem
# -- Compiling module eth_shiftreg
# -- Compiling module eth_spram_256x32
# -- Compiling module eth_top
# -- Compiling module eth_transmitcontrol
# -- Compiling module eth_txcounters
# -- Compiling module eth_txethmac
# -- Compiling module eth_txstatem
# -- Compiling module eth_wishbone
# -- Compiling module eth_tb
# -- Importing package eth_test_tx_pkg
# 
# Top level modules:
# 	eth_cop
# 	eth_tb
# End time: 01:03:03 on Jul 14,2026, Elapsed time: 0:00:02
# Errors: 0, Warnings: 16
# End time: 01:03:03 on Jul 14,2026, Elapsed time: 0:01:39
# Errors: 1, Warnings: 36
# vsim -c -voptargs="+acc" work.eth_tb -coverage -classdebug -uvmcontrol=all "+uvm_set_verbosity=uvm_test_top.m_env.*,_ALL_,UVM_MEDIUM,time,0" "+UVM_TESTNAME=eth_test_tx_smoke" -onfinish stop -do "run -all; coverage save repo/results/tx/coverage/smoke_func_cov.ucdb -cvg -directive -assert;" 
# Start time: 01:03:03 on Jul 14,2026
# ** Note: (vsim-8009) Loading existing optimized design _opt5
# Loading sv_std.std
# Loading work.wb_m_if(fast)
# Loading work.wb_s_if(fast)
# Loading work.mii_tx_if(fast)
# Loading mtiUvm.uvm_pkg(fast)
# Loading work.eth_glob_pkg(fast)
# Loading work.mii_rx_seq_item_pkg(fast)
# Loading work.mii_tx_seq_item_pkg(fast)
# Loading work.wb_m_seq_item_pkg(fast)
# Loading work.wb_s_seq_item_pkg(fast)
# Loading work.eth_ral_pkg(fast)
# Loading work.eth_cov_pkg(fast)
# Loading work.mdio_if(fast)
# Loading work.mii_rx_if(fast)
# Loading work.eth_config_pkg(fast)
# Loading work.eth_rx_scoreboard_pkg(fast)
# Loading work.eth_tx_scoreboard_pkg(fast)
# Loading work.wb_s_seq_pkg(fast)
# Loading work.wb_m_agent_pkg(fast)
# Loading work.wb_m_seq_pkg(fast)
# Loading work.mii_rx_agent_pkg(fast)
# Loading work.mii_tx_agent_pkg(fast)
# Loading work.wb_s_agent_pkg(fast)
# Loading work.eth_v_seq_sqr_pkg(fast)
# Loading work.eth_env_pkg(fast)
# Loading work.eth_test_tx_pkg(fast)
# Loading mtiUvm.questa_uvm_pkg(fast)
# Loading work.eth_tb(fast)
# Loading work.wb_s_if(fast__2)
# Loading work.mii_rx_if(fast__2)
# Loading work.wb_m_if(fast__2)
# Loading work.mii_tx_if(fast__2)
# Loading work.eth_top(fast)
# Loading work.eth_miim(fast)
# Loading work.eth_clockgen(fast)
# Loading work.eth_shiftreg(fast)
# Loading work.eth_outputcontrol(fast)
# Loading work.eth_registers(fast)
# Loading work.eth_register(fast)
# Loading work.eth_register(fast__1)
# Loading work.eth_register(fast__2)
# Loading work.eth_register(fast__3)
# Loading work.eth_register(fast__4)
# Loading work.eth_register(fast__5)
# Loading work.eth_register(fast__6)
# Loading work.eth_register(fast__7)
# Loading work.eth_register(fast__8)
# Loading work.eth_register(fast__9)
# Loading work.eth_register(fast__10)
# Loading work.eth_register(fast__11)
# Loading work.eth_register(fast__12)
# Loading work.eth_register(fast__13)
# Loading work.eth_register(fast__14)
# Loading work.eth_maccontrol(fast)
# Loading work.eth_receivecontrol(fast)
# Loading work.eth_transmitcontrol(fast)
# Loading work.eth_txethmac(fast)
# Loading work.eth_txcounters(fast)
# Loading work.eth_txstatem(fast)
# Loading work.eth_crc(fast)
# Loading work.eth_random(fast)
# Loading work.eth_rxethmac(fast)
# Loading work.eth_rxstatem(fast)
# Loading work.eth_rxcounters(fast)
# Loading work.eth_rxaddrcheck(fast)
# Loading work.eth_crc(fast__1)
# Loading work.eth_wishbone(fast)
# Loading work.eth_spram_256x32(fast)
# Loading work.eth_fifo(fast)
# Loading work.eth_macstatus(fast)
# ** Warning: (vsim-8441) Clocking block output vif.cb_mii_tx.MColl is not legal in this
# or another expression.
#    Time: 0 ps  Iteration: 0  Region: /mii_tx_agent_pkg File: repo/tb/agents/mii_tx/mii_tx_monitor_base.sv Line: 69
# ** Warning: (vsim-8441) Clocking block output vif.cb_mii_tx.MCrS is not legal in this
# or another expression.
#    Time: 0 ps  Iteration: 0  Region: /mii_tx_agent_pkg File: repo/tb/agents/mii_tx/mii_tx_monitor_base.sv Line: 70
# ** Warning: (vsim-8441) Clocking block output vif.cb_mii_tx.MCrS is not legal in this
# or another expression.
#    Time: 0 ps  Iteration: 0  Region: /mii_tx_agent_pkg File: repo/tb/agents/mii_tx/mii_tx_monitor_base.sv Line: 70
# ** Warning: (vsim-8441) Clocking block output vif.cb_mii_tx.MColl is not legal in this
# or another expression.
#    Time: 0 ps  Iteration: 0  Region: /mii_tx_agent_pkg File: repo/tb/agents/mii_tx/mii_tx_monitor_base.sv Line: 69
# Loading D:/B/qsim_2021_1/uvm-1.1d\win64\uvm_dpi.dll
# run -all
# ----------------------------------------------------------------
# UVM-1.1d
# (C) 2007-2013 Mentor Graphics Corporation
# (C) 2007-2013 Cadence Design Systems, Inc.
# (C) 2006-2013 Synopsys, Inc.
# (C) 2011-2013 Cypress Semiconductor Corp.
# ----------------------------------------------------------------
# 
#   ***********       IMPORTANT RELEASE NOTES         ************
# 
#   You are using a version of the UVM library that has been compiled
#   with `UVM_NO_DEPRECATED undefined.
#   See http://www.eda.org/svdb/view.php?id=3313 for more details.
# 
#   You are using a version of the UVM library that has been compiled
#   with `UVM_OBJECT_MUST_HAVE_CONSTRUCTOR undefined.
#   See http://www.eda.org/svdb/view.php?id=3770 for more details.
# 
#       (Specify +UVM_NO_RELNOTES to turn off this notice)
# 
# UVM_INFO verilog_src/questa_uvm_pkg-1.2/src/questa_uvm_pkg.sv(277) @ 0: reporter [Questa UVM] QUESTA_UVM-1.2.3
# UVM_INFO verilog_src/questa_uvm_pkg-1.2/src/questa_uvm_pkg.sv(278) @ 0: reporter [Questa UVM]  questa_uvm::init(all)
# UVM_INFO @ 0: reporter [RNTST] Running test eth_test_tx_smoke...
# UVM_INFO repo/tb/tests/eth_tests_tx/eth_test_tx_base.sv(22) @ 0: uvm_test_top [eth_test_tx_smoke] start of build_phase
# ** Warning: (vsim-3881) repo/tb/coverage/eth_cov_tx.sv(324): Width conversion applied in bin 'bd_config' for Coverpoint 'cp_bd_cfg'. Value '63' changed to '31 (maximum)' value.
#    Time: 0 ps  Iteration: 7  Region: /uvm_pkg::uvm_phase::m_run_phases
# ** Warning: (vsim-3882) repo/tb/coverage/eth_cov_tx.sv(324): Out of bounds value range in bin 'bd_config' for Coverpoint 'cp_bd_cfg' converted to nearest valid bounded range of [0:31].
#    Time: 0 ps  Iteration: 7  Region: /uvm_pkg::uvm_phase::m_run_phases
# ** Warning: (vsim-8474) A higher value '32' is found in bin 'bd_pad' of Coverpoint 'cp_bd_cfg'. It is invalid and will be ignored.
#    Time: 0 ps  Iteration: 7  Process: /uvm_pkg::uvm_phase::m_run_phases/#FORK#1847_4f649982 File: repo/tb/coverage/eth_cov_tx.sv Line: 326
# ** Warning: (vsim-8474) A higher value '34' is found in bin 'bd_pad' of Coverpoint 'cp_bd_cfg'. It is invalid and will be ignored.
#    Time: 0 ps  Iteration: 7  Process: /uvm_pkg::uvm_phase::m_run_phases/#FORK#1847_4f649982 File: repo/tb/coverage/eth_cov_tx.sv Line: 326
# ** Warning: (vsim-8474) A higher value '32' is found in bin 'bd_crc' of Coverpoint 'cp_bd_cfg'. It is invalid and will be ignored.
#    Time: 0 ps  Iteration: 7  Process: /uvm_pkg::uvm_phase::m_run_phases/#FORK#1847_4f649982 File: repo/tb/coverage/eth_cov_tx.sv Line: 328
# ** Warning: (vsim-8474) A higher value '33' is found in bin 'bd_crc' of Coverpoint 'cp_bd_cfg'. It is invalid and will be ignored.
#    Time: 0 ps  Iteration: 7  Process: /uvm_pkg::uvm_phase::m_run_phases/#FORK#1847_4f649982 File: repo/tb/coverage/eth_cov_tx.sv Line: 328
# ** Warning: (vsim-8474) A higher value '40' is found in bin 'rl' of Coverpoint 'cp_bd_stat'. It is invalid and will be ignored.
#    Time: 0 ps  Iteration: 7  Process: /uvm_pkg::uvm_phase::m_run_phases/#FORK#1847_4f649982 File: repo/tb/coverage/eth_cov_tx.sv Line: 413
# ** Warning: (vsim-8474) A higher value '36' is found in bin 'lc' of Coverpoint 'cp_bd_stat'. It is invalid and will be ignored.
#    Time: 0 ps  Iteration: 7  Process: /uvm_pkg::uvm_phase::m_run_phases/#FORK#1847_4f649982 File: repo/tb/coverage/eth_cov_tx.sv Line: 415
# ** Warning: (vsim-8474) A higher value '34' is found in bin 'df' of Coverpoint 'cp_bd_stat'. It is invalid and will be ignored.
#    Time: 0 ps  Iteration: 7  Process: /uvm_pkg::uvm_phase::m_run_phases/#FORK#1847_4f649982 File: repo/tb/coverage/eth_cov_tx.sv Line: 417
# UVM_INFO repo/tb/agents/mii_tx/mii_tx_agent.sv(51) @ 0: uvm_test_top.m_env.m_mii_tx_agent [build_phase] agent passive
# UVM_INFO repo/tb/agents/mii_tx/mii_tx_agent.sv(68) @ 0: uvm_test_top.m_env.m_mii_tx_agent [connect_phase] agent passive
# UVM_INFO repo/tb/tests/eth_tests_tx/eth_test_tx_base.sv(50) @ 0: uvm_test_top [eth_test_tx_smoke] start of sim phase
# ---------------------------------------------------------------------------------
# Name                          Type                                    Size  Value
# ---------------------------------------------------------------------------------
# uvm_test_top                  eth_test_tx_smoke                       -     @488 
#   m_env                       eth_env_tx                              -     @508 
#     m_cov_tx                  eth_cov_tx                              -     @822 
#       mii_tx_export           uvm_analysis_export                     -     @986 
#         recording_detail      integral                                32    'd1  
#       mii_tx_fifo             uvm_tlm_analysis_fifo #(T)              -     @923 
#         analysis_export       uvm_analysis_imp                        -     @962 
#           recording_detail    integral                                32    'd1  
#         get_ap                uvm_analysis_port                       -     @954 
#           recording_detail    integral                                32    'd1  
#         get_peek_export       uvm_get_peek_imp                        -     @938 
#           recording_detail    integral                                32    'd1  
#         put_ap                uvm_analysis_port                       -     @946 
#           recording_detail    integral                                32    'd1  
#         put_export            uvm_put_imp                             -     @930 
#           recording_detail    integral                                32    'd1  
#         recording_detail      integral                                32    'd1  
#       wb_m_export             uvm_analysis_export                     -     @970 
#         recording_detail      integral                                32    'd1  
#       wb_m_fifo               uvm_tlm_analysis_fifo #(T)              -     @829 
#         analysis_export       uvm_analysis_imp                        -     @868 
#           recording_detail    integral                                32    'd1  
#         get_ap                uvm_analysis_port                       -     @860 
#           recording_detail    integral                                32    'd1  
#         get_peek_export       uvm_get_peek_imp                        -     @844 
#           recording_detail    integral                                32    'd1  
#         put_ap                uvm_analysis_port                       -     @852 
#           recording_detail    integral                                32    'd1  
#         put_export            uvm_put_imp                             -     @836 
#           recording_detail    integral                                32    'd1  
#         recording_detail      integral                                32    'd1  
#       wb_s_export             uvm_analysis_export                     -     @978 
#         recording_detail      integral                                32    'd1  
#       wb_s_fifo               uvm_tlm_analysis_fifo #(T)              -     @876 
#         analysis_export       uvm_analysis_imp                        -     @915 
#           recording_detail    integral                                32    'd1  
#         get_ap                uvm_analysis_port                       -     @907 
#           recording_detail    integral                                32    'd1  
#         get_peek_export       uvm_get_peek_imp                        -     @891 
#           recording_detail    integral                                32    'd1  
#         put_ap                uvm_analysis_port                       -     @899 
#           recording_detail    integral                                32    'd1  
#         put_export            uvm_put_imp                             -     @883 
#           recording_detail    integral                                32    'd1  
#         recording_detail      integral                                32    'd1  
#       recording_detail        integral                                32    'd1  
#     m_mii_tx_agent            mii_tx_agent                            -     @808 
#       agent_a_port            uvm_analysis_port                       -     @1003
#         recording_detail      integral                                32    'd1  
#       m_monitor               mii_tx_monitor_base                     -     @996 
#         monitor_tr_a_port     uvm_analysis_port                       -     @1011
#           recording_detail    integral                                32    'd1  
#         recording_detail      integral                                32    'd1  
#       recording_detail        integral                                32    'd1  
#     m_predictor               uvm_reg_predictor #(uvm_sequence_item)  -     @779 
#       bus_in                  uvm_analysis_imp                        -     @786 
#         recording_detail      integral                                32    'd1  
#       reg_ap                  uvm_analysis_port                       -     @794 
#         recording_detail      integral                                32    'd1  
#       recording_detail        integral                                32    'd1  
#     m_tx_sb                   eth_tx_scoreboard                       -     @815 
#       mii_tx_export           uvm_analysis_export                     -     @1121
#         recording_detail      integral                                32    'd1  
#       mii_tx_fifo             uvm_tlm_analysis_fifo #(T)              -     @1066
#         analysis_export       uvm_analysis_imp                        -     @1105
#           recording_detail    integral                                32    'd1  
#         get_ap                uvm_analysis_port                       -     @1097
#           recording_detail    integral                                32    'd1  
#         get_peek_export       uvm_get_peek_imp                        -     @1081
#           recording_detail    integral                                32    'd1  
#         put_ap                uvm_analysis_port                       -     @1089
#           recording_detail    integral                                32    'd1  
#         put_export            uvm_put_imp                             -     @1073
#           recording_detail    integral                                32    'd1  
#         recording_detail      integral                                32    'd1  
#       wb_m_export             uvm_analysis_export                     -     @1113
#         recording_detail      integral                                32    'd1  
#       wb_m_fifo               uvm_tlm_analysis_fifo #(T)              -     @1019
#         analysis_export       uvm_analysis_imp                        -     @1058
#           recording_detail    integral                                32    'd1  
#         get_ap                uvm_analysis_port                       -     @1050
#           recording_detail    integral                                32    'd1  
#         get_peek_export       uvm_get_peek_imp                        -     @1034
#           recording_detail    integral                                32    'd1  
#         put_ap                uvm_analysis_port                       -     @1042
#           recording_detail    integral                                32    'd1  
#         put_export            uvm_put_imp                             -     @1026
#           recording_detail    integral                                32    'd1  
#         recording_detail      integral                                32    'd1  
#       wb_s_imp                uvm_analysis_imp                        -     @1129
#         recording_detail      integral                                32    'd1  
#       recording_detail        integral                                32    'd1  
#     m_v_sqr                   eth_v_sequencer                         -     @522 
#       rsp_export              uvm_analysis_export                     -     @529 
#         recording_detail      integral                                32    'd1  
#       seq_item_export         uvm_seq_item_pull_imp                   -     @623 
#         recording_detail      integral                                32    'd1  
#       recording_detail        integral                                32    'd1  
#       arbitration_queue       array                                   0     -    
#       lock_queue              array                                   0     -    
#       num_last_reqs           integral                                32    'd1  
#       num_last_rsps           integral                                32    'd1  
#     m_wb_m_agent              wb_m_agent                              -     @638 
#       a_port                  uvm_analysis_port                       -     @1284
#         recording_detail      integral                                32    'd1  
#       m_driver                wb_m_driver_base                        -     @1254
#         rsp_port              uvm_analysis_port                       -     @1269
#           recording_detail    integral                                32    'd1  
#         seq_item_port         uvm_seq_item_pull_port                  -     @1261
#           recording_detail    integral                                32    'd1  
#         recording_detail      integral                                32    'd1  
#       m_monitor               wb_m_monitor_base                       -     @1277
#         request_a_port        uvm_analysis_port                       -     @1300
#           recording_detail    integral                                32    'd1  
#         transaction_a_port    uvm_analysis_port                       -     @1292
#           recording_detail    integral                                32    'd1  
#         recording_detail      integral                                32    'd1  
#       m_sequencer             wb_m_sequencer_base                     -     @1145
#         request_export        uvm_analysis_export                     -     @1360
#           recording_detail    integral                                32    'd1  
#         request_fifo          uvm_tlm_analysis_fifo #(T)              -     @1313
#           analysis_export     uvm_analysis_imp                        -     @1352
#             recording_detail  integral                                32    'd1  
#           get_ap              uvm_analysis_port                       -     @1344
#             recording_detail  integral                                32    'd1  
#           get_peek_export     uvm_get_peek_imp                        -     @1328
#             recording_detail  integral                                32    'd1  
#           put_ap              uvm_analysis_port                       -     @1336
#             recording_detail  integral                                32    'd1  
#           put_export          uvm_put_imp                             -     @1320
#             recording_detail  integral                                32    'd1  
#           recording_detail    integral                                32    'd1  
#         rsp_export            uvm_analysis_export                     -     @1152
#           recording_detail    integral                                32    'd1  
#         seq_item_export       uvm_seq_item_pull_imp                   -     @1246
#           recording_detail    integral                                32    'd1  
#         recording_detail      integral                                32    'd1  
#         arbitration_queue     array                                   0     -    
#         lock_queue            array                                   0     -    
#         num_last_reqs         integral                                32    'd1  
#         num_last_rsps         integral                                32    'd1  
#       recording_detail        integral                                32    'd1  
#     m_wb_s_agent              wb_s_agent                              -     @631 
#       a_port                  uvm_analysis_port                       -     @1513
#         recording_detail      integral                                32    'd1  
#       m_driver                wb_s_driver_base                        -     @1483
#         rsp_port              uvm_analysis_port                       -     @1498
#           recording_detail    integral                                32    'd1  
#         seq_item_port         uvm_seq_item_pull_port                  -     @1490
#           recording_detail    integral                                32    'd1  
#         recording_detail      integral                                32    'd1  
#       m_monitor               wb_s_monitor_base                       -     @1506
#         a_port                uvm_analysis_port                       -     @1523
#           recording_detail    integral                                32    'd1  
#         bd_status_ap          uvm_analysis_port                       -     @1531
#           recording_detail    integral                                32    'd1  
#         recording_detail      integral                                32    'd1  
#       m_sequencer             wb_s_sequencer_base                     -     @1374
#         rsp_export            uvm_analysis_export                     -     @1381
#           recording_detail    integral                                32    'd1  
#         seq_item_export       uvm_seq_item_pull_imp                   -     @1475
#           recording_detail    integral                                32    'd1  
#         recording_detail      integral                                32    'd1  
#         arbitration_queue     array                                   0     -    
#         lock_queue            array                                   0     -    
#         num_last_reqs         integral                                32    'd1  
#         num_last_rsps         integral                                32    'd1  
#       recording_detail        integral                                32    'd1  
#     recording_detail          integral                                32    'd1  
#   recording_detail            integral                                32    'd1  
# ---------------------------------------------------------------------------------
# 
#### Factory Configuration (*)
# 
# No instance overrides are registered with this factory
# 
# Type Overrides:
# 
#   Requested Type  Override Type    
#   --------------  -----------------
#   wb_m_seq_base   wb_m_seq_wr_rd
#   wb_s_seq_base   wb_s_basic_tx_seq
# 
# All types registered with the factory: 111 total
# (types without type names will not be printed)
# 
#   Type Name
#   ---------
#   bd_mem
#   dma_mem
#   eth_collconf_reg
#   eth_cov_tx
#   eth_ctrlmoder_reg
#   eth_env_base
#   eth_env_config_obj
#   eth_env_rx
#   eth_env_tx
#   eth_hash0_reg
#   eth_hash1_reg
#   eth_int_mask_reg
#   eth_int_source_reg
#   eth_ipgr1_reg
#   eth_ipgr2_reg
#   eth_ipgt_reg
#   eth_mac_addr0_reg
#   eth_mac_addr1_reg
#   eth_miiaddress_reg
#   eth_miicommand_reg
#   eth_miimoder_reg
#   eth_miirx_data_reg
#   eth_miistatus_reg
#   eth_miitx_data_reg
#   eth_moder_reg
#   eth_packetlen_reg
#   eth_reg_block
#   eth_rx_scoreboard
#   eth_test_tx_base
#   eth_test_tx_smoke
#   eth_tx_bd_num_reg
#   eth_tx_scoreboard
#   eth_tx_scoreboard_config_obj
#   eth_txctrl_reg
#   eth_v_seq_base
#   eth_v_seq_tx
#   eth_v_sequencer
#   eth_wb_adapter
#   mdio_config_obj
#   mii_rx_agent
#   mii_rx_config_obj
#   mii_rx_driver_base
#   mii_rx_monitor_base
#   mii_rx_seq_item
#   mii_rx_sequencer_base
#   mii_tx_agent
#   mii_tx_config_obj
#   mii_tx_driver_base
#   mii_tx_monitor_base
#   mii_tx_seq_item_base
#   mii_tx_sequencer_base
#   questa_uvm_recorder
#   wb_m_agent
#   wb_m_config_obj
#   wb_m_driver_base
#   wb_m_monitor_base
#   wb_m_seq_base
#   wb_m_seq_item_base
#   wb_m_seq_smoke
#   wb_m_seq_wr_rd
#   wb_m_sequencer_base
#   wb_s_agent
#   wb_s_basic_tx_seq
#   wb_s_config_obj
#   wb_s_control_frame_tx_seq
#   wb_s_driver_base
#   wb_s_monitor_base
#   wb_s_seq_base
#   wb_s_sequencer_base
# (*) Types with no associated type name will be printed as <unknown>
# 
####
# 
# **************************************************************************
# * Questa UVM Transaction Recording Turned ON.                            *
# * recording_detail has been set.                                         *
# *  To turn off, set 'recording_detail' to off:                           *
# * uvm_config_db#(int)            ::set(null, "", "recording_detail", 0); *
# * uvm_config_db#(uvm_bitstream_t)::set(null, "", "recording_detail", 0); *
# **************************************************************************
# ** Warning: (vsim-WLF-5000) WLF file currently in use: vsim.wlf
#           File in use by: mwael  Hostname: MOHAMMAD-LAPTOP  ProcessID: 10104
#           Attempting to use alternate WLF file "./wlft55qt4j".
# ** Warning: (vsim-WLF-5001) Could not open WLF file: vsim.wlf
#           Using alternate file: ./wlft55qt4j
# UVM_INFO repo/tb/scoreboards/eth_tx_scoreboard/eth_tx_scoreboard.sv(412) @ 0: uvm_test_top.m_env.m_tx_sb [eth_tx_scoreboard] Tx scoreboard raised objection
# UVM_INFO repo/tb/virtual_seq_sqr/eth_v_seq_tx.sv(16) @ 0: uvm_test_top.m_env.m_v_sqr@@m_v_seq_tx [eth_v_seq_tx] Executing virtual sequence
# UVM_INFO repo/tb/agents/wb_s/wb_s_driver_base.sv(65) @ 2500: uvm_test_top.m_env.m_wb_s_agent.m_driver [wb_s_driver_base] Driving transaction: addr=0x100 dir=WRITE sel=0xf wdata=0x50b800 rdata=0x0 ack=0 err=0 inta=0
# UVM_INFO repo/tb/agents/wb_m/wb_m_monitor_base.sv(101) @ 50000: uvm_test_top.m_env.m_wb_m_agent.m_monitor [wb_m_monitor_base] Begin monitoring after reset deassertion
# UVM_INFO repo/tb/agents/mii_tx/mii_tx_monitor_base.sv(58) @ 50000: uvm_test_top.m_env.m_mii_tx_agent.m_monitor [mii_tx_monitor_base] Begin monitoring after reset deassertion
# UVM_INFO repo/tb/agents/wb_s/wb_s_driver_base.sv(65) @ 77500: uvm_test_top.m_env.m_wb_s_agent.m_driver [wb_s_driver_base] Driving transaction: addr=0x101 dir=WRITE sel=0xf wdata=0x1000 rdata=0x0 ack=0 err=0 inta=0
# UVM_INFO repo/tb/sequences/wb_s_seq/wb_s_basic_tx_seq.sv(241) @ 117500: uvm_test_top.m_env.m_wb_s_agent.m_sequencer@@m_wb_s_seq_base [TX_CONFIG]  Configuring TX BD[0] - LEN=0x0050, PTR=0x00001000, IRQ=0, WR=1, PAD=1, CRC=1
# UVM_INFO repo/tb/sequences/wb_s_seq/wb_s_basic_tx_seq.sv(144) @ 117500: uvm_test_top.m_env.m_wb_s_agent.m_sequencer@@m_wb_s_seq_base [TX_CONFIG] Configuring TX registers
# UVM_INFO repo/tb/agents/wb_s/wb_s_driver_base.sv(65) @ 117500: uvm_test_top.m_env.m_wb_s_agent.m_driver [wb_s_driver_base] Driving transaction: addr=0x3 dir=WRITE sel=0xf wdata=0x12 rdata=0x0 ack=0 err=0 inta=0
# UVM_INFO repo/tb/agents/wb_s/wb_s_driver_base.sv(65) @ 147500: uvm_test_top.m_env.m_wb_s_agent.m_driver [wb_s_driver_base] Driving transaction: addr=0x4 dir=WRITE sel=0xf wdata=0xc rdata=0x0 ack=0 err=0 inta=0
# UVM_INFO repo/tb/agents/wb_s/wb_s_driver_base.sv(65) @ 172500: uvm_test_top.m_env.m_wb_s_agent.m_driver [wb_s_driver_base] Driving transaction: addr=0x5 dir=WRITE sel=0xf wdata=0x12 rdata=0x0 ack=0 err=0 inta=0
# UVM_INFO repo/tb/agents/wb_s/wb_s_driver_base.sv(65) @ 197500: uvm_test_top.m_env.m_wb_s_agent.m_driver [wb_s_driver_base] Driving transaction: addr=0x6 dir=WRITE sel=0xf wdata=0x4005ee rdata=0x0 ack=0 err=0 inta=0
# UVM_INFO repo/tb/agents/wb_s/wb_s_driver_base.sv(65) @ 222500: uvm_test_top.m_env.m_wb_s_agent.m_driver [wb_s_driver_base] Driving transaction: addr=0x8 dir=WRITE sel=0xf wdata=0x1 rdata=0x0 ack=0 err=0 inta=0
# UVM_INFO repo/tb/agents/wb_s/wb_s_driver_base.sv(65) @ 247500: uvm_test_top.m_env.m_wb_s_agent.m_driver [wb_s_driver_base] Driving transaction: addr=0x11 dir=WRITE sel=0xf wdata=0x815e rdata=0x0 ack=0 err=0 inta=0
# UVM_INFO repo/tb/agents/wb_s/wb_s_driver_base.sv(65) @ 272500: uvm_test_top.m_env.m_wb_s_agent.m_driver [wb_s_driver_base] Driving transaction: addr=0x10 dir=WRITE sel=0xf wdata=0x9d68484 rdata=0x0 ack=0 err=0 inta=0
# UVM_INFO repo/tb/agents/wb_s/wb_s_driver_base.sv(65) @ 297500: uvm_test_top.m_env.m_wb_s_agent.m_driver [wb_s_driver_base] Driving transaction: addr=0x0 dir=WRITE sel=0xf wdata=0xa402 rdata=0x0 ack=0 err=0 inta=0
# UVM_INFO repo/tb/sequences/wb_s_seq/wb_s_basic_tx_seq.sv(194) @ 322500: uvm_test_top.m_env.m_wb_s_agent.m_sequencer@@m_wb_s_seq_base [TX_CONFIG] MODER: FULLD=1, TXEN=1, NOPRE=0, CRCEN=1, PAD=1, HUGEN=0, NOBCKOF=0
# UVM_INFO repo/tb/sequences/wb_s_seq/wb_s_basic_tx_seq.sv(112) @ 322500: uvm_test_top.m_env.m_wb_s_agent.m_sequencer@@m_wb_s_seq_base [wb_s_basic_tx_seq] Basic TX configuration completed
# UVM_INFO repo/tb/scoreboards/eth_tx_scoreboard/eth_tx_scoreboard.sv(819) @ 322500: uvm_test_top.m_env.m_tx_sb [eth_tx_scoreboard] TXEN asserted
# UVM_INFO repo/tb/scoreboards/eth_tx_scoreboard/eth_tx_scoreboard.sv(1186) @ 322500: uvm_test_top.m_env.m_tx_sb [eth_tx_scoreboard] TX BD[0] LEN=80 RD=1 IRQ=0 WR=1 PAD=1 CRC=1 PTR=0x00001000
# UVM_INFO repo/tb/virtual_seq_sqr/eth_v_seq_tx.sv(26) @ 322500: uvm_test_top.m_env.m_v_sqr@@m_v_seq_tx [eth_v_seq_tx] virtual sequence completed
# UVM_INFO repo/tb/scoreboards/eth_tx_scoreboard/eth_tx_scoreboard.sv(1281) @ 940000: uvm_test_top.m_env.m_tx_sb [eth_tx_scoreboard] Comp_pack: MTXEN asserted
# UVM_INFO repo/tb/scoreboards/eth_tx_scoreboard/eth_tx_scoreboard.sv(904) @ 8268100: uvm_test_top.m_env.m_tx_sb [eth_tx_scoreboard] TX BD[0] completed
# UVM_INFO repo/tb/scoreboards/eth_tx_scoreboard/eth_tx_scoreboard.sv(1353) @ 8300000: uvm_test_top.m_env.m_tx_sb [eth_tx_scoreboard] Captured 92 bytes from MII
# UVM_INFO repo/tb/scoreboards/eth_tx_scoreboard/eth_tx_scoreboard.sv(1520) @ 8300000: uvm_test_top.m_env.m_tx_sb [eth_tx_scoreboard] Packet comparison PASSED (92 bytes)
# UVM_INFO repo/tb/scoreboards/eth_tx_scoreboard/eth_tx_scoreboard.sv(432) @ 8300200: uvm_test_top.m_env.m_tx_sb [eth_tx_scoreboard] Tx scoreboard dropped objection
# UVM_INFO verilog_src/uvm-1.1d/src/base/uvm_objection.svh(1267) @ 8300200: reporter [TEST_DONE] 'run' phase is ready to proceed to the 'extract' phase
# UVM_INFO repo/tb/agents/wb_m/wb_m_driver_base.sv(108) @ 8300200: uvm_test_top.m_env.m_wb_m_agent.m_driver [wb_m_driver_base] Drived 1650 active transactions
# UVM_INFO repo/tb/agents/wb_m/wb_m_monitor_base.sv(130) @ 8300200: uvm_test_top.m_env.m_wb_m_agent.m_monitor [wb_m_monitor_base] Monitored 1650 TRANSACTIONS
# 
# --- UVM Report Summary ---
# 
# ** Report counts by severity
# UVM_INFO :   36
# UVM_WARNING :    0
# UVM_ERROR :    0
# UVM_FATAL :    0
# ** Report counts by id
# [Questa UVM]     2
# [RNTST]     1
# [TEST_DONE]     1
# [TX_CONFIG]     3
# [build_phase]     1
# [connect_phase]     1
# [eth_test_tx_smoke]     2
# [eth_tx_scoreboard]     8
# [eth_v_seq_tx]     2
# [mii_tx_monitor_base]     1
# [wb_m_driver_base]     1
# [wb_m_monitor_base]     2
# [wb_s_basic_tx_seq]     1
# [wb_s_driver_base]    10
# ** Note: $finish    : D:/B/qsim_2021_1/win64/../verilog_src/uvm-1.1d/src/base/uvm_root.svh(430)
#    Time: 8300200 ps  Iteration: 57  Instance: /eth_tb
# Break in Task uvm_pkg/uvm_root::run_test at D:/B/qsim_2021_1/win64/../verilog_src/uvm-1.1d/src/base/uvm_root.svh line 430
# Stopped at D:/B/qsim_2021_1/win64/../verilog_src/uvm-1.1d/src/base/uvm_root.svh line 430
#  coverage save repo/results/tx/coverage/smoke_func_cov.ucdb -cvg -directive -assert
# 
# repo/results/tx/log/smoke_tx.log
# QuestaSim-64 vcover 2021.1 Coverage Utility 2021.01 Jan 19 2021
# Start time: 01:03:36 on Jul 14,2026
# vcover report smoke_func_cov.ucdb -details -annotate -all -output results/tx/coverage/smoke_func_coverage_rpt.txt 
# End time: 01:03:36 on Jul 14,2026, Elapsed time: 0:00:00
# Errors: 0, Warnings: 0
# ** UI-Msg: (vcover-7) Failed to open functional coverage report file "results/tx/coverage/smoke_func_coverage_rpt.txt" in write mode.
# Error in macro ./scripts/run_smoke.tcl line 37
# QuestaSim-64 vcover 2021.1 Coverage Utility 2021.01 Jan 19 2021
# Start time: 01:03:36 on Jul 14,2026
# vcover report smoke_func_cov.ucdb -details -annotate -all -output results/tx/coverage/smoke_func_coverage_rpt.txt 
# End time: 01:03:36 on Jul 14,2026, Elapsed time: 0:00:00
# Errors: 0, Warnings: 0
# ** UI-Msg: (vcover-7) Failed to open functional coverage report file "results/tx/coverage/smoke_func_coverage_rpt.txt" in write mode.
#     while executing
# "error [FixExecError $msg]"
#     (procedure "vcover" line 24)
#     invoked from within
# "vcover report smoke_func_cov.ucdb -details -annotate -all -output results/tx/coverage/smoke_func_coverage_rpt.txt"
# ** Warning: (vlib-34) Library already exists at "work".
# Errors: 0, Warnings: 1
# QuestaSim-64 vmap 2021.1 Lib Mapping Utility 2021.01 Jan 19 2021
# vmap work work 
# Modifying D:/B/qsim_2021_1/win64/../modelsim.ini
# ** Error: 捁散獳椠⁳敤楮摥മ
# SL뮽ⵖ耀WT_SESSION:W뮃⹐耀OFILE_ID:
#        Unable to replace existing ini file (D:/B/qsim_2021_1/win64/../modelsim.ini).  File can not be renamed.
# 0
# QuestaSim-64 vlog 2021.1 Compiler 2021.01 Jan 19 2021
# Start time: 01:03:54 on Jul 14,2026
# vlog repo/tb/global/eth_glob_pkg.sv repo/tb/interfaces/mdio_if.sv repo/tb/interfaces/mii_rx_if.sv repo/tb/interfaces/mii_tx_if.sv repo/tb/interfaces/wb_m_if.sv repo/tb/interfaces/wb_s_if.sv repo/tb/seq_items/mii_tx/mii_tx_seq_item_pkg.sv repo/tb/seq_items/wb_m/wb_m_seq_item_pkg.sv repo/tb/seq_items/wb_s/wb_s_seq_item_pkg.sv repo/tb/seq_items/mii_rx/mii_rx_seq_item_pkg.sv repo/tb/config/eth_config_pkg.sv repo/tb/ral/eth_ral_pkg.sv repo/tb/sequences/wb_m_seq/wb_m_seq_pkg.sv repo/tb/sequences/wb_s_seq/wb_s_seq_pkg.sv repo/tb/virtual_seq_sqr/eth_v_seq_sqr_pkg.sv repo/tb/agents/mii_tx/mii_tx_agent_pkg.sv repo/tb/agents/mii_rx/mii_rx_agent_pkg.sv repo/tb/agents/wb_m/wb_m_agent_pkg.sv repo/tb/agents/wb_s/wb_s_agent_pkg.sv repo/tb/scoreboards/eth_tx_scoreboard/eth_tx_scoreboard_pkg.sv repo/tb/scoreboards/eth_rx_scoreboard/eth_rx_scoreboard_pkg.sv repo/tb/coverage/eth_cov_pkg.sv repo/tb/env/eth_env_pkg.sv repo/tb/tests/eth_tests_tx/eth_test_tx_pkg.sv repo/rtl/eth_clockgen.v repo/rtl/eth_cop.v repo/rtl/eth_crc.v repo/rtl/eth_defines.v repo/rtl/eth_fifo.v repo/rtl/eth_maccontrol.v repo/rtl/eth_macstatus.v repo/rtl/eth_miim.v repo/rtl/eth_outputcontrol.v repo/rtl/eth_random.v repo/rtl/eth_receivecontrol.v repo/rtl/eth_register.v repo/rtl/eth_registers.v repo/rtl/eth_rxaddrcheck.v repo/rtl/eth_rxcounters.v repo/rtl/eth_rxethmac.v repo/rtl/eth_rxstatem.v repo/rtl/eth_shiftreg.v repo/rtl/eth_spram_256x32.v repo/rtl/eth_top.v repo/rtl/eth_transmitcontrol.v repo/rtl/eth_txcounters.v repo/rtl/eth_txethmac.v repo/rtl/eth_txstatem.v repo/rtl/eth_wishbone.v repo/rtl/timescale.v repo/tb/top/eth_tb.sv "+cover" -covercells 
# -- Compiling package eth_glob_pkg
# ** Note: (vlog-2286) repo/tb/global/eth_glob_pkg.sv(17): Using implicit +incdir+D:/B/qsim_2021_1/uvm-1.1d/../verilog_src/uvm-1.1d/src from import uvm_pkg
# -- Importing package mtiUvm.uvm_pkg (uvm-1.1d Built-in)
# -- Compiling interface mdio_if
# -- Compiling interface mii_rx_if
# -- Compiling interface mii_tx_if
# -- Compiling interface wb_m_if
# -- Compiling interface wb_s_if
# -- Compiling package mii_tx_seq_item_pkg
# -- Importing package eth_glob_pkg
# -- Compiling package wb_m_seq_item_pkg
# -- Compiling package wb_s_seq_item_pkg
# -- Compiling package mii_rx_seq_item_pkg
# -- Compiling package eth_config_pkg
# -- Importing package eth_ral_pkg
# -- Importing package wb_s_seq_item_pkg
# -- Compiling package eth_ral_pkg
# -- Compiling package wb_m_seq_pkg
# -- Importing package wb_m_seq_item_pkg
# -- Importing package wb_m_agent_pkg
# -- Importing package eth_config_pkg
# ** Warning: repo/tb/sequences/wb_m_seq/wb_m_seq_wr_rd.sv(36): (vlog-2240) Treating stand-alone use of function 'write' as an implicit VOID cast.
# ** Warning: repo/tb/sequences/wb_m_seq/wb_m_seq_wr_rd.sv(43): (vlog-2240) Treating stand-alone use of function 'read' as an implicit VOID cast.
# -- Compiling package wb_s_seq_pkg
# ** Warning: repo/tb/sequences/wb_s_seq/wb_s_basic_tx_seq.sv(203): (vlog-2240) Treating stand-alone use of function 'write' as an implicit VOID cast.
# -- Compiling package eth_v_seq_sqr_pkg
# -- Importing package wb_s_agent_pkg
# -- Importing package mii_tx_agent_pkg
# -- Importing package mii_tx_seq_item_pkg
# -- Importing package mii_rx_agent_pkg
# -- Importing package mii_rx_seq_item_pkg
# -- Importing package wb_m_seq_pkg
# -- Importing package wb_s_seq_pkg
# -- Compiling package mii_tx_agent_pkg
# -- Compiling package mii_rx_agent_pkg
# -- Compiling package wb_m_agent_pkg
# -- Compiling package wb_s_agent_pkg
# -- Compiling package eth_tx_scoreboard_pkg
# ** Warning: repo/tb/scoreboards/eth_tx_scoreboard/eth_tx_scoreboard.sv(774): (vlog-2240) Treating stand-alone use of function 'read' as an implicit VOID cast.
# ** Warning: repo/tb/scoreboards/eth_tx_scoreboard/eth_tx_scoreboard.sv(575): (vlog-2240) Treating stand-alone use of function 'pop_front' as an implicit VOID cast.
# ** Warning: repo/tb/scoreboards/eth_tx_scoreboard/eth_tx_scoreboard.sv(739): (vlog-2240) Treating stand-alone use of function 'pop_back' as an implicit VOID cast.
# ** Warning: repo/tb/scoreboards/eth_tx_scoreboard/eth_tx_scoreboard.sv(1557): (vlog-2240) Treating stand-alone use of function 'predict' as an implicit VOID cast.
# ** Warning: repo/tb/scoreboards/eth_tx_scoreboard/eth_tx_scoreboard.sv(1566): (vlog-2240) Treating stand-alone use of function 'predict' as an implicit VOID cast.
# ** Warning: repo/tb/scoreboards/eth_tx_scoreboard/eth_tx_scoreboard.sv(1575): (vlog-2240) Treating stand-alone use of function 'predict' as an implicit VOID cast.
# ** Warning: repo/tb/scoreboards/eth_tx_scoreboard/eth_tx_scoreboard.sv(1644): (vlog-2240) Treating stand-alone use of function 'predict' as an implicit VOID cast.
# -- Compiling package eth_rx_scoreboard_pkg
# ** Warning: ** while parsing file included at repo/tb/scoreboards/eth_rx_scoreboard/eth_rx_scoreboard_pkg.sv(33)
# ** at repo/tb/scoreboards/eth_rx_scoreboard/eth_rx_scoreboard.sv(381): (vlog-2269) Unterminated string literal continues onto next line 381.
# ** Warning: ** while parsing file included at repo/tb/scoreboards/eth_rx_scoreboard/eth_rx_scoreboard_pkg.sv(33)
# ** while parsing macro expansion: 'uvm_error' starting at repo/tb/scoreboards/eth_rx_scoreboard/eth_rx_scoreboard.sv(380)
# ** at repo/tb/scoreboards/eth_rx_scoreboard/eth_rx_scoreboard.sv(380): (vlog-2643) Unterminated string literal continues onto next line.
# ** Warning: ** while parsing file included at repo/tb/scoreboards/eth_rx_scoreboard/eth_rx_scoreboard_pkg.sv(33)
# ** at repo/tb/scoreboards/eth_rx_scoreboard/eth_rx_scoreboard.sv(435): (vlog-2269) Unterminated string literal continues onto next line 435.
# ** Warning: ** while parsing file included at repo/tb/scoreboards/eth_rx_scoreboard/eth_rx_scoreboard_pkg.sv(33)
# ** while parsing macro expansion: 'uvm_info' starting at repo/tb/scoreboards/eth_rx_scoreboard/eth_rx_scoreboard.sv(434)
# ** at repo/tb/scoreboards/eth_rx_scoreboard/eth_rx_scoreboard.sv(434): (vlog-2643) Unterminated string literal continues onto next line.
# ** Warning: ** while parsing file included at repo/tb/scoreboards/eth_rx_scoreboard/eth_rx_scoreboard_pkg.sv(33)
# ** at repo/tb/scoreboards/eth_rx_scoreboard/eth_rx_scoreboard.sv(587): (vlog-2269) Unterminated string literal continues onto next line 587.
# ** Warning: ** while parsing file included at repo/tb/scoreboards/eth_rx_scoreboard/eth_rx_scoreboard_pkg.sv(33)
# ** while parsing macro expansion: 'uvm_warning' starting at repo/tb/scoreboards/eth_rx_scoreboard/eth_rx_scoreboard.sv(586)
# ** at repo/tb/scoreboards/eth_rx_scoreboard/eth_rx_scoreboard.sv(586): (vlog-2643) Unterminated string literal continues onto next line.
# -- Compiling package eth_cov_pkg
# -- Compiling package eth_env_pkg
# -- Importing package eth_v_seq_sqr_pkg
# -- Importing package eth_tx_scoreboard_pkg
# -- Importing package eth_rx_scoreboard_pkg
# -- Importing package eth_cov_pkg
# -- Compiling package eth_test_tx_pkg
# -- Importing package eth_env_pkg
# -- Compiling module eth_clockgen
# -- Compiling module eth_cop
# -- Compiling module eth_crc
# -- Compiling module eth_fifo
# -- Compiling module eth_maccontrol
# -- Compiling module eth_macstatus
# -- Compiling module eth_miim
# -- Compiling module eth_outputcontrol
# -- Compiling module eth_random
# -- Compiling module eth_receivecontrol
# -- Compiling module eth_register
# -- Compiling module eth_registers
# -- Compiling module eth_rxaddrcheck
# -- Compiling module eth_rxcounters
# -- Compiling module eth_rxethmac
# -- Compiling module eth_rxstatem
# -- Compiling module eth_shiftreg
# -- Compiling module eth_spram_256x32
# -- Compiling module eth_top
# -- Compiling module eth_transmitcontrol
# -- Compiling module eth_txcounters
# -- Compiling module eth_txethmac
# -- Compiling module eth_txstatem
# -- Compiling module eth_wishbone
# -- Compiling module eth_tb
# -- Importing package eth_test_tx_pkg
# 
# Top level modules:
# 	eth_cop
# 	eth_tb
# End time: 01:03:56 on Jul 14,2026, Elapsed time: 0:00:02
# Errors: 0, Warnings: 16
# End time: 01:03:56 on Jul 14,2026, Elapsed time: 0:00:53
# Errors: 0, Warnings: 15
# vsim -c -voptargs="+acc" work.eth_tb -coverage -classdebug -uvmcontrol=all "+uvm_set_verbosity=uvm_test_top.m_env.*,_ALL_,UVM_MEDIUM,time,0" "+UVM_TESTNAME=eth_test_tx_smoke" -onfinish stop -do "run -all; coverage save repo/results/tx/coverage/smoke_func_cov.ucdb -cvg -directive -assert;" 
# Start time: 01:03:56 on Jul 14,2026
# ** Note: (vsim-8009) Loading existing optimized design _opt5
# Loading sv_std.std
# Loading work.wb_m_if(fast)
# Loading work.wb_s_if(fast)
# Loading work.mii_tx_if(fast)
# Loading mtiUvm.uvm_pkg(fast)
# Loading work.eth_glob_pkg(fast)
# Loading work.mii_rx_seq_item_pkg(fast)
# Loading work.mii_tx_seq_item_pkg(fast)
# Loading work.wb_m_seq_item_pkg(fast)
# Loading work.wb_s_seq_item_pkg(fast)
# Loading work.eth_ral_pkg(fast)
# Loading work.eth_cov_pkg(fast)
# Loading work.mdio_if(fast)
# Loading work.mii_rx_if(fast)
# Loading work.eth_config_pkg(fast)
# Loading work.eth_rx_scoreboard_pkg(fast)
# Loading work.eth_tx_scoreboard_pkg(fast)
# Loading work.wb_s_seq_pkg(fast)
# Loading work.wb_m_agent_pkg(fast)
# Loading work.wb_m_seq_pkg(fast)
# Loading work.mii_rx_agent_pkg(fast)
# Loading work.mii_tx_agent_pkg(fast)
# Loading work.wb_s_agent_pkg(fast)
# Loading work.eth_v_seq_sqr_pkg(fast)
# Loading work.eth_env_pkg(fast)
# Loading work.eth_test_tx_pkg(fast)
# Loading mtiUvm.questa_uvm_pkg(fast)
# Loading work.eth_tb(fast)
# Loading work.wb_s_if(fast__2)
# Loading work.mii_rx_if(fast__2)
# Loading work.wb_m_if(fast__2)
# Loading work.mii_tx_if(fast__2)
# Loading work.eth_top(fast)
# Loading work.eth_miim(fast)
# Loading work.eth_clockgen(fast)
# Loading work.eth_shiftreg(fast)
# Loading work.eth_outputcontrol(fast)
# Loading work.eth_registers(fast)
# Loading work.eth_register(fast)
# Loading work.eth_register(fast__1)
# Loading work.eth_register(fast__2)
# Loading work.eth_register(fast__3)
# Loading work.eth_register(fast__4)
# Loading work.eth_register(fast__5)
# Loading work.eth_register(fast__6)
# Loading work.eth_register(fast__7)
# Loading work.eth_register(fast__8)
# Loading work.eth_register(fast__9)
# Loading work.eth_register(fast__10)
# Loading work.eth_register(fast__11)
# Loading work.eth_register(fast__12)
# Loading work.eth_register(fast__13)
# Loading work.eth_register(fast__14)
# Loading work.eth_maccontrol(fast)
# Loading work.eth_receivecontrol(fast)
# Loading work.eth_transmitcontrol(fast)
# Loading work.eth_txethmac(fast)
# Loading work.eth_txcounters(fast)
# Loading work.eth_txstatem(fast)
# Loading work.eth_crc(fast)
# Loading work.eth_random(fast)
# Loading work.eth_rxethmac(fast)
# Loading work.eth_rxstatem(fast)
# Loading work.eth_rxcounters(fast)
# Loading work.eth_rxaddrcheck(fast)
# Loading work.eth_crc(fast__1)
# Loading work.eth_wishbone(fast)
# Loading work.eth_spram_256x32(fast)
# Loading work.eth_fifo(fast)
# Loading work.eth_macstatus(fast)
# ** Warning: (vsim-8441) Clocking block output vif.cb_mii_tx.MColl is not legal in this
# or another expression.
#    Time: 0 ps  Iteration: 0  Region: /mii_tx_agent_pkg File: repo/tb/agents/mii_tx/mii_tx_monitor_base.sv Line: 69
# ** Warning: (vsim-8441) Clocking block output vif.cb_mii_tx.MCrS is not legal in this
# or another expression.
#    Time: 0 ps  Iteration: 0  Region: /mii_tx_agent_pkg File: repo/tb/agents/mii_tx/mii_tx_monitor_base.sv Line: 70
# ** Warning: (vsim-8441) Clocking block output vif.cb_mii_tx.MCrS is not legal in this
# or another expression.
#    Time: 0 ps  Iteration: 0  Region: /mii_tx_agent_pkg File: repo/tb/agents/mii_tx/mii_tx_monitor_base.sv Line: 70
# ** Warning: (vsim-8441) Clocking block output vif.cb_mii_tx.MColl is not legal in this
# or another expression.
#    Time: 0 ps  Iteration: 0  Region: /mii_tx_agent_pkg File: repo/tb/agents/mii_tx/mii_tx_monitor_base.sv Line: 69
# Loading D:/B/qsim_2021_1/uvm-1.1d\win64\uvm_dpi.dll
# run -all
# ----------------------------------------------------------------
# UVM-1.1d
# (C) 2007-2013 Mentor Graphics Corporation
# (C) 2007-2013 Cadence Design Systems, Inc.
# (C) 2006-2013 Synopsys, Inc.
# (C) 2011-2013 Cypress Semiconductor Corp.
# ----------------------------------------------------------------
# 
#   ***********       IMPORTANT RELEASE NOTES         ************
# 
#   You are using a version of the UVM library that has been compiled
#   with `UVM_NO_DEPRECATED undefined.
#   See http://www.eda.org/svdb/view.php?id=3313 for more details.
# 
#   You are using a version of the UVM library that has been compiled
#   with `UVM_OBJECT_MUST_HAVE_CONSTRUCTOR undefined.
#   See http://www.eda.org/svdb/view.php?id=3770 for more details.
# 
#       (Specify +UVM_NO_RELNOTES to turn off this notice)
# 
# UVM_INFO verilog_src/questa_uvm_pkg-1.2/src/questa_uvm_pkg.sv(277) @ 0: reporter [Questa UVM] QUESTA_UVM-1.2.3
# UVM_INFO verilog_src/questa_uvm_pkg-1.2/src/questa_uvm_pkg.sv(278) @ 0: reporter [Questa UVM]  questa_uvm::init(all)
# UVM_INFO @ 0: reporter [RNTST] Running test eth_test_tx_smoke...
# UVM_INFO repo/tb/tests/eth_tests_tx/eth_test_tx_base.sv(22) @ 0: uvm_test_top [eth_test_tx_smoke] start of build_phase
# ** Warning: (vsim-3881) repo/tb/coverage/eth_cov_tx.sv(324): Width conversion applied in bin 'bd_config' for Coverpoint 'cp_bd_cfg'. Value '63' changed to '31 (maximum)' value.
#    Time: 0 ps  Iteration: 7  Region: /uvm_pkg::uvm_phase::m_run_phases
# ** Warning: (vsim-3882) repo/tb/coverage/eth_cov_tx.sv(324): Out of bounds value range in bin 'bd_config' for Coverpoint 'cp_bd_cfg' converted to nearest valid bounded range of [0:31].
#    Time: 0 ps  Iteration: 7  Region: /uvm_pkg::uvm_phase::m_run_phases
# ** Warning: (vsim-8474) A higher value '32' is found in bin 'bd_pad' of Coverpoint 'cp_bd_cfg'. It is invalid and will be ignored.
#    Time: 0 ps  Iteration: 7  Process: /uvm_pkg::uvm_phase::m_run_phases/#FORK#1847_4f649982 File: repo/tb/coverage/eth_cov_tx.sv Line: 326
# ** Warning: (vsim-8474) A higher value '34' is found in bin 'bd_pad' of Coverpoint 'cp_bd_cfg'. It is invalid and will be ignored.
#    Time: 0 ps  Iteration: 7  Process: /uvm_pkg::uvm_phase::m_run_phases/#FORK#1847_4f649982 File: repo/tb/coverage/eth_cov_tx.sv Line: 326
# ** Warning: (vsim-8474) A higher value '32' is found in bin 'bd_crc' of Coverpoint 'cp_bd_cfg'. It is invalid and will be ignored.
#    Time: 0 ps  Iteration: 7  Process: /uvm_pkg::uvm_phase::m_run_phases/#FORK#1847_4f649982 File: repo/tb/coverage/eth_cov_tx.sv Line: 328
# ** Warning: (vsim-8474) A higher value '33' is found in bin 'bd_crc' of Coverpoint 'cp_bd_cfg'. It is invalid and will be ignored.
#    Time: 0 ps  Iteration: 7  Process: /uvm_pkg::uvm_phase::m_run_phases/#FORK#1847_4f649982 File: repo/tb/coverage/eth_cov_tx.sv Line: 328
# ** Warning: (vsim-8474) A higher value '40' is found in bin 'rl' of Coverpoint 'cp_bd_stat'. It is invalid and will be ignored.
#    Time: 0 ps  Iteration: 7  Process: /uvm_pkg::uvm_phase::m_run_phases/#FORK#1847_4f649982 File: repo/tb/coverage/eth_cov_tx.sv Line: 413
# ** Warning: (vsim-8474) A higher value '36' is found in bin 'lc' of Coverpoint 'cp_bd_stat'. It is invalid and will be ignored.
#    Time: 0 ps  Iteration: 7  Process: /uvm_pkg::uvm_phase::m_run_phases/#FORK#1847_4f649982 File: repo/tb/coverage/eth_cov_tx.sv Line: 415
# ** Warning: (vsim-8474) A higher value '34' is found in bin 'df' of Coverpoint 'cp_bd_stat'. It is invalid and will be ignored.
#    Time: 0 ps  Iteration: 7  Process: /uvm_pkg::uvm_phase::m_run_phases/#FORK#1847_4f649982 File: repo/tb/coverage/eth_cov_tx.sv Line: 417
# UVM_INFO repo/tb/agents/mii_tx/mii_tx_agent.sv(51) @ 0: uvm_test_top.m_env.m_mii_tx_agent [build_phase] agent passive
# UVM_INFO repo/tb/agents/mii_tx/mii_tx_agent.sv(68) @ 0: uvm_test_top.m_env.m_mii_tx_agent [connect_phase] agent passive
# UVM_INFO repo/tb/tests/eth_tests_tx/eth_test_tx_base.sv(50) @ 0: uvm_test_top [eth_test_tx_smoke] start of sim phase
# ---------------------------------------------------------------------------------
# Name                          Type                                    Size  Value
# ---------------------------------------------------------------------------------
# uvm_test_top                  eth_test_tx_smoke                       -     @488 
#   m_env                       eth_env_tx                              -     @508 
#     m_cov_tx                  eth_cov_tx                              -     @822 
#       mii_tx_export           uvm_analysis_export                     -     @986 
#         recording_detail      integral                                32    'd1  
#       mii_tx_fifo             uvm_tlm_analysis_fifo #(T)              -     @923 
#         analysis_export       uvm_analysis_imp                        -     @962 
#           recording_detail    integral                                32    'd1  
#         get_ap                uvm_analysis_port                       -     @954 
#           recording_detail    integral                                32    'd1  
#         get_peek_export       uvm_get_peek_imp                        -     @938 
#           recording_detail    integral                                32    'd1  
#         put_ap                uvm_analysis_port                       -     @946 
#           recording_detail    integral                                32    'd1  
#         put_export            uvm_put_imp                             -     @930 
#           recording_detail    integral                                32    'd1  
#         recording_detail      integral                                32    'd1  
#       wb_m_export             uvm_analysis_export                     -     @970 
#         recording_detail      integral                                32    'd1  
#       wb_m_fifo               uvm_tlm_analysis_fifo #(T)              -     @829 
#         analysis_export       uvm_analysis_imp                        -     @868 
#           recording_detail    integral                                32    'd1  
#         get_ap                uvm_analysis_port                       -     @860 
#           recording_detail    integral                                32    'd1  
#         get_peek_export       uvm_get_peek_imp                        -     @844 
#           recording_detail    integral                                32    'd1  
#         put_ap                uvm_analysis_port                       -     @852 
#           recording_detail    integral                                32    'd1  
#         put_export            uvm_put_imp                             -     @836 
#           recording_detail    integral                                32    'd1  
#         recording_detail      integral                                32    'd1  
#       wb_s_export             uvm_analysis_export                     -     @978 
#         recording_detail      integral                                32    'd1  
#       wb_s_fifo               uvm_tlm_analysis_fifo #(T)              -     @876 
#         analysis_export       uvm_analysis_imp                        -     @915 
#           recording_detail    integral                                32    'd1  
#         get_ap                uvm_analysis_port                       -     @907 
#           recording_detail    integral                                32    'd1  
#         get_peek_export       uvm_get_peek_imp                        -     @891 
#           recording_detail    integral                                32    'd1  
#         put_ap                uvm_analysis_port                       -     @899 
#           recording_detail    integral                                32    'd1  
#         put_export            uvm_put_imp                             -     @883 
#           recording_detail    integral                                32    'd1  
#         recording_detail      integral                                32    'd1  
#       recording_detail        integral                                32    'd1  
#     m_mii_tx_agent            mii_tx_agent                            -     @808 
#       agent_a_port            uvm_analysis_port                       -     @1003
#         recording_detail      integral                                32    'd1  
#       m_monitor               mii_tx_monitor_base                     -     @996 
#         monitor_tr_a_port     uvm_analysis_port                       -     @1011
#           recording_detail    integral                                32    'd1  
#         recording_detail      integral                                32    'd1  
#       recording_detail        integral                                32    'd1  
#     m_predictor               uvm_reg_predictor #(uvm_sequence_item)  -     @779 
#       bus_in                  uvm_analysis_imp                        -     @786 
#         recording_detail      integral                                32    'd1  
#       reg_ap                  uvm_analysis_port                       -     @794 
#         recording_detail      integral                                32    'd1  
#       recording_detail        integral                                32    'd1  
#     m_tx_sb                   eth_tx_scoreboard                       -     @815 
#       mii_tx_export           uvm_analysis_export                     -     @1121
#         recording_detail      integral                                32    'd1  
#       mii_tx_fifo             uvm_tlm_analysis_fifo #(T)              -     @1066
#         analysis_export       uvm_analysis_imp                        -     @1105
#           recording_detail    integral                                32    'd1  
#         get_ap                uvm_analysis_port                       -     @1097
#           recording_detail    integral                                32    'd1  
#         get_peek_export       uvm_get_peek_imp                        -     @1081
#           recording_detail    integral                                32    'd1  
#         put_ap                uvm_analysis_port                       -     @1089
#           recording_detail    integral                                32    'd1  
#         put_export            uvm_put_imp                             -     @1073
#           recording_detail    integral                                32    'd1  
#         recording_detail      integral                                32    'd1  
#       wb_m_export             uvm_analysis_export                     -     @1113
#         recording_detail      integral                                32    'd1  
#       wb_m_fifo               uvm_tlm_analysis_fifo #(T)              -     @1019
#         analysis_export       uvm_analysis_imp                        -     @1058
#           recording_detail    integral                                32    'd1  
#         get_ap                uvm_analysis_port                       -     @1050
#           recording_detail    integral                                32    'd1  
#         get_peek_export       uvm_get_peek_imp                        -     @1034
#           recording_detail    integral                                32    'd1  
#         put_ap                uvm_analysis_port                       -     @1042
#           recording_detail    integral                                32    'd1  
#         put_export            uvm_put_imp                             -     @1026
#           recording_detail    integral                                32    'd1  
#         recording_detail      integral                                32    'd1  
#       wb_s_imp                uvm_analysis_imp                        -     @1129
#         recording_detail      integral                                32    'd1  
#       recording_detail        integral                                32    'd1  
#     m_v_sqr                   eth_v_sequencer                         -     @522 
#       rsp_export              uvm_analysis_export                     -     @529 
#         recording_detail      integral                                32    'd1  
#       seq_item_export         uvm_seq_item_pull_imp                   -     @623 
#         recording_detail      integral                                32    'd1  
#       recording_detail        integral                                32    'd1  
#       arbitration_queue       array                                   0     -    
#       lock_queue              array                                   0     -    
#       num_last_reqs           integral                                32    'd1  
#       num_last_rsps           integral                                32    'd1  
#     m_wb_m_agent              wb_m_agent                              -     @638 
#       a_port                  uvm_analysis_port                       -     @1284
#         recording_detail      integral                                32    'd1  
#       m_driver                wb_m_driver_base                        -     @1254
#         rsp_port              uvm_analysis_port                       -     @1269
#           recording_detail    integral                                32    'd1  
#         seq_item_port         uvm_seq_item_pull_port                  -     @1261
#           recording_detail    integral                                32    'd1  
#         recording_detail      integral                                32    'd1  
#       m_monitor               wb_m_monitor_base                       -     @1277
#         request_a_port        uvm_analysis_port                       -     @1300
#           recording_detail    integral                                32    'd1  
#         transaction_a_port    uvm_analysis_port                       -     @1292
#           recording_detail    integral                                32    'd1  
#         recording_detail      integral                                32    'd1  
#       m_sequencer             wb_m_sequencer_base                     -     @1145
#         request_export        uvm_analysis_export                     -     @1360
#           recording_detail    integral                                32    'd1  
#         request_fifo          uvm_tlm_analysis_fifo #(T)              -     @1313
#           analysis_export     uvm_analysis_imp                        -     @1352
#             recording_detail  integral                                32    'd1  
#           get_ap              uvm_analysis_port                       -     @1344
#             recording_detail  integral                                32    'd1  
#           get_peek_export     uvm_get_peek_imp                        -     @1328
#             recording_detail  integral                                32    'd1  
#           put_ap              uvm_analysis_port                       -     @1336
#             recording_detail  integral                                32    'd1  
#           put_export          uvm_put_imp                             -     @1320
#             recording_detail  integral                                32    'd1  
#           recording_detail    integral                                32    'd1  
#         rsp_export            uvm_analysis_export                     -     @1152
#           recording_detail    integral                                32    'd1  
#         seq_item_export       uvm_seq_item_pull_imp                   -     @1246
#           recording_detail    integral                                32    'd1  
#         recording_detail      integral                                32    'd1  
#         arbitration_queue     array                                   0     -    
#         lock_queue            array                                   0     -    
#         num_last_reqs         integral                                32    'd1  
#         num_last_rsps         integral                                32    'd1  
#       recording_detail        integral                                32    'd1  
#     m_wb_s_agent              wb_s_agent                              -     @631 
#       a_port                  uvm_analysis_port                       -     @1513
#         recording_detail      integral                                32    'd1  
#       m_driver                wb_s_driver_base                        -     @1483
#         rsp_port              uvm_analysis_port                       -     @1498
#           recording_detail    integral                                32    'd1  
#         seq_item_port         uvm_seq_item_pull_port                  -     @1490
#           recording_detail    integral                                32    'd1  
#         recording_detail      integral                                32    'd1  
#       m_monitor               wb_s_monitor_base                       -     @1506
#         a_port                uvm_analysis_port                       -     @1523
#           recording_detail    integral                                32    'd1  
#         bd_status_ap          uvm_analysis_port                       -     @1531
#           recording_detail    integral                                32    'd1  
#         recording_detail      integral                                32    'd1  
#       m_sequencer             wb_s_sequencer_base                     -     @1374
#         rsp_export            uvm_analysis_export                     -     @1381
#           recording_detail    integral                                32    'd1  
#         seq_item_export       uvm_seq_item_pull_imp                   -     @1475
#           recording_detail    integral                                32    'd1  
#         recording_detail      integral                                32    'd1  
#         arbitration_queue     array                                   0     -    
#         lock_queue            array                                   0     -    
#         num_last_reqs         integral                                32    'd1  
#         num_last_rsps         integral                                32    'd1  
#       recording_detail        integral                                32    'd1  
#     recording_detail          integral                                32    'd1  
#   recording_detail            integral                                32    'd1  
# ---------------------------------------------------------------------------------
# 
#### Factory Configuration (*)
# 
# No instance overrides are registered with this factory
# 
# Type Overrides:
# 
#   Requested Type  Override Type    
#   --------------  -----------------
#   wb_m_seq_base   wb_m_seq_wr_rd
#   wb_s_seq_base   wb_s_basic_tx_seq
# 
# All types registered with the factory: 111 total
# (types without type names will not be printed)
# 
#   Type Name
#   ---------
#   bd_mem
#   dma_mem
#   eth_collconf_reg
#   eth_cov_tx
#   eth_ctrlmoder_reg
#   eth_env_base
#   eth_env_config_obj
#   eth_env_rx
#   eth_env_tx
#   eth_hash0_reg
#   eth_hash1_reg
#   eth_int_mask_reg
#   eth_int_source_reg
#   eth_ipgr1_reg
#   eth_ipgr2_reg
#   eth_ipgt_reg
#   eth_mac_addr0_reg
#   eth_mac_addr1_reg
#   eth_miiaddress_reg
#   eth_miicommand_reg
#   eth_miimoder_reg
#   eth_miirx_data_reg
#   eth_miistatus_reg
#   eth_miitx_data_reg
#   eth_moder_reg
#   eth_packetlen_reg
#   eth_reg_block
#   eth_rx_scoreboard
#   eth_test_tx_base
#   eth_test_tx_smoke
#   eth_tx_bd_num_reg
#   eth_tx_scoreboard
#   eth_tx_scoreboard_config_obj
#   eth_txctrl_reg
#   eth_v_seq_base
#   eth_v_seq_tx
#   eth_v_sequencer
#   eth_wb_adapter
#   mdio_config_obj
#   mii_rx_agent
#   mii_rx_config_obj
#   mii_rx_driver_base
#   mii_rx_monitor_base
#   mii_rx_seq_item
#   mii_rx_sequencer_base
#   mii_tx_agent
#   mii_tx_config_obj
#   mii_tx_driver_base
#   mii_tx_monitor_base
#   mii_tx_seq_item_base
#   mii_tx_sequencer_base
#   questa_uvm_recorder
#   wb_m_agent
#   wb_m_config_obj
#   wb_m_driver_base
#   wb_m_monitor_base
#   wb_m_seq_base
#   wb_m_seq_item_base
#   wb_m_seq_smoke
#   wb_m_seq_wr_rd
#   wb_m_sequencer_base
#   wb_s_agent
#   wb_s_basic_tx_seq
#   wb_s_config_obj
#   wb_s_control_frame_tx_seq
#   wb_s_driver_base
#   wb_s_monitor_base
#   wb_s_seq_base
#   wb_s_sequencer_base
# (*) Types with no associated type name will be printed as <unknown>
# 
####
# 
# **************************************************************************
# * Questa UVM Transaction Recording Turned ON.                            *
# * recording_detail has been set.                                         *
# *  To turn off, set 'recording_detail' to off:                           *
# * uvm_config_db#(int)            ::set(null, "", "recording_detail", 0); *
# * uvm_config_db#(uvm_bitstream_t)::set(null, "", "recording_detail", 0); *
# **************************************************************************
# ** Warning: (vsim-WLF-5000) WLF file currently in use: vsim.wlf
#           File in use by: mwael  Hostname: MOHAMMAD-LAPTOP  ProcessID: 10104
#           Attempting to use alternate WLF file "./wlfts3znzy".
# ** Warning: (vsim-WLF-5001) Could not open WLF file: vsim.wlf
#           Using alternate file: ./wlfts3znzy
# UVM_INFO repo/tb/scoreboards/eth_tx_scoreboard/eth_tx_scoreboard.sv(412) @ 0: uvm_test_top.m_env.m_tx_sb [eth_tx_scoreboard] Tx scoreboard raised objection
# UVM_INFO repo/tb/virtual_seq_sqr/eth_v_seq_tx.sv(16) @ 0: uvm_test_top.m_env.m_v_sqr@@m_v_seq_tx [eth_v_seq_tx] Executing virtual sequence
# UVM_INFO repo/tb/agents/wb_s/wb_s_driver_base.sv(65) @ 2500: uvm_test_top.m_env.m_wb_s_agent.m_driver [wb_s_driver_base] Driving transaction: addr=0x100 dir=WRITE sel=0xf wdata=0x50b800 rdata=0x0 ack=0 err=0 inta=0
# UVM_INFO repo/tb/agents/wb_m/wb_m_monitor_base.sv(101) @ 50000: uvm_test_top.m_env.m_wb_m_agent.m_monitor [wb_m_monitor_base] Begin monitoring after reset deassertion
# UVM_INFO repo/tb/agents/mii_tx/mii_tx_monitor_base.sv(58) @ 50000: uvm_test_top.m_env.m_mii_tx_agent.m_monitor [mii_tx_monitor_base] Begin monitoring after reset deassertion
# UVM_INFO repo/tb/agents/wb_s/wb_s_driver_base.sv(65) @ 77500: uvm_test_top.m_env.m_wb_s_agent.m_driver [wb_s_driver_base] Driving transaction: addr=0x101 dir=WRITE sel=0xf wdata=0x1000 rdata=0x0 ack=0 err=0 inta=0
# UVM_INFO repo/tb/sequences/wb_s_seq/wb_s_basic_tx_seq.sv(241) @ 117500: uvm_test_top.m_env.m_wb_s_agent.m_sequencer@@m_wb_s_seq_base [TX_CONFIG]  Configuring TX BD[0] - LEN=0x0050, PTR=0x00001000, IRQ=0, WR=1, PAD=1, CRC=1
# UVM_INFO repo/tb/sequences/wb_s_seq/wb_s_basic_tx_seq.sv(144) @ 117500: uvm_test_top.m_env.m_wb_s_agent.m_sequencer@@m_wb_s_seq_base [TX_CONFIG] Configuring TX registers
# UVM_INFO repo/tb/agents/wb_s/wb_s_driver_base.sv(65) @ 117500: uvm_test_top.m_env.m_wb_s_agent.m_driver [wb_s_driver_base] Driving transaction: addr=0x3 dir=WRITE sel=0xf wdata=0x12 rdata=0x0 ack=0 err=0 inta=0
# UVM_INFO repo/tb/agents/wb_s/wb_s_driver_base.sv(65) @ 147500: uvm_test_top.m_env.m_wb_s_agent.m_driver [wb_s_driver_base] Driving transaction: addr=0x4 dir=WRITE sel=0xf wdata=0xc rdata=0x0 ack=0 err=0 inta=0
# UVM_INFO repo/tb/agents/wb_s/wb_s_driver_base.sv(65) @ 172500: uvm_test_top.m_env.m_wb_s_agent.m_driver [wb_s_driver_base] Driving transaction: addr=0x5 dir=WRITE sel=0xf wdata=0x12 rdata=0x0 ack=0 err=0 inta=0
# UVM_INFO repo/tb/agents/wb_s/wb_s_driver_base.sv(65) @ 197500: uvm_test_top.m_env.m_wb_s_agent.m_driver [wb_s_driver_base] Driving transaction: addr=0x6 dir=WRITE sel=0xf wdata=0x4005ee rdata=0x0 ack=0 err=0 inta=0
# UVM_INFO repo/tb/agents/wb_s/wb_s_driver_base.sv(65) @ 222500: uvm_test_top.m_env.m_wb_s_agent.m_driver [wb_s_driver_base] Driving transaction: addr=0x8 dir=WRITE sel=0xf wdata=0x1 rdata=0x0 ack=0 err=0 inta=0
# UVM_INFO repo/tb/agents/wb_s/wb_s_driver_base.sv(65) @ 247500: uvm_test_top.m_env.m_wb_s_agent.m_driver [wb_s_driver_base] Driving transaction: addr=0x11 dir=WRITE sel=0xf wdata=0x815e rdata=0x0 ack=0 err=0 inta=0
# UVM_INFO repo/tb/agents/wb_s/wb_s_driver_base.sv(65) @ 272500: uvm_test_top.m_env.m_wb_s_agent.m_driver [wb_s_driver_base] Driving transaction: addr=0x10 dir=WRITE sel=0xf wdata=0x9d68484 rdata=0x0 ack=0 err=0 inta=0
# UVM_INFO repo/tb/agents/wb_s/wb_s_driver_base.sv(65) @ 297500: uvm_test_top.m_env.m_wb_s_agent.m_driver [wb_s_driver_base] Driving transaction: addr=0x0 dir=WRITE sel=0xf wdata=0xa402 rdata=0x0 ack=0 err=0 inta=0
# UVM_INFO repo/tb/sequences/wb_s_seq/wb_s_basic_tx_seq.sv(194) @ 322500: uvm_test_top.m_env.m_wb_s_agent.m_sequencer@@m_wb_s_seq_base [TX_CONFIG] MODER: FULLD=1, TXEN=1, NOPRE=0, CRCEN=1, PAD=1, HUGEN=0, NOBCKOF=0
# UVM_INFO repo/tb/sequences/wb_s_seq/wb_s_basic_tx_seq.sv(112) @ 322500: uvm_test_top.m_env.m_wb_s_agent.m_sequencer@@m_wb_s_seq_base [wb_s_basic_tx_seq] Basic TX configuration completed
# UVM_INFO repo/tb/scoreboards/eth_tx_scoreboard/eth_tx_scoreboard.sv(819) @ 322500: uvm_test_top.m_env.m_tx_sb [eth_tx_scoreboard] TXEN asserted
# UVM_INFO repo/tb/scoreboards/eth_tx_scoreboard/eth_tx_scoreboard.sv(1186) @ 322500: uvm_test_top.m_env.m_tx_sb [eth_tx_scoreboard] TX BD[0] LEN=80 RD=1 IRQ=0 WR=1 PAD=1 CRC=1 PTR=0x00001000
# UVM_INFO repo/tb/virtual_seq_sqr/eth_v_seq_tx.sv(26) @ 322500: uvm_test_top.m_env.m_v_sqr@@m_v_seq_tx [eth_v_seq_tx] virtual sequence completed
# UVM_INFO repo/tb/scoreboards/eth_tx_scoreboard/eth_tx_scoreboard.sv(1281) @ 940000: uvm_test_top.m_env.m_tx_sb [eth_tx_scoreboard] Comp_pack: MTXEN asserted
# UVM_INFO repo/tb/scoreboards/eth_tx_scoreboard/eth_tx_scoreboard.sv(904) @ 8268100: uvm_test_top.m_env.m_tx_sb [eth_tx_scoreboard] TX BD[0] completed
# UVM_INFO repo/tb/scoreboards/eth_tx_scoreboard/eth_tx_scoreboard.sv(1353) @ 8300000: uvm_test_top.m_env.m_tx_sb [eth_tx_scoreboard] Captured 92 bytes from MII
# UVM_INFO repo/tb/scoreboards/eth_tx_scoreboard/eth_tx_scoreboard.sv(1520) @ 8300000: uvm_test_top.m_env.m_tx_sb [eth_tx_scoreboard] Packet comparison PASSED (92 bytes)
# UVM_INFO repo/tb/scoreboards/eth_tx_scoreboard/eth_tx_scoreboard.sv(432) @ 8300200: uvm_test_top.m_env.m_tx_sb [eth_tx_scoreboard] Tx scoreboard dropped objection
# UVM_INFO verilog_src/uvm-1.1d/src/base/uvm_objection.svh(1267) @ 8300200: reporter [TEST_DONE] 'run' phase is ready to proceed to the 'extract' phase
# UVM_INFO repo/tb/agents/wb_m/wb_m_driver_base.sv(108) @ 8300200: uvm_test_top.m_env.m_wb_m_agent.m_driver [wb_m_driver_base] Drived 1650 active transactions
# UVM_INFO repo/tb/agents/wb_m/wb_m_monitor_base.sv(130) @ 8300200: uvm_test_top.m_env.m_wb_m_agent.m_monitor [wb_m_monitor_base] Monitored 1650 TRANSACTIONS
# 
# --- UVM Report Summary ---
# 
# ** Report counts by severity
# UVM_INFO :   36
# UVM_WARNING :    0
# UVM_ERROR :    0
# UVM_FATAL :    0
# ** Report counts by id
# [Questa UVM]     2
# [RNTST]     1
# [TEST_DONE]     1
# [TX_CONFIG]     3
# [build_phase]     1
# [connect_phase]     1
# [eth_test_tx_smoke]     2
# [eth_tx_scoreboard]     8
# [eth_v_seq_tx]     2
# [mii_tx_monitor_base]     1
# [wb_m_driver_base]     1
# [wb_m_monitor_base]     2
# [wb_s_basic_tx_seq]     1
# [wb_s_driver_base]    10
# ** Note: $finish    : D:/B/qsim_2021_1/win64/../verilog_src/uvm-1.1d/src/base/uvm_root.svh(430)
#    Time: 8300200 ps  Iteration: 57  Instance: /eth_tb
# Break in Task uvm_pkg/uvm_root::run_test at D:/B/qsim_2021_1/win64/../verilog_src/uvm-1.1d/src/base/uvm_root.svh line 430
# Stopped at D:/B/qsim_2021_1/win64/../verilog_src/uvm-1.1d/src/base/uvm_root.svh line 430
#  coverage save repo/results/tx/coverage/smoke_func_cov.ucdb -cvg -directive -assert
# 
# repo/results/tx/log/smoke_tx.log
# QuestaSim-64 vcover 2021.1 Coverage Utility 2021.01 Jan 19 2021
# Start time: 01:04:27 on Jul 14,2026
# vcover report smoke_func_cov.ucdb -details -annotate -all -output repo/results/tx/coverage/smoke_func_coverage_rpt.txt 
# End time: 01:04:27 on Jul 14,2026, Elapsed time: 0:00:00
# Errors: 0, Warnings: 0
# Cannot open macro file: scripts/run_nopre.tcl
